Workbook
Name Banco_Tipologias: Banco_Tipologias!$C$4:$N$17
Name colunaclasses: Simulações!$BS$2:$BS$25
Name ilumatic: '[1]Banco de dados (2)'!#REF!
Name ilumatic: 'Banco de dados'!#REF!
Name philips: '[1]Banco de dados (2)'!#REF!
Name philips: 'Banco de dados'!#REF!
Name red_global: '[1]Banco de dados (2)'!#REF!
Name red_global: 'Banco de dados'!#REF!
Name red_juganu: '[1]Banco de dados (2)'!#REF!
Name red_juganu: 'Banco de dados'!#REF!
Name red_philips: '[1]Banco de dados (2)'!#REF!
Name red_philips: 'Banco de dados'!#REF!
Name red_repume: '[1]Banco de dados (2)'!#REF!
Name red_repume: 'Banco de dados'!#REF!
Name red_tecno: '[1]Banco de dados (2)'!#REF!
Name red_tecno: 'Banco de dados'!#REF!
Name redglobal: '[1]Banco de dados (2)'!#REF!
Name redglobal: 'Banco de dados'!#REF!
Name tecnowat: '[1]Banco de dados (2)'!#REF!
Name tecnowat: 'Banco de dados'!#REF!

Sheet DefiniçãoFornecedores
D2: Estruturas
B3: Definição | D3: V1 | E3: V2 | F3: V3 | G3: V4 | H3: V5 | I3: Observação
B4: Fornecedor L1 | C4: Conexled | D4: 0 | E4: 0 | F4: 0 | G4: 0 | H4: 0 | I4: Não possui orçamento
B5: Fornecedor L2 | C5: Ilumatic | D5: 0 | E5: 0 | F5: 0 | G5: 0 | H5: 0 | I5: Não possui orçamento
B6: Fornecedor L3 | C6: Juganu | D6: 0 | E6: 0 | F6: 0 | G6: 0 | H6: 0 | I6: Possui orçamento, definir qual classe melhor atende
B7: Fornecedor L4 | C7: Philips | D7: 1 | E7: 1 | F7: 1 | G7: 1 | H7: 1 | I7: Não possui orçamento
B8: Fornecedor L5 | C8: Repume | D8: 0 | E8: 0 | F8: 0 | G8: 0 | H8: 0 | I8: Não possui orçamento
B9: Fornecedor L6 | C9: Tecnowatt | D9: 1 | E9: 1 | F9: 1 | G9: 1 | H9: 1 | I9: Possui orçamento, definir qual classe melhor atende
B10: Fornecedor L7 | C10: Unicoba | D10: 1 | E10: 1 | F10: 1 | G10: 1 | H10: 1 | I10: Possui orçamento, definir qual classe melhor atende
B11: Fornecedor L8 | C11: SX Lighting | D11: 0 | E11: 0 | F11: 0 | G11: 0 | H11: 0 | I11: Não possui orçamento

Sheet Simulações
A1: Observações | B1: Estrutura | C1: Concluído estrutura | D1: Simulação | E1: Concluído simulação | F1: ID | G1: Padrão | H1: Logradouro | I1: latitude | J1: longitude | K1: Classificação viária (Análise do Cadastro) | L1: Classificação ciclovia | M1: Classificação pedonal | N1: Tipo de lâmpada | O1: Potencia da lâmpada | P1: Potência Reator | Q1: Potencia 2o nivel | R1: POT TOTAL MALHA | S1: Faixas de Rodagem via C | T1: Largura Passeio 1 | U1: Largura Via 1 | V1: largura Passeio Central 1 | W1: largura Passeio Central 2 | X1: Largura Via 2 | Y1: largura Passeio 2 | Z1: largura Canteiro Central | AA1: largura Ciclovia 1 | AB1: largura Ciclovia 2 | AC1: estacionamento 1 | AD1: estacionamento 2 | AE1: posteacao | AF1: Tipo de estrutura | AG1: Distância entre postes | AH1: Altura da luminária | AI1: qtd de Lampadas IP Princ | AJ1: distancia Poste a via | AK1: projecao do braço | AL1: Pendor | AM1: Altura de Instalação | AN1: Projeção Vertical | AO1: Exclusivo | AP1: Quantidade de pontos inspecionados IP Veic | AQ1: qtd de Lampadas IP 2o nivel | AR1: Tipo de posteação 2o nivel | AS1: Distanciamento 2o nivel | AT1: Altura da luminaria 2o nivel | AU1: Projecao 2o nivel | AV1: Distancia poste-via 2o nivel | AW1: Quantidade de pontos inspecionados IP Sec | AX1: informacoes Adicionais | AY1: Emed - Norma | AZ1: U - Norma | BA1: Luminância Média Exigida | BB1: Uo Uniformidade Global Exigida | BC1: Uniformidade Longitudinal Exigida | BD1: Incremento Linear Exigido | BE1: Atendimento pleno à norma | BF1: Excesso de iluminância média IV | BG1: Excesso de Uniformidade IV | BH1: Excesso de luminância média IV | BI1: Iluminância Média | BJ1: Fator de Uniformidade | BK1: Luminância Média | BL1: Uniformidade Longitudinal | BM1: Incremento Linear (TI) | BN1: EIR | BO1: ATENDE TUDO - RUA SIMU | BP1: Atende à Iluminância Média | BQ1: Atende à Uniformidade Global Miníma | BR1: Atende à Luminância Média | BS1: Classe IV | BT1: Classe IP | BU1: Excesso de iluminância média P1 | BV1: Iluminância Média | BW1: Iluminância mínima horizontal E (lux) | BX1: Iluminância Média (Exigida) | BY1: Iluminância mínima horizontal E (lux) | BZ1: Atende à NBR 5101 - TUDO SIMU | CA1: Atende à Iluminância Média | CB1: Atende à Iluminância mínima horizontal | CC1: Classe IP | CD1: Excesso de iluminância média P2 | CE1: Iluminância Média | CF1: Iluminância mínima horizontal E (lux) | CG1: Iluminância Média (Exigida) | CH1: Iluminância mínima horizontal E (lux) exigida | CI1: Atende à NBR 5101 - TUDO SIMU P2 | CJ1: Atende à Iluminância Média | CK1: Atende à Iluminância mínima horizontal | CL1: Fornecedor | CM1: Código Luminária 1 | CN1: Luminária Simulada (IP Principal) | CO1: Código Luminária 2 | CP1: Luminária Simulada (IP Secundário) | CQ1: Pontos por poste (IP Principal) | CR1: Potência simulada - IP Principal (W) | CS1: Potência simulada - IP Secundário (W) | CT1: Fluxo Luminoso - IP Principal (lm) | CU1: Fluxo Luminoso - IP Secundário (lm) | CV1: Ângulo antigo | CW1: Ângulo Simulado | CX1: Braço Antigo | CY1: Braço Novo | CZ1: Projeção com alteração | DA1: Altura de luminária com alteração | DB1: Correção de Ponto Escuro (CPE) | DC1: Quantidade de pontos adicionados para via de veículo | DD1: Quantidade de pontos adicionados para via de pedestres | DE1: Observação CPE (Reduçao entre postes e/ou Tipo de Posteação) | DF1: obs conferência | DG1: rev conferência | DH1: IP PRINC SIM | DI1: IP SEC SIM | DJ1: TOTAL SIMULADO | DK1: Eficientização | DL1: Simulação | DM1: Conferência | DN1: Considerar na Extrapolação | DO1: Inspeção | DQ1: eficientização
A2: 0.5 - Projeção do braço segundo nível | B2: Alexandre | C2: ok | D2: Penelope | E2: ok | F2: 219474977 | G2: PVVP | H2: Avenida Caio Martins | I2: -19.565708 | J2: -44.078041 | K2: C1 | M2: P4 | N2: LED | O2: 80 | Q2: 60 | R2: 4 | S2: 2 | T2: 1.7 | U2: 7 | Y2: 1.7 | Z2: (7.5) 2.00 | AC2: 4.5 | AE2: Canteiro central | AF2: Braço | AG2: 37.8 | AH2: 7.8 | AI2: 1 | AJ2: 0.4 | AK2: 2.7 | AL2: =AK2-AJ2 -> 2.3 | AM2: - | AN2: - | AO2: Não | AP2: =IF(AE2="Unilateral",2*AI2,IF(AE2="Bilateral Alternada",3*AI2,IF(AE2="Bilateral Frontal",4*AI2,IF(AE2="Canteiro Central",2*AI2,"erro")))) -> 2 | AQ2: 0 | AR2: 0 | AS2: 0 | AT2: 0 | AU2: 0 | AV2: 0 | AW2: =IF(AQ2=0,0,IF(AE2="Unilateral",2*AQ2,IF(AE2="Bilateral Alternada",3*AQ2,IF(AE2="Bilateral Frontal",4*AQ2,IF(AE2="Canteiro Central",2*AQ2,"erro"))))) -> 0 | AY2: =VLOOKUP(K2,ABNT5101!$I$3:$J$9,2) -> 30 | AZ2: =VLOOKUP(K2,ABNT5101!$I$3:$M$9,5) -> 0.38 | BA2: =_xlfn.XLOOKUP(K2,ABNT5101!$I:$I,ABNT5101!$L:$L) -> - | BB2: =_xlfn.XLOOKUP(K2,ABNT5101!$I:$I,ABNT5101!M:M) -> 0.38 | BC2: =_xlfn.XLOOKUP(K2,ABNT5101!$I:$I,ABNT5101!N:N) -> - | BD2: =_xlfn.XLOOKUP(K2,ABNT5101!$I:$I,ABNT5101!O:O) -> 14 | BE2: =IF(BO2="NÃO ATENDE","NÃO ATENDE",IF(BZ2="NÃO ATENDE","NÃO ATENDE",IF(CI2="NÃO ATENDE","NÃO ATENDE","ATENDE"))) -> ATENDE | BF2: =BI2/AY2-1 -> 0.025 | BG2: =BJ2/AZ2-1 -> 0.42105263 | BH2: =IF($K2="M6",BK2/BA2-1,"-") -> - | BI2: 30.75 | BJ2: 0.54 | BO2: =IF(OR(BP2="NÃO ATENDE",BQ2="NÃO ATENDE",BR2="NÃO ATENDE"),"NÃO ATENDE","ATENDE") -> ATENDE | BP2: =IF(BI2>=AY2,"ATENDE",IF(BI2>=0.99*AY2,"ATENDIMENTO LIMIAR","NÃO ATENDE")) -> ATENDE | BQ2: =IF(BJ2>=AZ2,"ATENDE",IF(BJ2>=(AZ2-0.02),"ATENDIMENTO LIMIAR","NÃO ATENDE")) -> ATENDE | BR2: =IF(BA2="-","ATENDE",IF(BK2>=BA2,"ATENDE",IF(BK2>=(BA2-0.02),"ATENDIMENTO LIMIAR","NÃO ATENDE"))) -> ATENDE | BS2: =K2 -> C1 | BT2: =M2 -> P4 | BU2: =IF(BV2="-","-",BV2/BX2-1) -> 1.1653333 | BV2: 16.24 | BW2: 10.26 | BX2: =IF(BT2="-","-",_xlfn.XLOOKUP(BT2,ABNT5101!$B$4:$B$9,ABNT5101!$C$4:$C$9)) -> 7.5 | BY2: =IF(BT2="-","-",_xlfn.XLOOKUP(BT2,ABNT5101!$B$4:$B$9,ABNT5101!$D$4:$D$9)) -> 1.5 | BZ2: =IF(CA2="-","-",IF(CA2="NÃO ATENDE","NÃO ATENDE",IF(CB2="NÃO ATENDE","NÃO ATENDE","ATENDE"))) -> ATENDE | CA2: =IF(BT2="-","-",IF(BV2>=BX2,"ATENDE",IF(BV2>=(BX2*0.99),"ATENDIMENTO LIMIAR","NÃO ATENDE"))) -> ATENDE | CB2: =IF(BT2="-","-",IF(BW2>=BY2,"ATENDE","NÃO ATENDE")) -> ATENDE | CC2: =BT2 -> P4 | CD2: =IF(CE2="-","-",CE2/CG2-1) -> #DIV/0! | CE2: 16.24 | CF2: 10.28 | CI2: =IF(CJ2="-","-",IF(CJ2="NÃO ATENDE","NÃO ATENDE",IF(CK2="NÃO ATENDE","NÃO ATENDE","ATENDE"))) -> ATENDE | CJ2: =IF(CC2="-","-",IF(CE2>=(CG2),"ATENDE",IF(CE2>=(0.99*CG2),"ATENDIMENTO LIMIAR","NÃO ATENDE"))) -> ATENDE | CK2: =IF(CC2="-","-",IF(CF2>=CH2,"ATENDE","NÃO ATENDE")) -> ATENDE | CL2: =_xlfn.XLOOKUP(CM2,'Banco de dados'!$B:$B,'Banco de dados'!$D:$D) -> LEDSTAR | CM2: ='Banco de dados'!B28 -> SL VT 9.1 100W | CN2: =_xlfn.XLOOKUP(CM2,'Banco de dados'!$B:$B,'Banco de dados'!$E:$E) -> LUM LED SL VT 9.1 100W | CP2: =IF(CO2="-","-",_xlfn.XLOOKUP(CO2,'Banco de dados'!$B:$B,'Banco de dados'!$E:$E)) -> 0 | CQ2: =AI2 -> 1 | CR2: =_xlfn.XLOOKUP(CM2,'Banco de dados'!$B:$B,'Banco de dados'!$H:$H) -> 100 | CS2: =_xlfn.XLOOKUP(CO2,'Banco de dados'!$B:$B,'Banco de dados'!$H:$H) -> 0 | CT2: =_xlfn.XLOOKUP(CM2,'Banco de dados'!$B:$B,'Banco de dados'!$F:$F) -> 15900 | CU2: =_xlfn.XLOOKUP(CO2,'Banco de dados'!$B:$B,'Banco de dados'!$F:$F) -> 0 | CW2: 5 | CX2: =IF(AK2<=0.5,"Curto I",IF(AND(AK2>='Braços de IP'!$B$9,AK2<='Braços de IP'!$D$9),'Braços de IP'!$E$9,IF(AND(AK2>='Braços de IP'!$B$10,AK2<='Braços de IP'!$D$10),'Braços de IP'!$E$10,IF(AND(AK2>='Braços de IP'!$B$11,AK2<='Braços de IP'!$D$11),'Braços de IP'!$E$11,IF(AND(AK2>='Braços de IP'!$B$12,AK2<='Braços de IP'!$D$12),'Braços de IP'!$E$12,IF(AND(AK2>='Braços de IP'!$B$13,AK2<='Braços de IP'!$D$13),'Braços de IP'!$E$13,IF(AND(AK2>='Braços de IP'!$B$14,AK2<='Braços de IP'!$D$14),'Braços de IP'!$E$14,"ERRO"))))))) -> Longo I | CZ2: =IF($CY2="","",VLOOKUP($CY2,'Braços de IP'!$E$9:$I$15,2,0)) | DA2: =IF($CY2="","",VLOOKUP($CY2,'Braços de IP'!$E$9:$I$15,5,0)) | DH2: =CR2 -> 100 | DI2: =O2 -> 80 | DJ2: =SUM(DH2:DI2)*CQ2 -> 180 | DK2: =1-DH2/DI2 -> -0.25 | DN2: Sim | DQ2: =((O2+P2)-CR2)/(O2+P2) -> -0.25
A3: 0.5 - Projeção do braço segundo nível | F3: 219474977 | G3: PVVP | H3: Avenida Caio Martins | I3: -19.565708 | J3: -44.078041 | K3: C1 | M3: P4 | N3: LED | O3: 80 | Q3: 60 | R3: 4 | S3: 2 | T3: 1.7 | U3: 7 | Y3: 1.7 | Z3: (7.5) 2.00 | AC3: 4.5 | AE3: Canteiro central | AF3: Braço | AG3: 37.8 | AH3: 7.8 | AI3: 1 | AJ3: 0.4 | AK3: 2.7 | AL3: =AK3-AJ3 -> 2.3 | AM3: - | AN3: - | AO3: Não | AP3: =IF(AE3="Unilateral",2*AI3,IF(AE3="Bilateral Alternada",3*AI3,IF(AE3="Bilateral Frontal",4*AI3,IF(AE3="Canteiro Central",2*AI3,"erro")))) -> 2 | AQ3: 0 | AR3: 0 | AS3: 0 | AT3: 0 | AU3: 0 | AV3: 0 | AW3: =IF(AQ3=0,0,IF(AE3="Unilateral",2*AQ3,IF(AE3="Bilateral Alternada",3*AQ3,IF(AE3="Bilateral Frontal",4*AQ3,IF(AE3="Canteiro Central",2*AQ3,"erro"))))) -> 0 | AY3: =VLOOKUP(K3,ABNT5101!$I$3:$J$9,2) -> 30 | AZ3: =VLOOKUP(K3,ABNT5101!$I$3:$M$9,5) -> 0.38 | BA3: =_xlfn.XLOOKUP(K3,ABNT5101!$I:$I,ABNT5101!$L:$L) -> - | BB3: =_xlfn.XLOOKUP(K3,ABNT5101!$I:$I,ABNT5101!M:M) -> 0.38 | BC3: =_xlfn.XLOOKUP(K3,ABNT5101!$I:$I,ABNT5101!N:N) -> - | BD3: =_xlfn.XLOOKUP(K3,ABNT5101!$I:$I,ABNT5101!O:O) -> 14 | BE3: =IF(BO3="NÃO ATENDE","NÃO ATENDE",IF(BZ3="NÃO ATENDE","NÃO ATENDE",IF(CI3="NÃO ATENDE","NÃO ATENDE","ATENDE"))) -> ATENDE | BF3: =BI3/AY3-1 -> 0.064 | BG3: =BJ3/AZ3-1 -> 0.28947368 | BH3: =IF($K3="M6",BK3/BA3-1,"-") -> - | BI3: 31.92 | BJ3: 0.49 | BO3: =IF(OR(BP3="NÃO ATENDE",BQ3="NÃO ATENDE",BR3="NÃO ATENDE"),"NÃO ATENDE","ATENDE") -> ATENDE | BP3: =IF(BI3>=AY3,"ATENDE",IF(BI3>=0.99*AY3,"ATENDIMENTO LIMIAR","NÃO ATENDE")) -> ATENDE | BQ3: =IF(BJ3>=AZ3,"ATENDE",IF(BJ3>=(AZ3-0.02),"ATENDIMENTO LIMIAR","NÃO ATENDE")) -> ATENDE | BR3: =IF(BA3="-","ATENDE",IF(BK3>=BA3,"ATENDE",IF(BK3>=(BA3-0.02),"ATENDIMENTO LIMIAR","NÃO ATENDE"))) -> ATENDE | BS3: =K3 -> C1 | BT3: =M3 -> P4 | BU3: =IF(BV3="-","-",BV3/BX3-1) -> 1.24 | BV3: 16.8 | BW3: 9.05 | BX3: =IF(BT3="-","-",_xlfn.XLOOKUP(BT3,ABNT5101!$B$4:$B$9,ABNT5101!$C$4:$C$9)) -> 7.5 | BY3: =IF(BT3="-","-",_xlfn.XLOOKUP(BT3,ABNT5101!$B$4:$B$9,ABNT5101!$D$4:$D$9)) -> 1.5 | BZ3: =IF(CA3="-","-",IF(CA3="NÃO ATENDE","NÃO ATENDE",IF(CB3="NÃO ATENDE","NÃO ATENDE","ATENDE"))) -> ATENDE | CA3: =IF(BT3="-","-",IF(BV3>=BX3,"ATENDE",IF(BV3>=(BX3*0.99),"ATENDIMENTO LIMIAR","NÃO ATENDE"))) -> ATENDE | CB3: =IF(BT3="-","-",IF(BW3>=BY3,"ATENDE","NÃO ATENDE")) -> ATENDE | CC3: =BT3 -> P4 | CD3: =IF(CE3="-","-",CE3/CG3-1) -> #DIV/0! | CE3: 16.71 | CF3: 8.77 | CI3: =IF(CJ3="-","-",IF(CJ3="NÃO ATENDE","NÃO ATENDE",IF(CK3="NÃO ATENDE","NÃO ATENDE","ATENDE"))) -> ATENDE | CJ3: =IF(CC3="-","-",IF(CE3>=(CG3),"ATENDE",IF(CE3>=(0.99*CG3),"ATENDIMENTO LIMIAR","NÃO ATENDE"))) -> ATENDE | CK3: =IF(CC3="-","-",IF(CF3>=CH3,"ATENDE","NÃO ATENDE")) -> ATENDE | CL3: =_xlfn.XLOOKUP(CM3,'Banco de dados'!$B:$B,'Banco de dados'!$D:$D) -> SX LIGHTING | CM3: ='Banco de dados'!B62 -> SX-INLPP090HF | CN3: =_xlfn.XLOOKUP(CM3,'Banco de dados'!$B:$B,'Banco de dados'!$E:$E) -> SXINLPP090K40L12CZF7PHF | CP3: =IF(CO3="-","-",_xlfn.XLOOKUP(CO3,'Banco de dados'!$B:$B,'Banco de dados'!$E:$E)) -> 0 | CQ3: =AI3 -> 1 | CR3: =_xlfn.XLOOKUP(CM3,'Banco de dados'!$B:$B,'Banco de dados'!$H:$H) -> 90 | CS3: =_xlfn.XLOOKUP(CO3,'Banco de dados'!$B:$B,'Banco de dados'!$H:$H) -> 0 | CT3: =_xlfn.XLOOKUP(CM3,'Banco de dados'!$B:$B,'Banco de dados'!$F:$F) -> 15476 | CU3: =_xlfn.XLOOKUP(CO3,'Banco de dados'!$B:$B,'Banco de dados'!$F:$F) -> 0 | CW3: 5 | CX3: =IF(AK3<=0.5,"Curto I",IF(AND(AK3>='Braços de IP'!$B$9,AK3<='Braços de IP'!$D$9),'Braços de IP'!$E$9,IF(AND(AK3>='Braços de IP'!$B$10,AK3<='Braços de IP'!$D$10),'Braços de IP'!$E$10,IF(AND(AK3>='Braços de IP'!$B$11,AK3<='Braços de IP'!$D$11),'Braços de IP'!$E$11,IF(AND(AK3>='Braços de IP'!$B$12,AK3<='Braços de IP'!$D$12),'Braços de IP'!$E$12,IF(AND(AK3>='Braços de IP'!$B$13,AK3<='Braços de IP'!$D$13),'Braços de IP'!$E$13,IF(AND(AK3>='Braços de IP'!$B$14,AK3<='Braços de IP'!$D$14),'Braços de IP'!$E$14,"ERRO"))))))) -> Longo I | CZ3: =IF($CY3="","",VLOOKUP($CY3,'Braços de IP'!$E$9:$I$15,2,0)) | DA3: =IF($CY3="","",VLOOKUP($CY3,'Braços de IP'!$E$9:$I$15,5,0)) | DH3: =CR3 -> 90 | DI3: =O3 -> 80 | DJ3: =SUM(DH3:DI3)*CQ3 -> 170 | DK3: =1-DH3/DI3 -> -0.125 | DN3: Sim | DQ3: =((O3+P3)-CR3)/(O3+P3) -> -0.125
A4: 0.5 - Projeção do braço segundo nível | F4: 219474977 | G4: PVVP | H4: Avenida Caio Martins | I4: -19.565708 | J4: -44.078041 | K4: C1 | M4: P4 | N4: LED | O4: 80 | Q4: 60 | R4: 4 | S4: 2 | T4: 1.7 | U4: 7 | Y4: 1.7 | Z4: (7.5) 2.00 | AC4: 4.5 | AE4: Canteiro central | AF4: Braço | AG4: 37.8 | AH4: 7.8 | AI4: 1 | AJ4: 0.4 | AK4: 2.7 | AL4: =AK4-AJ4 -> 2.3 | AM4: - | AN4: - | AO4: Não | AP4: =IF(AE4="Unilateral",2*AI4,IF(AE4="Bilateral Alternada",3*AI4,IF(AE4="Bilateral Frontal",4*AI4,IF(AE4="Canteiro Central",2*AI4,"erro")))) -> 2 | AQ4: 0 | AR4: 0 | AS4: 0 | AT4: 0 | AU4: 0 | AV4: 0 | AW4: =IF(AQ4=0,0,IF(AE4="Unilateral",2*AQ4,IF(AE4="Bilateral Alternada",3*AQ4,IF(AE4="Bilateral Frontal",4*AQ4,IF(AE4="Canteiro Central",2*AQ4,"erro"))))) -> 0 | AY4: =VLOOKUP(K4,ABNT5101!$I$3:$J$9,2) -> 30 | AZ4: =VLOOKUP(K4,ABNT5101!$I$3:$M$9,5) -> 0.38 | BA4: =_xlfn.XLOOKUP(K4,ABNT5101!$I:$I,ABNT5101!$L:$L) -> - | BB4: =_xlfn.XLOOKUP(K4,ABNT5101!$I:$I,ABNT5101!M:M) -> 0.38 | BC4: =_xlfn.XLOOKUP(K4,ABNT5101!$I:$I,ABNT5101!N:N) -> - | BD4: =_xlfn.XLOOKUP(K4,ABNT5101!$I:$I,ABNT5101!O:O) -> 14 | BE4: =IF(BO4="NÃO ATENDE","NÃO ATENDE",IF(BZ4="NÃO ATENDE","NÃO ATENDE",IF(CI4="NÃO ATENDE","NÃO ATENDE","ATENDE"))) -> ATENDE | BF4: =BI4/AY4-1 -> 0.17633333 | BG4: =BJ4/AZ4-1 -> 0.13157895 | BH4: =IF($K4="M6",BK4/BA4-1,"-") -> - | BI4: 35.29 | BJ4: 0.43 | BO4: =IF(OR(BP4="NÃO ATENDE",BQ4="NÃO ATENDE",BR4="NÃO ATENDE"),"NÃO ATENDE","ATENDE") -> ATENDE | BP4: =IF(BI4>=AY4,"ATENDE",IF(BI4>=0.99*AY4,"ATENDIMENTO LIMIAR","NÃO ATENDE")) -> ATENDE | BQ4: =IF(BJ4>=AZ4,"ATENDE",IF(BJ4>=(AZ4-0.02),"ATENDIMENTO LIMIAR","NÃO ATENDE")) -> ATENDE | BR4: =IF(BA4="-","ATENDE",IF(BK4>=BA4,"ATENDE",IF(BK4>=(BA4-0.02),"ATENDIMENTO LIMIAR","NÃO ATENDE"))) -> ATENDE | BS4: =K4 -> C1 | BT4: =M4 -> P4 | BU4: =IF(BV4="-","-",BV4/BX4-1) -> 1.6386667 | BV4: 19.79 | BW4: 11.24 | BX4: =IF(BT4="-","-",_xlfn.XLOOKUP(BT4,ABNT5101!$B$4:$B$9,ABNT5101!$C$4:$C$9)) -> 7.5 | BY4: =IF(BT4="-","-",_xlfn.XLOOKUP(BT4,ABNT5101!$B$4:$B$9,ABNT5101!$D$4:$D$9)) -> 1.5 | BZ4: =IF(CA4="-","-",IF(CA4="NÃO ATENDE","NÃO ATENDE",IF(CB4="NÃO ATENDE","NÃO ATENDE","ATENDE"))) -> ATENDE | CA4: =IF(BT4="-","-",IF(BV4>=BX4,"ATENDE",IF(BV4>=(BX4*0.99),"ATENDIMENTO LIMIAR","NÃO ATENDE"))) -> ATENDE | CB4: =IF(BT4="-","-",IF(BW4>=BY4,"ATENDE","NÃO ATENDE")) -> ATENDE | CC4: =BT4 -> P4 | CD4: =IF(CE4="-","-",CE4/CG4-1) -> #DIV/0! | CE4: 19.82 | CF4: 11.16 | CI4: =IF(CJ4="-","-",IF(CJ4="NÃO ATENDE","NÃO ATENDE",IF(CK4="NÃO ATENDE","NÃO ATENDE","ATENDE"))) -> ATENDE | CJ4: =IF(CC4="-","-",IF(CE4>=(CG4),"ATENDE",IF(CE4>=(0.99*CG4),"ATENDIMENTO LIMIAR","NÃO ATENDE"))) -> ATENDE | CK4: =IF(CC4="-","-",IF(CF4>=CH4,"ATENDE","NÃO ATENDE")) -> ATENDE | CL4: =_xlfn.XLOOKUP(CM4,'Banco de dados'!$B:$B,'Banco de dados'!$D:$D) -> TECNOWATT | CM4: ='Banco de dados'!B76 -> SIGMAGPTLRRSMNDL120W_82IBBR | CN4: =_xlfn.XLOOKUP(CM4,'Banco de dados'!$B:$B,'Banco de dados'!$E:$E) -> SIGMAGPTLRRSMNDL120W_82IBBR S1-10C1MUN6.5 | CP4: =IF(CO4="-","-",_xlfn.XLOOKUP(CO4,'Banco de dados'!$B:$B,'Banco de dados'!$E:$E)) -> 0 | CQ4: =AI4 -> 1 | CR4: =_xlfn.XLOOKUP(CM4,'Banco de dados'!$B:$B,'Banco de dados'!$H:$H) -> 120 | CS4: =_xlfn.XLOOKUP(CO4,'Banco de dados'!$B:$B,'Banco de dados'!$H:$H) -> 0 | CT4: =_xlfn.XLOOKUP(CM4,'Banco de dados'!$B:$B,'Banco de dados'!$F:$F) -> 19640 | CU4: =_xlfn.XLOOKUP(CO4,'Banco de dados'!$B:$B,'Banco de dados'!$F:$F) -> 0 | CX4: =IF(AK4<=0.5,"Curto I",IF(AND(AK4>='Braços de IP'!$B$9,AK4<='Braços de IP'!$D$9),'Braços de IP'!$E$9,IF(AND(AK4>='Braços de IP'!$B$10,AK4<='Braços de IP'!$D$10),'Braços de IP'!$E$10,IF(AND(AK4>='Braços de IP'!$B$11,AK4<='Braços de IP'!$D$11),'Braços de IP'!$E$11,IF(AND(AK4>='Braços de IP'!$B$12,AK4<='Braços de IP'!$D$12),'Braços de IP'!$E$12,IF(AND(AK4>='Braços de IP'!$B$13,AK4<='Braços de IP'!$D$13),'Braços de IP'!$E$13,IF(AND(AK4>='Braços de IP'!$B$14,AK4<='Braços de IP'!$D$14),'Braços de IP'!$E$14,"ERRO"))))))) -> Longo I | CZ4: =IF($CY4="","",VLOOKUP($CY4,'Braços de IP'!$E$9:$I$15,2,0)) | DA4: =IF($CY4="","",VLOOKUP($CY4,'Braços de IP'!$E$9:$I$15,5,0)) | DH4: =CR4 -> 120 | DI4: =O4 -> 80 | DJ4: =SUM(DH4:DI4)*CQ4 -> 200 | DK4: =1-DH4/DI4 -> -0.5 | DN4: Sim | DQ4: =((O4+P4)-CR4)/(O4+P4) -> -0.5
B5: Alexandre | D5: Penelope | F5: 221009264 | G5: PVP | H5: Rodovia Engenheiro Idsel Costa Martins | I5: -19.562524 | J5: -44.079276 | K5: C1 | M5: P4 | N5: LED | O5: 200 | S5: 2 | T5: 1.8 | U5: 8.5 | Y5: 1.8 | AE5: Unilateral | AF5: Braço | AG5: 35.3 | AH5: 8 | AI5: 1 | AJ5: 1 | AK5: 3.3 | AL5: =AK5-AJ5 -> 2.3 | AM5: - | AN5: - | AO5: Não | AP5: =IF(AE5="Unilateral",2*AI5,IF(AE5="Bilateral Alternada",3*AI5,IF(AE5="Bilateral Frontal",4*AI5,IF(AE5="Canteiro Central",2*AI5,"erro")))) -> 2 | AQ5: 0 | AR5: 0 | AS5: 0 | AT5: 0 | AU5: 0 | AV5: 0 | AW5: =IF(AQ5=0,0,IF(AE5="Unilateral",2*AQ5,IF(AE5="Bilateral Alternada",3*AQ5,IF(AE5="Bilateral Frontal",4*AQ5,IF(AE5="Canteiro Central",2*AQ5,"erro"))))) -> 0 | AY5: =VLOOKUP(K5,ABNT5101!$I$3:$J$9,2) -> 30 | AZ5: =VLOOKUP(K5,ABNT5101!$I$3:$M$9,5) -> 0.38 | BA5: =_xlfn.XLOOKUP(K5,ABNT5101!$I:$I,ABNT5101!$L:$L) -> - | BB5: =_xlfn.XLOOKUP(K5,ABNT5101!$I:$I,ABNT5101!M:M) -> 0.38 | BC5: =_xlfn.XLOOKUP(K5,ABNT5101!$I:$I,ABNT5101!N:N) -> - | BD5: =_xlfn.XLOOKUP(K5,ABNT5101!$I:$I,ABNT5101!O:O) -> 14 | BE5: =IF(BO5="NÃO ATENDE","NÃO ATENDE",IF(BZ5="NÃO ATENDE","NÃO ATENDE",IF(CI5="NÃO ATENDE","NÃO ATENDE","ATENDE"))) -> ATENDE | BF5: =BI5/AY5-1 -> 0.060666667 | BG5: =BJ5/AZ5-1 -> 0.078947368 | BH5: =IF($K5="M6",BK5/BA5-1,"-") -> - | BI5: 31.82 | BJ5: 0.41 | BO5: =IF(OR(BP5="NÃO ATENDE",BQ5="NÃO ATENDE",BR5="NÃO ATENDE"),"NÃO ATENDE","ATENDE") -> ATENDE | BP5: =IF(BI5>=AY5,"ATENDE",IF(BI5>=0.99*AY5,"ATENDIMENTO LIMIAR","NÃO ATENDE")) -> ATENDE | BQ5: =IF(BJ5>=AZ5,"ATENDE",IF(BJ5>=(AZ5-0.02),"ATENDIMENTO LIMIAR","NÃO ATENDE")) -> ATENDE | BR5: =IF(BA5="-","ATENDE",IF(BK5>=BA5,"ATENDE",IF(BK5>=(BA5-0.02),"ATENDIMENTO LIMIAR","NÃO ATENDE"))) -> ATENDE | BS5: =K5 -> C1 | BT5: =M5 -> P4 | BU5: =IF(BV5="-","-",BV5/BX5-1) -> 2.072 | BV5: 23.04 | BW5: 13.55 | BX5: =IF(BT5="-","-",_xlfn.XLOOKUP(BT5,ABNT5101!$B$4:$B$9,ABNT5101!$C$4:$C$9)) -> 7.5 | BY5: =IF(BT5="-","-",_xlfn.XLOOKUP(BT5,ABNT5101!$B$4:$B$9,ABNT5101!$D$4:$D$9)) -> 1.5 | BZ5: =IF(CA5="-","-",IF(CA5="NÃO ATENDE","NÃO ATENDE",IF(CB5="NÃO ATENDE","NÃO ATENDE","ATENDE"))) -> ATENDE | CA5: =IF(BT5="-","-",IF(BV5>=BX5,"ATENDE",IF(BV5>=(BX5*0.99),"ATENDIMENTO LIMIAR","NÃO ATENDE"))) -> ATENDE | CB5: =IF(BT5="-","-",IF(BW5>=BY5,"ATENDE","NÃO ATENDE")) -> ATENDE | CC5: =BT5 -> P4 | CD5: =IF(CE5="-","-",CE5/CG5-1) -> #DIV/0! | CE5: 23.06 | CF5: 9.26 | CI5: =IF(CJ5="-","-",IF(CJ5="NÃO ATENDE","NÃO ATENDE",IF(CK5="NÃO ATENDE","NÃO ATENDE","ATENDE"))) -> ATENDE | CJ5: =IF(CC5="-","-",IF(CE5>=(CG5),"ATENDE",IF(CE5>=(0.99*CG5),"ATENDIMENTO LIMIAR","NÃO ATENDE"))) -> ATENDE | CK5: =IF(CC5="-","-",IF(CF5>=CH5,"ATENDE","NÃO ATENDE")) -> ATENDE | CL5: =_xlfn.XLOOKUP(CM5,'Banco de dados'!$B:$B,'Banco de dados'!$D:$D) -> LEDSTAR | CM5: ='Banco de dados'!B35 -> SL VT 9.1 140W | CN5: =_xlfn.XLOOKUP(CM5,'Banco de dados'!$B:$B,'Banco de dados'!$E:$E) -> LUM LED SL VT 9.1 140W | CP5: =IF(CO5="-","-",_xlfn.XLOOKUP(CO5,'Banco de dados'!$B:$B,'Banco de dados'!$E:$E)) -> 0 | CQ5: =AI5 -> 1 | CR5: =_xlfn.XLOOKUP(CM5,'Banco de dados'!$B:$B,'Banco de dados'!$H:$H) -> 140 | CS5: =_xlfn.XLOOKUP(CO5,'Banco de dados'!$B:$B,'Banco de dados'!$H:$H) -> 0 | CT5: =_xlfn.XLOOKUP(CM5,'Banco de dados'!$B:$B,'Banco de dados'!$F:$F) -> 22440 | CU5: =_xlfn.XLOOKUP(CO5,'Banco de dados'!$B:$B,'Banco de dados'!$F:$F) -> 0 | CX5: =IF(AK5<=0.5,"Curto I",IF(AND(AK5>='Braços de IP'!$B$9,AK5<='Braços de IP'!$D$9),'Braços de IP'!$E$9,IF(AND(AK5>='Braços de IP'!$B$10,AK5<='Braços de IP'!$D$10),'Braços de IP'!$E$10,IF(AND(AK5>='Braços de IP'!$B$11,AK5<='Braços de IP'!$D$11),'Braços de IP'!$E$11,IF(AND(AK5>='Braços de IP'!$B$12,AK5<='Braços de IP'!$D$12),'Braços de IP'!$E$12,IF(AND(AK5>='Braços de IP'!$B$13,AK5<='Braços de IP'!$D$13),'Braços de IP'!$E$13,IF(AND(AK5>='Braços de IP'!$B$14,AK5<='Braços de IP'!$D$14),'Braços de IP'!$E$14,"ERRO"))))))) -> Longo II | CZ5: =IF($CY5="","",VLOOKUP($CY5,'Braços de IP'!$E$9:$I$15,2,0)) | DA5: =IF($CY5="","",VLOOKUP($CY5,'Braços de IP'!$E$9:$I$15,5,0)) | DH5: =CR5 -> 140 | DI5: =O5 -> 200 | DJ5: =SUM(DH5:DI5)*CQ5 -> 340 | DK5: =1-DH5/DI5 -> 0.3 | DN5: Sim | DQ5: =((O5+P5)-CR5)/(O5+P5) -> 0.3
F6: 221009264 | G6: PVP | H6: Rodovia Engenheiro Idsel Costa Martins | I6: -19.562524 | J6: -44.079276 | K6: C1 | M6: P4 | N6: LED | O6: 200 | S6: 2 | T6: 1.8 | U6: 8.5 | Y6: 1.8 | AE6: Unilateral | AF6: Braço | AG6: 35.3 | AH6: 8 | AI6: 1 | AJ6: 1 | AK6: 3.3 | AL6: =AK6-AJ6 -> 2.3 | AM6: - | AN6: - | AO6: Não | AP6: =IF(AE6="Unilateral",2*AI6,IF(AE6="Bilateral Alternada",3*AI6,IF(AE6="Bilateral Frontal",4*AI6,IF(AE6="Canteiro Central",2*AI6,"erro")))) -> 2 | AQ6: 0 | AR6: 0 | AS6: 0 | AT6: 0 | AU6: 0 | AV6: 0 | AW6: =IF(AQ6=0,0,IF(AE6="Unilateral",2*AQ6,IF(AE6="Bilateral Alternada",3*AQ6,IF(AE6="Bilateral Frontal",4*AQ6,IF(AE6="Canteiro Central",2*AQ6,"erro"))))) -> 0 | AY6: =VLOOKUP(K6,ABNT5101!$I$3:$J$9,2) -> 30 | AZ6: =VLOOKUP(K6,ABNT5101!$I$3:$M$9,5) -> 0.38 | BA6: =_xlfn.XLOOKUP(K6,ABNT5101!$I:$I,ABNT5101!$L:$L) -> - | BB6: =_xlfn.XLOOKUP(K6,ABNT5101!$I:$I,ABNT5101!M:M) -> 0.38 | BC6: =_xlfn.XLOOKUP(K6,ABNT5101!$I:$I,ABNT5101!N:N) -> - | BD6: =_xlfn.XLOOKUP(K6,ABNT5101!$I:$I,ABNT5101!O:O) -> 14 | BE6: =IF(BO6="NÃO ATENDE","NÃO ATENDE",IF(BZ6="NÃO ATENDE","NÃO ATENDE",IF(CI6="NÃO ATENDE","NÃO ATENDE","ATENDE"))) -> ATENDE | BF6: =BI6/AY6-1 -> 0.087333333 | BG6: =BJ6/AZ6-1 -> 0.28947368 | BH6: =IF($K6="M6",BK6/BA6-1,"-") -> - | BI6: 32.62 | BJ6: 0.49 | BO6: =IF(OR(BP6="NÃO ATENDE",BQ6="NÃO ATENDE",BR6="NÃO ATENDE"),"NÃO ATENDE","ATENDE") -> ATENDE | BP6: =IF(BI6>=AY6,"ATENDE",IF(BI6>=0.99*AY6,"ATENDIMENTO LIMIAR","NÃO ATENDE")) -> ATENDE | BQ6: =IF(BJ6>=AZ6,"ATENDE",IF(BJ6>=(AZ6-0.02),"ATENDIMENTO LIMIAR","NÃO ATENDE")) -> ATENDE | BR6: =IF(BA6="-","ATENDE",IF(BK6>=BA6,"ATENDE",IF(BK6>=(BA6-0.02),"ATENDIMENTO LIMIAR","NÃO ATENDE"))) -> ATENDE | BS6: =K6 -> C1 | BT6: =M6 -> P4 | BU6: =IF(BV6="-","-",BV6/BX6-1) -> 1.6093333 | BV6: 19.57 | BW6: 11.33 | BX6: =IF(BT6="-","-",_xlfn.XLOOKUP(BT6,ABNT5101!$B$4:$B$9,ABNT5101!$C$4:$C$9)) -> 7.5 | BY6: =IF(BT6="-","-",_xlfn.XLOOKUP(BT6,ABNT5101!$B$4:$B$9,ABNT5101!$D$4:$D$9)) -> 1.5 | BZ6: =IF(CA6="-","-",IF(CA6="NÃO ATENDE","NÃO ATENDE",IF(CB6="NÃO ATENDE","NÃO ATENDE","ATENDE"))) -> ATENDE | CA6: =IF(BT6="-","-",IF(BV6>=BX6,"ATENDE",IF(BV6>=(BX6*0.99),"ATENDIMENTO LIMIAR","NÃO ATENDE"))) -> ATENDE | CB6: =IF(BT6="-","-",IF(BW6>=BY6,"ATENDE","NÃO ATENDE")) -> ATENDE | CC6: =BT6 -> P4 | CD6: =IF(CE6="-","-",CE6/CG6-1) -> #DIV/0! | CE6: 25.52 | CF6: 15.62 | CI6: =IF(CJ6="-","-",IF(CJ6="NÃO ATENDE","NÃO ATENDE",IF(CK6="NÃO ATENDE","NÃO ATENDE","ATENDE"))) -> ATENDE | CJ6: =IF(CC6="-","-",IF(CE6>=(CG6),"ATENDE",IF(CE6>=(0.99*CG6),"ATENDIMENTO LIMIAR","NÃO ATENDE"))) -> ATENDE | CK6: =IF(CC6="-","-",IF(CF6>=CH6,"ATENDE","NÃO ATENDE")) -> ATENDE | CL6: =_xlfn.XLOOKUP(CM6,'Banco de dados'!$B:$B,'Banco de dados'!$D:$D) -> SX LIGHTING | CM6: ='Banco de dados'!B65 -> SX-INLPP150HF | CN6: =_xlfn.XLOOKUP(CM6,'Banco de dados'!$B:$B,'Banco de dados'!$E:$E) -> SXINLPP150K40L12CZF7PHF | CP6: =IF(CO6="-","-",_xlfn.XLOOKUP(CO6,'Banco de dados'!$B:$B,'Banco de dados'!$E:$E)) -> 0 | CQ6: =AI6 -> 1 | CR6: =_xlfn.XLOOKUP(CM6,'Banco de dados'!$B:$B,'Banco de dados'!$H:$H) -> 137 | CS6: =_xlfn.XLOOKUP(CO6,'Banco de dados'!$B:$B,'Banco de dados'!$H:$H) -> 0 | CT6: =_xlfn.XLOOKUP(CM6,'Banco de dados'!$B:$B,'Banco de dados'!$F:$F) -> 23817 | CU6: =_xlfn.XLOOKUP(CO6,'Banco de dados'!$B:$B,'Banco de dados'!$F:$F) -> 0 | CX6: =IF(AK6<=0.5,"Curto I",IF(AND(AK6>='Braços de IP'!$B$9,AK6<='Braços de IP'!$D$9),'Braços de IP'!$E$9,IF(AND(AK6>='Braços de IP'!$B$10,AK6<='Braços de IP'!$D$10),'Braços de IP'!$E$10,IF(AND(AK6>='Braços de IP'!$B$11,AK6<='Braços de IP'!$D$11),'Braços de IP'!$E$11,IF(AND(AK6>='Braços de IP'!$B$12,AK6<='Braços de IP'!$D$12),'Braços de IP'!$E$12,IF(AND(AK6>='Braços de IP'!$B$13,AK6<='Braços de IP'!$D$13),'Braços de IP'!$E$13,IF(AND(AK6>='Braços de IP'!$B$14,AK6<='Braços de IP'!$D$14),'Braços de IP'!$E$14,"ERRO"))))))) -> Longo II | CZ6: =IF($CY6="","",VLOOKUP($CY6,'Braços de IP'!$E$9:$I$15,2,0)) | DA6: =IF($CY6="","",VLOOKUP($CY6,'Braços de IP'!$E$9:$I$15,5,0)) | DH6: =CR6 -> 137 | DI6: =O6 -> 200 | DJ6: =SUM(DH6:DI6)*CQ6 -> 337 | DK6: =1-DH6/DI6 -> 0.315 | DN6: Sim | DQ6: =((O6+P6)-CR6)/(O6+P6) -> 0.315
F7: 221009264 | G7: PVP | H7: Rodovia Engenheiro Idsel Costa Martins | I7: -19.562524 | J7: -44.079276 | K7: C1 | M7: P4 | N7: LED | O7: 200 | S7: 2 | T7: 1.8 | U7: 8.5 | Y7: 1.8 | AE7: Unilateral | AF7: Braço | AG7: 35.3 | AH7: 8 | AI7: 1 | AJ7: 1 | AK7: 3.3 | AL7: =AK7-AJ7 -> 2.3 | AM7: - | AN7: - | AO7: Não | AP7: =IF(AE7="Unilateral",2*AI7,IF(AE7="Bilateral Alternada",3*AI7,IF(AE7="Bilateral Frontal",4*AI7,IF(AE7="Canteiro Central",2*AI7,"erro")))) -> 2 | AQ7: 0 | AR7: 0 | AS7: 0 | AT7: 0 | AU7: 0 | AV7: 0 | AW7: =IF(AQ7=0,0,IF(AE7="Unilateral",2*AQ7,IF(AE7="Bilateral Alternada",3*AQ7,IF(AE7="Bilateral Frontal",4*AQ7,IF(AE7="Canteiro Central",2*AQ7,"erro"))))) -> 0 | AY7: =VLOOKUP(K7,ABNT5101!$I$3:$J$9,2) -> 30 | AZ7: =VLOOKUP(K7,ABNT5101!$I$3:$M$9,5) -> 0.38 | BA7: =_xlfn.XLOOKUP(K7,ABNT5101!$I:$I,ABNT5101!$L:$L) -> - | BB7: =_xlfn.XLOOKUP(K7,ABNT5101!$I:$I,ABNT5101!M:M) -> 0.38 | BC7: =_xlfn.XLOOKUP(K7,ABNT5101!$I:$I,ABNT5101!N:N) -> - | BD7: =_xlfn.XLOOKUP(K7,ABNT5101!$I:$I,ABNT5101!O:O) -> 14 | BE7: =IF(BO7="NÃO ATENDE","NÃO ATENDE",IF(BZ7="NÃO ATENDE","NÃO ATENDE",IF(CI7="NÃO ATENDE","NÃO ATENDE","ATENDE"))) -> ATENDE | BF7: =BI7/AY7-1 -> 0.083666667 | BG7: =BJ7/AZ7-1 -> 0.39473684 | BH7: =IF($K7="M6",BK7/BA7-1,"-") -> - | BI7: 32.51 | BJ7: 0.53 | BO7: =IF(OR(BP7="NÃO ATENDE",BQ7="NÃO ATENDE",BR7="NÃO ATENDE"),"NÃO ATENDE","ATENDE") -> ATENDE | BP7: =IF(BI7>=AY7,"ATENDE",IF(BI7>=0.99*AY7,"ATENDIMENTO LIMIAR","NÃO ATENDE")) -> ATENDE | BQ7: =IF(BJ7>=AZ7,"ATENDE",IF(BJ7>=(AZ7-0.02),"ATENDIMENTO LIMIAR","NÃO ATENDE")) -> ATENDE | BR7: =IF(BA7="-","ATENDE",IF(BK7>=BA7,"ATENDE",IF(BK7>=(BA7-0.02),"ATENDIMENTO LIMIAR","NÃO ATENDE"))) -> ATENDE | BS7: =K7 -> C1 | BT7: =M7 -> P4 | BU7: =IF(BV7="-","-",BV7/BX7-1) -> 1.6106667 | BV7: 19.58 | BW7: 15.75 | BX7: =IF(BT7="-","-",_xlfn.XLOOKUP(BT7,ABNT5101!$B$4:$B$9,ABNT5101!$C$4:$C$9)) -> 7.5 | BY7: =IF(BT7="-","-",_xlfn.XLOOKUP(BT7,ABNT5101!$B$4:$B$9,ABNT5101!$D$4:$D$9)) -> 1.5 | BZ7: =IF(CA7="-","-",IF(CA7="NÃO ATENDE","NÃO ATENDE",IF(CB7="NÃO ATENDE","NÃO ATENDE","ATENDE"))) -> ATENDE | CA7: =IF(BT7="-","-",IF(BV7>=BX7,"ATENDE",IF(BV7>=(BX7*0.99),"ATENDIMENTO LIMIAR","NÃO ATENDE"))) -> ATENDE | CB7: =IF(BT7="-","-",IF(BW7>=BY7,"ATENDE","NÃO ATENDE")) -> ATENDE | CC7: =BT7 -> P4 | CD7: =IF(CE7="-","-",CE7/CG7-1) -> #DIV/0! | CE7: 22.39 | CF7: 13.06 | CI7: =IF(CJ7="-","-",IF(CJ7="NÃO ATENDE","NÃO ATENDE",IF(CK7="NÃO ATENDE","NÃO ATENDE","ATENDE"))) -> ATENDE | CJ7: =IF(CC7="-","-",IF(CE7>=(CG7),"ATENDE",IF(CE7>=(0.99*CG7),"ATENDIMENTO LIMIAR","NÃO ATENDE"))) -> ATENDE | CK7: =IF(CC7="-","-",IF(CF7>=CH7,"ATENDE","NÃO ATENDE")) -> ATENDE | CL7: =_xlfn.XLOOKUP(CM7,'Banco de dados'!$B:$B,'Banco de dados'!$D:$D) -> TECNOWATT | CM7: ='Banco de dados'!B77 -> SIGMAGPTLRRSMNDL150W102IBBR | CN7: =_xlfn.XLOOKUP(CM7,'Banco de dados'!$B:$B,'Banco de dados'!$E:$E) -> SIGMAGPTLRRSMNDL150W102IBBR S1-10C1MUN6.5 | CP7: =IF(CO7="-","-",_xlfn.XLOOKUP(CO7,'Banco de dados'!$B:$B,'Banco de dados'!$E:$E)) -> 0 | CQ7: =AI7 -> 1 | CR7: =_xlfn.XLOOKUP(CM7,'Banco de dados'!$B:$B,'Banco de dados'!$H:$H) -> 150 | CS7: =_xlfn.XLOOKUP(CO7,'Banco de dados'!$B:$B,'Banco de dados'!$H:$H) -> 0 | CT7: =_xlfn.XLOOKUP(CM7,'Banco de dados'!$B:$B,'Banco de dados'!$F:$F) -> 23000 | CU7: =_xlfn.XLOOKUP(CO7,'Banco de dados'!$B:$B,'Banco de dados'!$F:$F) -> 0 | CX7: =IF(AK7<=0.5,"Curto I",IF(AND(AK7>='Braços de IP'!$B$9,AK7<='Braços de IP'!$D$9),'Braços de IP'!$E$9,IF(AND(AK7>='Braços de IP'!$B$10,AK7<='Braços de IP'!$D$10),'Braços de IP'!$E$10,IF(AND(AK7>='Braços de IP'!$B$11,AK7<='Braços de IP'!$D$11),'Braços de IP'!$E$11,IF(AND(AK7>='Braços de IP'!$B$12,AK7<='Braços de IP'!$D$12),'Braços de IP'!$E$12,IF(AND(AK7>='Braços de IP'!$B$13,AK7<='Braços de IP'!$D$13),'Braços de IP'!$E$13,IF(AND(AK7>='Braços de IP'!$B$14,AK7<='Braços de IP'!$D$14),'Braços de IP'!$E$14,"ERRO"))))))) -> Longo II | CZ7: =IF($CY7="","",VLOOKUP($CY7,'Braços de IP'!$E$9:$I$15,2,0)) | DA7: =IF($CY7="","",VLOOKUP($CY7,'Braços de IP'!$E$9:$I$15,5,0)) | DH7: =CR7 -> 150 | DI7: =O7 -> 200 | DJ7: =SUM(DH7:DI7)*CQ7 -> 350 | DK7: =1-DH7/DI7 -> 0.25 | DN7: Sim | DQ7: =((O7+P7)-CR7)/(O7+P7) -> 0.25
A8: Verificado que a estrutura predominante é PVP / Corrigido a distancia do poste a via de 0.70 para 3, não foi considerado inicialmente o estacionamento de 2.30. | B8: Alexandre | C8: ok | D8: Penelope | E8: ok | F8: 221272180 | G8: (V) PVP | H8: Avenida Bento Gonçalves | I8: -19.557925 | J8: -44.085391 | K8: C2 | M8: P4 | N8: LED | O8: 200 | S8: 2 | T8: 1.5 | U8: 6.5 | Y8: 1.5 | AC8: 2.3 | AD8: 2.3 | AE8: Unilateral | AF8: Braço | AG8: 37.3 | AH8: 7.6 | AI8: 1 | AJ8: 3 | AK8: 3.2 | AL8: =AK8-AJ8 -> 0.2 | AM8: - | AN8: - | AO8: Não | AP8: =IF(AE8="Unilateral",2*AI8,IF(AE8="Bilateral Alternada",3*AI8,IF(AE8="Bilateral Frontal",4*AI8,IF(AE8="Canteiro Central",2*AI8,"erro")))) -> 2 | AQ8: 0 | AR8: 0 | AS8: 0 | AT8: 0 | AU8: 0 | AV8: 0 | AW8: =IF(AQ8=0,0,IF(AE8="Unilateral",2*AQ8,IF(AE8="Bilateral Alternada",3*AQ8,IF(AE8="Bilateral Frontal",4*AQ8,IF(AE8="Canteiro Central",2*AQ8,"erro"))))) -> 0 | AY8: =VLOOKUP(K8,ABNT5101!$I$3:$J$9,2) -> 20 | AZ8: =VLOOKUP(K8,ABNT5101!$I$3:$M$9,5) -> 0.28 | BA8: =_xlfn.XLOOKUP(K8,ABNT5101!$I:$I,ABNT5101!$L:$L) -> - | BB8: =_xlfn.XLOOKUP(K8,ABNT5101!$I:$I,ABNT5101!M:M) -> 0.28 | BC8: =_xlfn.XLOOKUP(K8,ABNT5101!$I:$I,ABNT5101!N:N) -> - | BD8: =_xlfn.XLOOKUP(K8,ABNT5101!$I:$I,ABNT5101!O:O) -> 14 | BE8: =IF(BO8="NÃO ATENDE","NÃO ATENDE",IF(BZ8="NÃO ATENDE","NÃO ATENDE",IF(CI8="NÃO ATENDE","NÃO ATENDE","ATENDE"))) -> ATENDE | BF8: =BI8/AY8-1 -> 0.173 | BG8: =BJ8/AZ8-1 -> 0 | BH8: =IF($K8="M6",BK8/BA8-1,"-") -> - | BI8: 23.46 | BJ8: 0.28 | BO8: =IF(OR(BP8="NÃO ATENDE",BQ8="NÃO ATENDE",BR8="NÃO ATENDE"),"NÃO ATENDE","ATENDE") -> ATENDE | BP8: =IF(BI8>=AY8,"ATENDE",IF(BI8>=0.99*AY8,"ATENDIMENTO LIMIAR","NÃO ATENDE")) -> ATENDE | BQ8: =IF(BJ8>=AZ8,"ATENDE",IF(BJ8>=(AZ8-0.02),"ATENDIMENTO LIMIAR","NÃO ATENDE")) -> ATENDE | BR8: =IF(BA8="-","ATENDE",IF(BK8>=BA8,"ATENDE",IF(BK8>=(BA8-0.02),"ATENDIMENTO LIMIAR","NÃO ATENDE"))) -> ATENDE | BS8: =K8 -> C2 | BT8: =M8 -> P4 | BU8: =IF(BV8="-","-",BV8/BX8-1) -> 0.041333333 | BV8: 7.81 | BW8: 2.29 | BX8: =IF(BT8="-","-",_xlfn.XLOOKUP(BT8,ABNT5101!$B$4:$B$9,ABNT5101!$C$4:$C$9)) -> 7.5 | BY8: =IF(BT8="-","-",_xlfn.XLOOKUP(BT8,ABNT5101!$B$4:$B$9,ABNT5101!$D$4:$D$9)) -> 1.5 | BZ8: =IF(CA8="-","-",IF(CA8="NÃO ATENDE","NÃO ATENDE",IF(CB8="NÃO ATENDE","NÃO ATENDE","ATENDE"))) -> ATENDE | CA8: =IF(BT8="-","-",IF(BV8>=BX8,"ATENDE",IF(BV8>=(BX8*0.99),"ATENDIMENTO LIMIAR","NÃO ATENDE"))) -> ATENDE | CB8: =IF(BT8="-","-",IF(BW8>=BY8,"ATENDE","NÃO ATENDE")) -> ATENDE | CC8: =BT8 -> P4 | CD8: =IF(CE8="-","-",CE8/CG8-1) -> #DIV/0! | CE8: 15.28 | CF8: 8.51 | CI8: =IF(CJ8="-","-",IF(CJ8="NÃO ATENDE","NÃO ATENDE",IF(CK8="NÃO ATENDE","NÃO ATENDE","ATENDE"))) -> ATENDE | CJ8: =IF(CC8="-","-",IF(CE8>=(CG8),"ATENDE",IF(CE8>=(0.99*CG8),"ATENDIMENTO LIMIAR","NÃO ATENDE"))) -> ATENDE | CK8: =IF(CC8="-","-",IF(CF8>=CH8,"ATENDE","NÃO ATENDE")) -> ATENDE | CL8: =_xlfn.XLOOKUP(CM8,'Banco de dados'!$B:$B,'Banco de dados'!$D:$D) -> LEDSTAR | CM8: ='Banco de dados'!B28 -> SL VT 9.1 100W | CN8: =_xlfn.XLOOKUP(CM8,'Banco de dados'!$B:$B,'Banco de dados'!$E:$E) -> LUM LED SL VT 9.1 100W | CP8: =IF(CO8="-","-",_xlfn.XLOOKUP(CO8,'Banco de dados'!$B:$B,'Banco de dados'!$E:$E)) -> 0 | CQ8: =AI8 -> 1 | CR8: =_xlfn.XLOOKUP(CM8,'Banco de dados'!$B:$B,'Banco de dados'!$H:$H) -> 100 | CS8: =_xlfn.XLOOKUP(CO8,'Banco de dados'!$B:$B,'Banco de dados'!$H:$H) -> 0 | CT8: =_xlfn.XLOOKUP(CM8,'Banco de dados'!$B:$B,'Banco de dados'!$F:$F) -> 15900 | CU8: =_xlfn.XLOOKUP(CO8,'Banco de dados'!$B:$B,'Banco de dados'!$F:$F) -> 0 | CX8: =IF(AK8<=0.5,"Curto I",IF(AND(AK8>='Braços de IP'!$B$9,AK8<='Braços de IP'!$D$9),'Braços de IP'!$E$9,IF(AND(AK8>='Braços de IP'!$B$10,AK8<='Braços de IP'!$D$10),'Braços de IP'!$E$10,IF(AND(AK8>='Braços de IP'!$B$11,AK8<='Braços de IP'!$D$11),'Braços de IP'!$E$11,IF(AND(AK8>='Braços de IP'!$B$12,AK8<='Braços de IP'!$D$12),'Braços de IP'!$E$12,IF(AND(AK8>='Braços de IP'!$B$13,AK8<='Braços de IP'!$D$13),'Braços de IP'!$E$13,IF(AND(AK8>='Braços de IP'!$B$14,AK8<='Braços de IP'!$D$14),'Braços de IP'!$E$14,"ERRO"))))))) -> Longo I | CZ8: =IF($CY8="","",VLOOKUP($CY8,'Braços de IP'!$E$9:$I$15,2,0)) | DA8: =IF($CY8="","",VLOOKUP($CY8,'Braços de IP'!$E$9:$I$15,5,0)) | DH8: =CR8 -> 100 | DI8: =O8 -> 200 | DJ8: =SUM(DH8:DI8)*CQ8 -> 300 | DK8: =1-DH8/DI8 -> 0.5 | DN8: Sim | DQ8: =((O8+P8)-CR8)/(O8+P8) -> 0.5
A9: Verificado que a estrutura predominante é PVP / Corrigido a distancia do poste a via de 0.70 para 3, não foi considerado inicialmente o estacionamento de 2.30. | F9: 221272180 | G9: (V) PVP | H9: Avenida Bento Gonçalves | I9: -19.557925 | J9: -44.085391 | K9: C2 | M9: P4 | N9: LED | O9: 200 | S9: 2 | T9: 1.5 | U9: 6.5 | Y9: 1.5 | AC9: 2.3 | AD9: 2.3 | AE9: Unilateral | AF9: Braço | AG9: 37.3 | AH9: 7.6 | AI9: 1 | AJ9: 3 | AK9: 3.2 | AL9: =AK9-AJ9 -> 0.2 | AM9: - | AN9: - | AO9: Não | AP9: =IF(AE9="Unilateral",2*AI9,IF(AE9="Bilateral Alternada",3*AI9,IF(AE9="Bilateral Frontal",4*AI9,IF(AE9="Canteiro Central",2*AI9,"erro")))) -> 2 | AQ9: 0 | AR9: 0 | AS9: 0 | AT9: 0 | AU9: 0 | AV9: 0 | AW9: =IF(AQ9=0,0,IF(AE9="Unilateral",2*AQ9,IF(AE9="Bilateral Alternada",3*AQ9,IF(AE9="Bilateral Frontal",4*AQ9,IF(AE9="Canteiro Central",2*AQ9,"erro"))))) -> 0 | AY9: =VLOOKUP(K9,ABNT5101!$I$3:$J$9,2) -> 20 | AZ9: =VLOOKUP(K9,ABNT5101!$I$3:$M$9,5) -> 0.28 | BA9: =_xlfn.XLOOKUP(K9,ABNT5101!$I:$I,ABNT5101!$L:$L) -> - | BB9: =_xlfn.XLOOKUP(K9,ABNT5101!$I:$I,ABNT5101!M:M) -> 0.28 | BC9: =_xlfn.XLOOKUP(K9,ABNT5101!$I:$I,ABNT5101!N:N) -> - | BD9: =_xlfn.XLOOKUP(K9,ABNT5101!$I:$I,ABNT5101!O:O) -> 14 | BE9: =IF(BO9="NÃO ATENDE","NÃO ATENDE",IF(BZ9="NÃO ATENDE","NÃO ATENDE",IF(CI9="NÃO ATENDE","NÃO ATENDE","ATENDE"))) -> ATENDE | BF9: =BI9/AY9-1 -> 0.1455 | BG9: =BJ9/AZ9-1 -> 0.53571429 | BH9: =IF($K9="M6",BK9/BA9-1,"-") -> - | BI9: 22.91 | BJ9: 0.43 | BO9: =IF(OR(BP9="NÃO ATENDE",BQ9="NÃO ATENDE",BR9="NÃO ATENDE"),"NÃO ATENDE","ATENDE") -> ATENDE | BP9: =IF(BI9>=AY9,"ATENDE",IF(BI9>=0.99*AY9,"ATENDIMENTO LIMIAR","NÃO ATENDE")) -> ATENDE | BQ9: =IF(BJ9>=AZ9,"ATENDE",IF(BJ9>=(AZ9-0.02),"ATENDIMENTO LIMIAR","NÃO ATENDE")) -> ATENDE | BR9: =IF(BA9="-","ATENDE",IF(BK9>=BA9,"ATENDE",IF(BK9>=(BA9-0.02),"ATENDIMENTO LIMIAR","NÃO ATENDE"))) -> ATENDE | BS9: =K9 -> C2 | BT9: =M9 -> P4 | BU9: =IF(BV9="-","-",BV9/BX9-1) -> 0.16133333 | BV9: 8.71 | BW9: 3.95 | BX9: =IF(BT9="-","-",_xlfn.XLOOKUP(BT9,ABNT5101!$B$4:$B$9,ABNT5101!$C$4:$C$9)) -> 7.5 | BY9: =IF(BT9="-","-",_xlfn.XLOOKUP(BT9,ABNT5101!$B$4:$B$9,ABNT5101!$D$4:$D$9)) -> 1.5 | BZ9: =IF(CA9="-","-",IF(CA9="NÃO ATENDE","NÃO ATENDE",IF(CB9="NÃO ATENDE","NÃO ATENDE","ATENDE"))) -> ATENDE | CA9: =IF(BT9="-","-",IF(BV9>=BX9,"ATENDE",IF(BV9>=(BX9*0.99),"ATENDIMENTO LIMIAR","NÃO ATENDE"))) -> ATENDE | CB9: =IF(BT9="-","-",IF(BW9>=BY9,"ATENDE","NÃO ATENDE")) -> ATENDE | CC9: =BT9 -> P4 | CD9: =IF(CE9="-","-",CE9/CG9-1) -> #DIV/0! | CE9: 16.32 | CF9: 7.07 | CI9: =IF(CJ9="-","-",IF(CJ9="NÃO ATENDE","NÃO ATENDE",IF(CK9="NÃO ATENDE","NÃO ATENDE","ATENDE"))) -> ATENDE | CJ9: =IF(CC9="-","-",IF(CE9>=(CG9),"ATENDE",IF(CE9>=(0.99*CG9),"ATENDIMENTO LIMIAR","NÃO ATENDE"))) -> ATENDE | CK9: =IF(CC9="-","-",IF(CF9>=CH9,"ATENDE","NÃO ATENDE")) -> ATENDE | CL9: =_xlfn.XLOOKUP(CM9,'Banco de dados'!$B:$B,'Banco de dados'!$D:$D) -> SX LIGHTING | CM9: ='Banco de dados'!B62 -> SX-INLPP090HF | CN9: =_xlfn.XLOOKUP(CM9,'Banco de dados'!$B:$B,'Banco de dados'!$E:$E) -> SXINLPP090K40L12CZF7PHF | CP9: =IF(CO9="-","-",_xlfn.XLOOKUP(CO9,'Banco de dados'!$B:$B,'Banco de dados'!$E:$E)) -> 0 | CQ9: =AI9 -> 1 | CR9: =_xlfn.XLOOKUP(CM9,'Banco de dados'!$B:$B,'Banco de dados'!$H:$H) -> 90 | CS9: =_xlfn.XLOOKUP(CO9,'Banco de dados'!$B:$B,'Banco de dados'!$H:$H) -> 0 | CT9: =_xlfn.XLOOKUP(CM9,'Banco de dados'!$B:$B,'Banco de dados'!$F:$F) -> 15476 | CU9: =_xlfn.XLOOKUP(CO9,'Banco de dados'!$B:$B,'Banco de dados'!$F:$F) -> 0 | CX9: =IF(AK9<=0.5,"Curto I",IF(AND(AK9>='Braços de IP'!$B$9,AK9<='Braços de IP'!$D$9),'Braços de IP'!$E$9,IF(AND(AK9>='Braços de IP'!$B$10,AK9<='Braços de IP'!$D$10),'Braços de IP'!$E$10,IF(AND(AK9>='Braços de IP'!$B$11,AK9<='Braços de IP'!$D$11),'Braços de IP'!$E$11,IF(AND(AK9>='Braços de IP'!$B$12,AK9<='Braços de IP'!$D$12),'Braços de IP'!$E$12,IF(AND(AK9>='Braços de IP'!$B$13,AK9<='Braços de IP'!$D$13),'Braços de IP'!$E$13,IF(AND(AK9>='Braços de IP'!$B$14,AK9<='Braços de IP'!$D$14),'Braços de IP'!$E$14,"ERRO"))))))) -> Longo I | CZ9: =IF($CY9="","",VLOOKUP($CY9,'Braços de IP'!$E$9:$I$15,2,0)) | DA9: =IF($CY9="","",VLOOKUP($CY9,'Braços de IP'!$E$9:$I$15,5,0)) | DH9: =CR9 -> 90 | DI9: =O9 -> 200 | DJ9: =SUM(DH9:DI9)*CQ9 -> 290 | DK9: =1-DH9/DI9 -> 0.55 | DN9: Sim | DQ9: =((O9+P9)-CR9)/(O9+P9) -> 0.55
A10: Verificado que a estrutura predominante é PVP / Corrigido a distancia do poste a via de 0.70 para 3, não foi considerado inicialmente o estacionamento de 2.30. | F10: 221272180 | G10: (V) PVP | H10: Avenida Bento Gonçalves | I10: -19.557925 | J10: -44.085391 | K10: C2 | M10: P4 | N10: LED | O10: 200 | S10: 2 | T10: 1.5 | U10: 6.5 | Y10: 1.5 | AC10: 2.3 | AD10: 2.3 | AE10: Unilateral | AF10: Braço | AG10: 37.3 | AH10: 7.6 | AI10: 1 | AJ10: 3 | AK10: 3.2 | AL10: =AK10-AJ10 -> 0.2 | AM10: - | AN10: - | AO10: Não | AP10: =IF(AE10="Unilateral",2*AI10,IF(AE10="Bilateral Alternada",3*AI10,IF(AE10="Bilateral Frontal",4*AI10,IF(AE10="Canteiro Central",2*AI10,"erro")))) -> 2 | AQ10: 0 | AR10: 0 | AS10: 0 | AT10: 0 | AU10: 0 | AV10: 0 | AW10: =IF(AQ10=0,0,IF(AE10="Unilateral",2*AQ10,IF(AE10="Bilateral Alternada",3*AQ10,IF(AE10="Bilateral Frontal",4*AQ10,IF(AE10="Canteiro Central",2*AQ10,"erro"))))) -> 0 | AY10: =VLOOKUP(K10,ABNT5101!$I$3:$J$9,2) -> 20 | AZ10: =VLOOKUP(K10,ABNT5101!$I$3:$M$9,5) -> 0.28 | BA10: =_xlfn.XLOOKUP(K10,ABNT5101!$I:$I,ABNT5101!$L:$L) -> - | BB10: =_xlfn.XLOOKUP(K10,ABNT5101!$I:$I,ABNT5101!M:M) -> 0.28 | BC10: =_xlfn.XLOOKUP(K10,ABNT5101!$I:$I,ABNT5101!N:N) -> - | BD10: =_xlfn.XLOOKUP(K10,ABNT5101!$I:$I,ABNT5101!O:O) -> 14 | BE10: =IF(BO10="NÃO ATENDE","NÃO ATENDE",IF(BZ10="NÃO ATENDE","NÃO ATENDE",IF(CI10="NÃO ATENDE","NÃO ATENDE","ATENDE"))) -> ATENDE | BF10: =BI10/AY10-1 -> 0.0655 | BG10: =BJ10/AZ10-1 -> 0.39285714 | BH10: =IF($K10="M6",BK10/BA10-1,"-") -> - | BI10: 21.31 | BJ10: 0.39 | BO10: =IF(OR(BP10="NÃO ATENDE",BQ10="NÃO ATENDE",BR10="NÃO ATENDE"),"NÃO ATENDE","ATENDE") -> ATENDE | BP10: =IF(BI10>=AY10,"ATENDE",IF(BI10>=0.99*AY10,"ATENDIMENTO LIMIAR","NÃO ATENDE")) -> ATENDE | BQ10: =IF(BJ10>=AZ10,"ATENDE",IF(BJ10>=(AZ10-0.02),"ATENDIMENTO LIMIAR","NÃO ATENDE")) -> ATENDE | BR10: =IF(BA10="-","ATENDE",IF(BK10>=BA10,"ATENDE",IF(BK10>=(BA10-0.02),"ATENDIMENTO LIMIAR","NÃO ATENDE"))) -> ATENDE | BS10: =K10 -> C2 | BT10: =M10 -> P4 | BU10: =IF(BV10="-","-",BV10/BX10-1) -> 0.132 | BV10: 8.49 | BW10: 6.58 | BX10: =IF(BT10="-","-",_xlfn.XLOOKUP(BT10,ABNT5101!$B$4:$B$9,ABNT5101!$C$4:$C$9)) -> 7.5 | BY10: =IF(BT10="-","-",_xlfn.XLOOKUP(BT10,ABNT5101!$B$4:$B$9,ABNT5101!$D$4:$D$9)) -> 1.5 | BZ10: =IF(CA10="-","-",IF(CA10="NÃO ATENDE","NÃO ATENDE",IF(CB10="NÃO ATENDE","NÃO ATENDE","ATENDE"))) -> ATENDE | CA10: =IF(BT10="-","-",IF(BV10>=BX10,"ATENDE",IF(BV10>=(BX10*0.99),"ATENDIMENTO LIMIAR","NÃO ATENDE"))) -> ATENDE | CB10: =IF(BT10="-","-",IF(BW10>=BY10,"ATENDE","NÃO ATENDE")) -> ATENDE | CC10: =BT10 -> P4 | CD10: =IF(CE10="-","-",CE10/CG10-1) -> #DIV/0! | CE10: 10.63 | CF10: 2.55 | CI10: =IF(CJ10="-","-",IF(CJ10="NÃO ATENDE","NÃO ATENDE",IF(CK10="NÃO ATENDE","NÃO ATENDE","ATENDE"))) -> ATENDE | CJ10: =IF(CC10="-","-",IF(CE10>=(CG10),"ATENDE",IF(CE10>=(0.99*CG10),"ATENDIMENTO LIMIAR","NÃO ATENDE"))) -> ATENDE | CK10: =IF(CC10="-","-",IF(CF10>=CH10,"ATENDE","NÃO ATENDE")) -> ATENDE | CL10: =_xlfn.XLOOKUP(CM10,'Banco de dados'!$B:$B,'Banco de dados'!$D:$D) -> TECNOWATT | CM10: ='Banco de dados'!B75 -> SIGSAGPTLRRSSNDL100W125IBBRS | CN10: =_xlfn.XLOOKUP(CM10,'Banco de dados'!$B:$B,'Banco de dados'!$E:$E) -> SIGSAGPTLRRSSNDL100W125IBBRS 1-10C1MUN6.5 | CP10: =IF(CO10="-","-",_xlfn.XLOOKUP(CO10,'Banco de dados'!$B:$B,'Banco de dados'!$E:$E)) -> 0 | CQ10: =AI10 -> 1 | CR10: =_xlfn.XLOOKUP(CM10,'Banco de dados'!$B:$B,'Banco de dados'!$H:$H) -> 100 | CS10: =_xlfn.XLOOKUP(CO10,'Banco de dados'!$B:$B,'Banco de dados'!$H:$H) -> 0 | CT10: =_xlfn.XLOOKUP(CM10,'Banco de dados'!$B:$B,'Banco de dados'!$F:$F) -> 15162 | CU10: =_xlfn.XLOOKUP(CO10,'Banco de dados'!$B:$B,'Banco de dados'!$F:$F) -> 0 | CW10: 10 | CX10: =IF(AK10<=0.5,"Curto I",IF(AND(AK10>='Braços de IP'!$B$9,AK10<='Braços de IP'!$D$9),'Braços de IP'!$E$9,IF(AND(AK10>='Braços de IP'!$B$10,AK10<='Braços de IP'!$D$10),'Braços de IP'!$E$10,IF(AND(AK10>='Braços de IP'!$B$11,AK10<='Braços de IP'!$D$11),'Braços de IP'!$E$11,IF(AND(AK10>='Braços de IP'!$B$12,AK10<='Braços de IP'!$D$12),'Braços de IP'!$E$12,IF(AND(AK10>='Braços de IP'!$B$13,AK10<='Braços de IP'!$D$13),'Braços de IP'!$E$13,IF(AND(AK10>='Braços de IP'!$B$14,AK10<='Braços de IP'!$D$14),'Braços de IP'!$E$14,"ERRO"))))))) -> Longo I | CZ10: =IF($CY10="","",VLOOKUP($CY10,'Braços de IP'!$E$9:$I$15,2,0)) | DA10: =IF($CY10="","",VLOOKUP($CY10,'Braços de IP'!$E$9:$I$15,5,0)) | DH10: =CR10 -> 100 | DI10: =O10 -> 200 | DJ10: =SUM(DH10:DI10)*CQ10 -> 300 | DK10: =1-DH10/DI10 -> 0.5 | DN10: Sim | DQ10: =((O10+P10)-CR10)/(O10+P10) -> 0.5
B11: Alexandre | C11: ok | D11: Penelope | E11: ok | F11: 223927679 | G11: PVP | H11: Avenida André Faveli | I11: -19.555051 | J11: -44.096336 | K11: C2 | M11: P6 | N11: LED | O11: 100 | S11: 1 | T11: 1.6 | U11: 9.2 | Y11: 1.6 | AE11: Unilateral | AF11: Braço | AG11: 25.3 | AH11: 8.5 | AI11: 1 | AJ11: 0.15 | AK11: 2.9 | AL11: =AK11-AJ11 -> 2.75 | AM11: - | AN11: - | AO11: Não | AP11: =IF(AE11="Unilateral",2*AI11,IF(AE11="Bilateral Alternada",3*AI11,IF(AE11="Bilateral Frontal",4*AI11,IF(AE11="Canteiro Central",2*AI11,"erro")))) -> 2 | AQ11: 0 | AR11: 0 | AS11: 0 | AT11: 0 | AU11: 0 | AV11: 0 | AW11: =IF(AQ11=0,0,IF(AE11="Unilateral",2*AQ11,IF(AE11="Bilateral Alternada",3*AQ11,IF(AE11="Bilateral Frontal",4*AQ11,IF(AE11="Canteiro Central",2*AQ11,"erro"))))) -> 0 | AY11: =VLOOKUP(K11,ABNT5101!$I$3:$J$9,2) -> 20 | AZ11: =VLOOKUP(K11,ABNT5101!$I$3:$M$9,5) -> 0.28 | BA11: =_xlfn.XLOOKUP(K11,ABNT5101!$I:$I,ABNT5101!$L:$L) -> - | BB11: =_xlfn.XLOOKUP(K11,ABNT5101!$I:$I,ABNT5101!M:M) -> 0.28 | BC11: =_xlfn.XLOOKUP(K11,ABNT5101!$I:$I,ABNT5101!N:N) -> - | BD11: =_xlfn.XLOOKUP(K11,ABNT5101!$I:$I,ABNT5101!O:O) -> 14 | BE11: =IF(BO11="NÃO ATENDE","NÃO ATENDE",IF(BZ11="NÃO ATENDE","NÃO ATENDE",IF(CI11="NÃO ATENDE","NÃO ATENDE","ATENDE"))) -> ATENDE | BF11: =BI11/AY11-1 -> 0.0505 | BG11: =BJ11/AZ11-1 -> 1.2857143 | BH11: =IF($K11="M6",BK11/BA11-1,"-") -> - | BI11: 21.01 | BJ11: 0.64 | BO11: =IF(OR(BP11="NÃO ATENDE",BQ11="NÃO ATENDE",BR11="NÃO ATENDE"),"NÃO ATENDE","ATENDE") -> ATENDE | BP11: =IF(BI11>=AY11,"ATENDE",IF(BI11>=0.99*AY11,"ATENDIMENTO LIMIAR","NÃO ATENDE")) -> ATENDE | BQ11: =IF(BJ11>=AZ11,"ATENDE",IF(BJ11>=(AZ11-0.02),"ATENDIMENTO LIMIAR","NÃO ATENDE")) -> ATENDE | BR11: =IF(BA11="-","ATENDE",IF(BK11>=BA11,"ATENDE",IF(BK11>=(BA11-0.02),"ATENDIMENTO LIMIAR","NÃO ATENDE"))) -> ATENDE | BS11: =K11 -> C2 | BT11: =M11 -> P6 | BU11: =IF(BV11="-","-",BV11/BX11-1) -> 4.03 | BV11: 15.09 | BW11: 9.75 | BX11: =IF(BT11="-","-",_xlfn.XLOOKUP(BT11,ABNT5101!$B$4:$B$9,ABNT5101!$C$4:$C$9)) -> 3 | BY11: =IF(BT11="-","-",_xlfn.XLOOKUP(BT11,ABNT5101!$B$4:$B$9,ABNT5101!$D$4:$D$9)) -> 0.6 | BZ11: =IF(CA11="-","-",IF(CA11="NÃO ATENDE","NÃO ATENDE",IF(CB11="NÃO ATENDE","NÃO ATENDE","ATENDE"))) -> ATENDE | CA11: =IF(BT11="-","-",IF(BV11>=BX11,"ATENDE",IF(BV11>=(BX11*0.99),"ATENDIMENTO LIMIAR","NÃO ATENDE"))) -> ATENDE | CB11: =IF(BT11="-","-",IF(BW11>=BY11,"ATENDE","NÃO ATENDE")) -> ATENDE | CC11: =BT11 -> P6 | CD11: =IF(CE11="-","-",CE11/CG11-1) -> #DIV/0! | CE11: 14.24 | CF11: 10.83 | CI11: =IF(CJ11="-","-",IF(CJ11="NÃO ATENDE","NÃO ATENDE",IF(CK11="NÃO ATENDE","NÃO ATENDE","ATENDE"))) -> ATENDE | CJ11: =IF(CC11="-","-",IF(CE11>=(CG11),"ATENDE",IF(CE11>=(0.99*CG11),"ATENDIMENTO LIMIAR","NÃO ATENDE"))) -> ATENDE | CK11: =IF(CC11="-","-",IF(CF11>=CH11,"ATENDE","NÃO ATENDE")) -> ATENDE | CL11: =_xlfn.XLOOKUP(CM11,'Banco de dados'!$B:$B,'Banco de dados'!$D:$D) -> LEDSTAR | CM11: ='Banco de dados'!B22 -> SL VT 9.1 72W | CN11: =_xlfn.XLOOKUP(CM11,'Banco de dados'!$B:$B,'Banco de dados'!$E:$E) -> LUM LED SL VT 9.1 72W | CP11: =IF(CO11="-","-",_xlfn.XLOOKUP(CO11,'Banco de dados'!$B:$B,'Banco de dados'!$E:$E)) -> 0 | CQ11: =AI11 -> 1 | CR11: =_xlfn.XLOOKUP(CM11,'Banco de dados'!$B:$B,'Banco de dados'!$H:$H) -> 72 | CS11: =_xlfn.XLOOKUP(CO11,'Banco de dados'!$B:$B,'Banco de dados'!$H:$H) -> 0 | CT11: =_xlfn.XLOOKUP(CM11,'Banco de dados'!$B:$B,'Banco de dados'!$F:$F) -> 12107 | CU11: =_xlfn.XLOOKUP(CO11,'Banco de dados'!$B:$B,'Banco de dados'!$F:$F) -> 0 | CX11: =IF(AK11<=0.5,"Curto I",IF(AND(AK11>='Braços de IP'!$B$9,AK11<='Braços de IP'!$D$9),'Braços de IP'!$E$9,IF(AND(AK11>='Braços de IP'!$B$10,AK11<='Braços de IP'!$D$10),'Braços de IP'!$E$10,IF(AND(AK11>='Braços de IP'!$B$11,AK11<='Braços de IP'!$D$11),'Braços de IP'!$E$11,IF(AND(AK11>='Braços de IP'!$B$12,AK11<='Braços de IP'!$D$12),'Braços de IP'!$E$12,IF(AND(AK11>='Braços de IP'!$B$13,AK11<='Braços de IP'!$D$13),'Braços de IP'!$E$13,IF(AND(AK11>='Braços de IP'!$B$14,AK11<='Braços de IP'!$D$14),'Braços de IP'!$E$14,"ERRO"))))))) -> Longo I | CZ11: =IF($CY11="","",VLOOKUP($CY11,'Braços de IP'!$E$9:$I$15,2,0)) | DA11: =IF($CY11="","",VLOOKUP($CY11,'Braços de IP'!$E$9:$I$15,5,0)) | DH11: =CR11 -> 72 | DI11: =O11 -> 100 | DJ11: =SUM(DH11:DI11)*CQ11 -> 172 | DK11: =1-DH11/DI11 -> 0.28 | DN11: Sim | DQ11: =((O11+P11)-CR11)/(O11+P11) -> 0.28
F12: 223927679 | G12: PVP | H12: Avenida André Faveli | I12: -19.555051 | J12: -44.096336 | K12: C2 | M12: P6 | N12: LED | O12: 100 | S12: 1 | T12: 1.6 | U12: 9.2 | Y12: 1.6 | AE12: Unilateral | AF12: Braço | AG12: 25.3 | AH12: 8.5 | AI12: 1 | AJ12: 0.15 | AK12: 2.9 | AL12: =AK12-AJ12 -> 2.75 | AM12: - | AN12: - | AO12: Não | AP12: =IF(AE12="Unilateral",2*AI12,IF(AE12="Bilateral Alternada",3*AI12,IF(AE12="Bilateral Frontal",4*AI12,IF(AE12="Canteiro Central",2*AI12,"erro")))) -> 2 | AQ12: 0 | AR12: 0 | AS12: 0 | AT12: 0 | AU12: 0 | AV12: 0 | AW12: =IF(AQ12=0,0,IF(AE12="Unilateral",2*AQ12,IF(AE12="Bilateral Alternada",3*AQ12,IF(AE12="Bilateral Frontal",4*AQ12,IF(AE12="Canteiro Central",2*AQ12,"erro"))))) -> 0 | AY12: =VLOOKUP(K12,ABNT5101!$I$3:$J$9,2) -> 20 | AZ12: =VLOOKUP(K12,ABNT5101!$I$3:$M$9,5) -> 0.28 | BA12: =_xlfn.XLOOKUP(K12,ABNT5101!$I:$I,ABNT5101!$L:$L) -> - | BB12: =_xlfn.XLOOKUP(K12,ABNT5101!$I:$I,ABNT5101!M:M) -> 0.28 | BC12: =_xlfn.XLOOKUP(K12,ABNT5101!$I:$I,ABNT5101!N:N) -> - | BD12: =_xlfn.XLOOKUP(K12,ABNT5101!$I:$I,ABNT5101!O:O) -> 14 | BE12: =IF(BO12="NÃO ATENDE","NÃO ATENDE",IF(BZ12="NÃO ATENDE","NÃO ATENDE",IF(CI12="NÃO ATENDE","NÃO ATENDE","ATENDE"))) -> ATENDE | BF12: =BI12/AY12-1 -> 0.219 | BG12: =BJ12/AZ12-1 -> 1.3928571 | BH12: =IF($K12="M6",BK12/BA12-1,"-") -> - | BI12: 24.38 | BJ12: 0.67 | BO12: =IF(OR(BP12="NÃO ATENDE",BQ12="NÃO ATENDE",BR12="NÃO ATENDE"),"NÃO ATENDE","ATENDE") -> ATENDE | BP12: =IF(BI12>=AY12,"ATENDE",IF(BI12>=0.99*AY12,"ATENDIMENTO LIMIAR","NÃO ATENDE")) -> ATENDE | BQ12: =IF(BJ12>=AZ12,"ATENDE",IF(BJ12>=(AZ12-0.02),"ATENDIMENTO LIMIAR","NÃO ATENDE")) -> ATENDE | BR12: =IF(BA12="-","ATENDE",IF(BK12>=BA12,"ATENDE",IF(BK12>=(BA12-0.02),"ATENDIMENTO LIMIAR","NÃO ATENDE"))) -> ATENDE | BS12: =K12 -> C2 | BT12: =M12 -> P6 | BU12: =IF(BV12="-","-",BV12/BX12-1) -> 5 | BV12: 18 | BW12: 13.4 | BX12: =IF(BT12="-","-",_xlfn.XLOOKUP(BT12,ABNT5101!$B$4:$B$9,ABNT5101!$C$4:$C$9)) -> 3 | BY12: =IF(BT12="-","-",_xlfn.XLOOKUP(BT12,ABNT5101!$B$4:$B$9,ABNT5101!$D$4:$D$9)) -> 0.6 | BZ12: =IF(CA12="-","-",IF(CA12="NÃO ATENDE","NÃO ATENDE",IF(CB12="NÃO ATENDE","NÃO ATENDE","ATENDE"))) -> ATENDE | CA12: =IF(BT12="-","-",IF(BV12>=BX12,"ATENDE",IF(BV12>=(BX12*0.99),"ATENDIMENTO LIMIAR","NÃO ATENDE"))) -> ATENDE | CB12: =IF(BT12="-","-",IF(BW12>=BY12,"ATENDE","NÃO ATENDE")) -> ATENDE | CC12: =BT12 -> P6 | CD12: =IF(CE12="-","-",CE12/CG12-1) -> #DIV/0! | CE12: 18.06 | CF12: 13.17 | CI12: =IF(CJ12="-","-",IF(CJ12="NÃO ATENDE","NÃO ATENDE",IF(CK12="NÃO ATENDE","NÃO ATENDE","ATENDE"))) -> ATENDE | CJ12: =IF(CC12="-","-",IF(CE12>=(CG12),"ATENDE",IF(CE12>=(0.99*CG12),"ATENDIMENTO LIMIAR","NÃO ATENDE"))) -> ATENDE | CK12: =IF(CC12="-","-",IF(CF12>=CH12,"ATENDE","NÃO ATENDE")) -> ATENDE | CL12: =_xlfn.XLOOKUP(CM12,'Banco de dados'!$B:$B,'Banco de dados'!$D:$D) -> SX LIGHTING | CM12: ='Banco de dados'!B60 -> SX-INLPP070HF | CN12: =_xlfn.XLOOKUP(CM12,'Banco de dados'!$B:$B,'Banco de dados'!$E:$E) -> SXINLPP070K40L12CZF7PHF | CP12: =IF(CO12="-","-",_xlfn.XLOOKUP(CO12,'Banco de dados'!$B:$B,'Banco de dados'!$E:$E)) -> 0 | CQ12: =AI12 -> 1 | CR12: =_xlfn.XLOOKUP(CM12,'Banco de dados'!$B:$B,'Banco de dados'!$H:$H) -> 70 | CS12: =_xlfn.XLOOKUP(CO12,'Banco de dados'!$B:$B,'Banco de dados'!$H:$H) -> 0 | CT12: =_xlfn.XLOOKUP(CM12,'Banco de dados'!$B:$B,'Banco de dados'!$F:$F) -> 11970 | CU12: =_xlfn.XLOOKUP(CO12,'Banco de dados'!$B:$B,'Banco de dados'!$F:$F) -> 0 | CX12: =IF(AK12<=0.5,"Curto I",IF(AND(AK12>='Braços de IP'!$B$9,AK12<='Braços de IP'!$D$9),'Braços de IP'!$E$9,IF(AND(AK12>='Braços de IP'!$B$10,AK12<='Braços de IP'!$D$10),'Braços de IP'!$E$10,IF(AND(AK12>='Braços de IP'!$B$11,AK12<='Braços de IP'!$D$11),'Braços de IP'!$E$11,IF(AND(AK12>='Braços de IP'!$B$12,AK12<='Braços de IP'!$D$12),'Braços de IP'!$E$12,IF(AND(AK12>='Braços de IP'!$B$13,AK12<='Braços de IP'!$D$13),'Braços de IP'!$E$13,IF(AND(AK12>='Braços de IP'!$B$14,AK12<='Braços de IP'!$D$14),'Braços de IP'!$E$14,"ERRO"))))))) -> Longo I | CZ12: =IF($CY12="","",VLOOKUP($CY12,'Braços de IP'!$E$9:$I$15,2,0)) | DA12: =IF($CY12="","",VLOOKUP($CY12,'Braços de IP'!$E$9:$I$15,5,0)) | DH12: =CR12 -> 70 | DI12: =O12 -> 100 | DJ12: =SUM(DH12:DI12)*CQ12 -> 170 | DK12: =1-DH12/DI12 -> 0.3 | DN12: Sim | DQ12: =((O12+P12)-CR12)/(O12+P12) -> 0.3
F13: 223927679 | G13: PVP | H13: Avenida André Faveli | I13: -19.555051 | J13: -44.096336 | K13: C2 | M13: P6 | N13: LED | O13: 100 | S13: 1 | T13: 1.6 | U13: 9.2 | Y13: 1.6 | AE13: Unilateral | AF13: Braço | AG13: 25.3 | AH13: 8.5 | AI13: 1 | AJ13: 0.15 | AK13: 2.9 | AL13: =AK13-AJ13 -> 2.75 | AM13: - | AN13: - | AO13: Não | AP13: =IF(AE13="Unilateral",2*AI13,IF(AE13="Bilateral Alternada",3*AI13,IF(AE13="Bilateral Frontal",4*AI13,IF(AE13="Canteiro Central",2*AI13,"erro")))) -> 2 | AQ13: 0 | AR13: 0 | AS13: 0 | AT13: 0 | AU13: 0 | AV13: 0 | AW13: =IF(AQ13=0,0,IF(AE13="Unilateral",2*AQ13,IF(AE13="Bilateral Alternada",3*AQ13,IF(AE13="Bilateral Frontal",4*AQ13,IF(AE13="Canteiro Central",2*AQ13,"erro"))))) -> 0 | AY13: =VLOOKUP(K13,ABNT5101!$I$3:$J$9,2) -> 20 | AZ13: =VLOOKUP(K13,ABNT5101!$I$3:$M$9,5) -> 0.28 | BA13: =_xlfn.XLOOKUP(K13,ABNT5101!$I:$I,ABNT5101!$L:$L) -> - | BB13: =_xlfn.XLOOKUP(K13,ABNT5101!$I:$I,ABNT5101!M:M) -> 0.28 | BC13: =_xlfn.XLOOKUP(K13,ABNT5101!$I:$I,ABNT5101!N:N) -> - | BD13: =_xlfn.XLOOKUP(K13,ABNT5101!$I:$I,ABNT5101!O:O) -> 14 | BE13: =IF(BO13="NÃO ATENDE","NÃO ATENDE",IF(BZ13="NÃO ATENDE","NÃO ATENDE",IF(CI13="NÃO ATENDE","NÃO ATENDE","ATENDE"))) -> ATENDE | BF13: =BI13/AY13-1 -> 0.0575 | BG13: =BJ13/AZ13-1 -> 1.9642857 | BH13: =IF($K13="M6",BK13/BA13-1,"-") -> - | BI13: 21.15 | BJ13: 0.83 | BO13: =IF(OR(BP13="NÃO ATENDE",BQ13="NÃO ATENDE",BR13="NÃO ATENDE"),"NÃO ATENDE","ATENDE") -> ATENDE | BP13: =IF(BI13>=AY13,"ATENDE",IF(BI13>=0.99*AY13,"ATENDIMENTO LIMIAR","NÃO ATENDE")) -> ATENDE | BQ13: =IF(BJ13>=AZ13,"ATENDE",IF(BJ13>=(AZ13-0.02),"ATENDIMENTO LIMIAR","NÃO ATENDE")) -> ATENDE | BR13: =IF(BA13="-","ATENDE",IF(BK13>=BA13,"ATENDE",IF(BK13>=(BA13-0.02),"ATENDIMENTO LIMIAR","NÃO ATENDE"))) -> ATENDE | BS13: =K13 -> C2 | BT13: =M13 -> P6 | BU13: =IF(BV13="-","-",BV13/BX13-1) -> 3.2033333 | BV13: 12.61 | BW13: 10.01 | BX13: =IF(BT13="-","-",_xlfn.XLOOKUP(BT13,ABNT5101!$B$4:$B$9,ABNT5101!$C$4:$C$9)) -> 3 | BY13: =IF(BT13="-","-",_xlfn.XLOOKUP(BT13,ABNT5101!$B$4:$B$9,ABNT5101!$D$4:$D$9)) -> 0.6 | BZ13: =IF(CA13="-","-",IF(CA13="NÃO ATENDE","NÃO ATENDE",IF(CB13="NÃO ATENDE","NÃO ATENDE","ATENDE"))) -> ATENDE | CA13: =IF(BT13="-","-",IF(BV13>=BX13,"ATENDE",IF(BV13>=(BX13*0.99),"ATENDIMENTO LIMIAR","NÃO ATENDE"))) -> ATENDE | CB13: =IF(BT13="-","-",IF(BW13>=BY13,"ATENDE","NÃO ATENDE")) -> ATENDE | CC13: =BT13 -> P6 | CD13: =IF(CE13="-","-",CE13/CG13-1) -> #DIV/0! | CE13: 13.48 | CF13: 11.34 | CI13: =IF(CJ13="-","-",IF(CJ13="NÃO ATENDE","NÃO ATENDE",IF(CK13="NÃO ATENDE","NÃO ATENDE","ATENDE"))) -> ATENDE | CJ13: =IF(CC13="-","-",IF(CE13>=(CG13),"ATENDE",IF(CE13>=(0.99*CG13),"ATENDIMENTO LIMIAR","NÃO ATENDE"))) -> ATENDE | CK13: =IF(CC13="-","-",IF(CF13>=CH13,"ATENDE","NÃO ATENDE")) -> ATENDE | CL13: =_xlfn.XLOOKUP(CM13,'Banco de dados'!$B:$B,'Banco de dados'!$D:$D) -> TECNOWATT | CM13: ='Banco de dados'!B72 -> SIGSAGPTLRRSSNDL_68W_83IBBRS | CN13: =_xlfn.XLOOKUP(CM13,'Banco de dados'!$B:$B,'Banco de dados'!$E:$E) -> SIGSAGPTLRRSSNDL_68W_83IBBRS 1-10C1MUN6.5 | CP13: =IF(CO13="-","-",_xlfn.XLOOKUP(CO13,'Banco de dados'!$B:$B,'Banco de dados'!$E:$E)) -> 0 | CQ13: =AI13 -> 1 | CR13: =_xlfn.XLOOKUP(CM13,'Banco de dados'!$B:$B,'Banco de dados'!$H:$H) -> 68 | CS13: =_xlfn.XLOOKUP(CO13,'Banco de dados'!$B:$B,'Banco de dados'!$H:$H) -> 0 | CT13: =_xlfn.XLOOKUP(CM13,'Banco de dados'!$B:$B,'Banco de dados'!$F:$F) -> 10884 | CU13: =_xlfn.XLOOKUP(CO13,'Banco de dados'!$B:$B,'Banco de dados'!$F:$F) -> 0 | CX13: =IF(AK13<=0.5,"Curto I",IF(AND(AK13>='Braços de IP'!$B$9,AK13<='Braços de IP'!$D$9),'Braços de IP'!$E$9,IF(AND(AK13>='Braços de IP'!$B$10,AK13<='Braços de IP'!$D$10),'Braços de IP'!$E$10,IF(AND(AK13>='Braços de IP'!$B$11,AK13<='Braços de IP'!$D$11),'Braços de IP'!$E$11,IF(AND(AK13>='Braços de IP'!$B$12,AK13<='Braços de IP'!$D$12),'Braços de IP'!$E$12,IF(AND(AK13>='Braços de IP'!$B$13,AK13<='Braços de IP'!$D$13),'Braços de IP'!$E$13,IF(AND(AK13>='Braços de IP'!$B$14,AK13<='Braços de IP'!$D$14),'Braços de IP'!$E$14,"ERRO"))))))) -> Longo I | CZ13: =IF($CY13="","",VLOOKUP($CY13,'Braços de IP'!$E$9:$I$15,2,0)) | DA13: =IF($CY13="","",VLOOKUP($CY13,'Braços de IP'!$E$9:$I$15,5,0)) | DH13: =CR13 -> 68 | DI13: =O13 -> 100 | DJ13: =SUM(DH13:DI13)*CQ13 -> 168 | DK13: =1-DH13/DI13 -> 0.32 | DN13: Sim | DQ13: =((O13+P13)-CR13)/(O13+P13) -> 0.32
A14: 0.5 - Projeção do braço segundo nível | B14: Alexandre | C14: ok | D14: Penelope | E14: ok | F14: 223373074 | G14: PVVP | H14: Avenida Caio Martins | I14: -19.565822 | J14: -44.077866 | K14: C1 | M14: P4 | N14: LED | O14: 200 | Q14: 60 | R14: 4 | S14: 2 | T14: 1.7 | U14: 7 | Y14: 1.7 | Z14: (7.5) 2.00 | AC14: 4.5 | AE14: Unilateral | AF14: Braço | AG14: 37.8 | AH14: 7.8 | AI14: 1 | AJ14: 0.4 | AK14: 2.7 | AL14: =AK14-AJ14 -> 2.3 | AM14: - | AN14: - | AO14: Não | AP14: =IF(AE14="Unilateral",2*AI14,IF(AE14="Bilateral Alternada",3*AI14,IF(AE14="Bilateral Frontal",4*AI14,IF(AE14="Canteiro Central",2*AI14,"erro")))) -> 2 | AQ14: 0 | AR14: 0 | AS14: 0 | AT14: 0 | AU14: 0 | AV14: 0 | AW14: =IF(AQ14=0,0,IF(AE14="Unilateral",2*AQ14,IF(AE14="Bilateral Alternada",3*AQ14,IF(AE14="Bilateral Frontal",4*AQ14,IF(AE14="Canteiro Central",2*AQ14,"erro"))))) -> 0 | AY14: =VLOOKUP(K14,ABNT5101!$I$3:$J$9,2) -> 30 | AZ14: =VLOOKUP(K14,ABNT5101!$I$3:$M$9,5) -> 0.38 | BA14: =_xlfn.XLOOKUP(K14,ABNT5101!$I:$I,ABNT5101!$L:$L) -> - | BB14: =_xlfn.XLOOKUP(K14,ABNT5101!$I:$I,ABNT5101!M:M) -> 0.38 | BC14: =_xlfn.XLOOKUP(K14,ABNT5101!$I:$I,ABNT5101!N:N) -> - | BD14: =_xlfn.XLOOKUP(K14,ABNT5101!$I:$I,ABNT5101!O:O) -> 14 | BE14: =IF(BO14="NÃO ATENDE","NÃO ATENDE",IF(BZ14="NÃO ATENDE","NÃO ATENDE",IF(CI14="NÃO ATENDE","NÃO ATENDE","ATENDE"))) -> ATENDE | BF14: =BI14/AY14-1 -> 0.025 | BG14: =BJ14/AZ14-1 -> 0.42105263 | BH14: =IF($K14="M6",BK14/BA14-1,"-") -> - | BI14: 30.75 | BJ14: 0.54 | BO14: =IF(OR(BP14="NÃO ATENDE",BQ14="NÃO ATENDE",BR14="NÃO ATENDE"),"NÃO ATENDE","ATENDE") -> ATENDE | BP14: =IF(BI14>=AY14,"ATENDE",IF(BI14>=0.99*AY14,"ATENDIMENTO LIMIAR","NÃO ATENDE")) -> ATENDE | BQ14: =IF(BJ14>=AZ14,"ATENDE",IF(BJ14>=(AZ14-0.02),"ATENDIMENTO LIMIAR","NÃO ATENDE")) -> ATENDE | BR14: =IF(BA14="-","ATENDE",IF(BK14>=BA14,"ATENDE",IF(BK14>=(BA14-0.02),"ATENDIMENTO LIMIAR","NÃO ATENDE"))) -> ATENDE | BS14: =K14 -> C1 | BT14: =M14 -> P4 | BU14: =IF(BV14="-","-",BV14/BX14-1) -> 1.1653333 | BV14: 16.24 | BW14: 10.26 | BX14: =IF(BT14="-","-",_xlfn.XLOOKUP(BT14,ABNT5101!$B$4:$B$9,ABNT5101!$C$4:$C$9)) -> 7.5 | BY14: =IF(BT14="-","-",_xlfn.XLOOKUP(BT14,ABNT5101!$B$4:$B$9,ABNT5101!$D$4:$D$9)) -> 1.5 | BZ14: =IF(CA14="-","-",IF(CA14="NÃO ATENDE","NÃO ATENDE",IF(CB14="NÃO ATENDE","NÃO ATENDE","ATENDE"))) -> ATENDE | CA14: =IF(BT14="-","-",IF(BV14>=BX14,"ATENDE",IF(BV14>=(BX14*0.99),"ATENDIMENTO LIMIAR","NÃO ATENDE"))) -> ATENDE | CB14: =IF(BT14="-","-",IF(BW14>=BY14,"ATENDE","NÃO ATENDE")) -> ATENDE | CC14: =BT14 -> P4 | CD14: =IF(CE14="-","-",CE14/CG14-1) -> #DIV/0! | CE14: 16.24 | CF14: 10.28 | CI14: =IF(CJ14="-","-",IF(CJ14="NÃO ATENDE","NÃO ATENDE",IF(CK14="NÃO ATENDE","NÃO ATENDE","ATENDE"))) -> ATENDE | CJ14: =IF(CC14="-","-",IF(CE14>=(CG14),"ATENDE",IF(CE14>=(0.99*CG14),"ATENDIMENTO LIMIAR","NÃO ATENDE"))) -> ATENDE | CK14: =IF(CC14="-","-",IF(CF14>=CH14,"ATENDE","NÃO ATENDE")) -> ATENDE | CL14: =_xlfn.XLOOKUP(CM14,'Banco de dados'!$B:$B,'Banco de dados'!$D:$D) -> LEDSTAR | CM14: ='Banco de dados'!B28 -> SL VT 9.1 100W | CN14: =_xlfn.XLOOKUP(CM14,'Banco de dados'!$B:$B,'Banco de dados'!$E:$E) -> LUM LED SL VT 9.1 100W | CP14: =IF(CO14="-","-",_xlfn.XLOOKUP(CO14,'Banco de dados'!$B:$B,'Banco de dados'!$E:$E)) -> 0 | CQ14: =AI14 -> 1 | CR14: =_xlfn.XLOOKUP(CM14,'Banco de dados'!$B:$B,'Banco de dados'!$H:$H) -> 100 | CS14: =_xlfn.XLOOKUP(CO14,'Banco de dados'!$B:$B,'Banco de dados'!$H:$H) -> 0 | CT14: =_xlfn.XLOOKUP(CM14,'Banco de dados'!$B:$B,'Banco de dados'!$F:$F) -> 15900 | CU14: =_xlfn.XLOOKUP(CO14,'Banco de dados'!$B:$B,'Banco de dados'!$F:$F) -> 0 | CW14: 5 | CX14: =IF(AK14<=0.5,"Curto I",IF(AND(AK14>='Braços de IP'!$B$9,AK14<='Braços de IP'!$D$9),'Braços de IP'!$E$9,IF(AND(AK14>='Braços de IP'!$B$10,AK14<='Braços de IP'!$D$10),'Braços de IP'!$E$10,IF(AND(AK14>='Braços de IP'!$B$11,AK14<='Braços de IP'!$D$11),'Braços de IP'!$E$11,IF(AND(AK14>='Braços de IP'!$B$12,AK14<='Braços de IP'!$D$12),'Braços de IP'!$E$12,IF(AND(AK14>='Braços de IP'!$B$13,AK14<='Braços de IP'!$D$13),'Braços de IP'!$E$13,IF(AND(AK14>='Braços de IP'!$B$14,AK14<='Braços de IP'!$D$14),'Braços de IP'!$E$14,"ERRO"))))))) -> Longo I | CZ14: =IF($CY14="","",VLOOKUP($CY14,'Braços de IP'!$E$9:$I$15,2,0)) | DA14: =IF($CY14="","",VLOOKUP($CY14,'Braços de IP'!$E$9:$I$15,5,0)) | DH14: =CR14 -> 100 | DI14: =O14 -> 200 | DJ14: =SUM(DH14:DI14)*CQ14 -> 300 | DK14: =1-DH14/DI14 -> 0.5 | DN14: Sim | DQ14: =((O14+P14)-CR14)/(O14+P14) -> 0.5
A15: 0.5 - Projeção do braço segundo nível | F15: 223373074 | G15: PVVP | H15: Avenida Caio Martins | I15: -19.565822 | J15: -44.077866 | K15: C1 | M15: P4 | N15: LED | O15: 200 | Q15: 60 | R15: 4 | S15: 2 | T15: 1.7 | U15: 7 | Y15: 1.7 | Z15: (7.5) 2.00 | AC15: 4.5 | AE15: Unilateral | AF15: Braço | AG15: 37.8 | AH15: 7.8 | AI15: 1 | AJ15: 0.4 | AK15: 2.7 | AL15: =AK15-AJ15 -> 2.3 | AM15: - | AN15: - | AO15: Não | AP15: =IF(AE15="Unilateral",2*AI15,IF(AE15="Bilateral Alternada",3*AI15,IF(AE15="Bilateral Frontal",4*AI15,IF(AE15="Canteiro Central",2*AI15,"erro")))) -> 2 | AQ15: 0 | AR15: 0 | AS15: 0 | AT15: 0 | AU15: 0 | AV15: 0 | AW15: =IF(AQ15=0,0,IF(AE15="Unilateral",2*AQ15,IF(AE15="Bilateral Alternada",3*AQ15,IF(AE15="Bilateral Frontal",4*AQ15,IF(AE15="Canteiro Central",2*AQ15,"erro"))))) -> 0 | AY15: =VLOOKUP(K15,ABNT5101!$I$3:$J$9,2) -> 30 | AZ15: =VLOOKUP(K15,ABNT5101!$I$3:$M$9,5) -> 0.38 | BA15: =_xlfn.XLOOKUP(K15,ABNT5101!$I:$I,ABNT5101!$L:$L) -> - | BB15: =_xlfn.XLOOKUP(K15,ABNT5101!$I:$I,ABNT5101!M:M) -> 0.38 | BC15: =_xlfn.XLOOKUP(K15,ABNT5101!$I:$I,ABNT5101!N:N) -> - | BD15: =_xlfn.XLOOKUP(K15,ABNT5101!$I:$I,ABNT5101!O:O) -> 14 | BE15: =IF(BO15="NÃO ATENDE","NÃO ATENDE",IF(BZ15="NÃO ATENDE","NÃO ATENDE",IF(CI15="NÃO ATENDE","NÃO ATENDE","ATENDE"))) -> ATENDE | BF15: =BI15/AY15-1 -> 0.064 | BG15: =BJ15/AZ15-1 -> 0.28947368 | BH15: =IF($K15="M6",BK15/BA15-1,"-") -> - | BI15: 31.92 | BJ15: 0.49 | BO15: =IF(OR(BP15="NÃO ATENDE",BQ15="NÃO ATENDE",BR15="NÃO ATENDE"),"NÃO ATENDE","ATENDE") -> ATENDE | BP15: =IF(BI15>=AY15,"ATENDE",IF(BI15>=0.99*AY15,"ATENDIMENTO LIMIAR","NÃO ATENDE")) -> ATENDE | BQ15: =IF(BJ15>=AZ15,"ATENDE",IF(BJ15>=(AZ15-0.02),"ATENDIMENTO LIMIAR","NÃO ATENDE")) -> ATENDE | BR15: =IF(BA15="-","ATENDE",IF(BK15>=BA15,"ATENDE",IF(BK15>=(BA15-0.02),"ATENDIMENTO LIMIAR","NÃO ATENDE"))) -> ATENDE | BS15: =K15 -> C1 | BT15: =M15 -> P4 | BU15: =IF(BV15="-","-",BV15/BX15-1) -> 1.24 | BV15: 16.8 | BW15: 9.05 | BX15: =IF(BT15="-","-",_xlfn.XLOOKUP(BT15,ABNT5101!$B$4:$B$9,ABNT5101!$C$4:$C$9)) -> 7.5 | BY15: =IF(BT15="-","-",_xlfn.XLOOKUP(BT15,ABNT5101!$B$4:$B$9,ABNT5101!$D$4:$D$9)) -> 1.5 | BZ15: =IF(CA15="-","-",IF(CA15="NÃO ATENDE","NÃO ATENDE",IF(CB15="NÃO ATENDE","NÃO ATENDE","ATENDE"))) -> ATENDE | CA15: =IF(BT15="-","-",IF(BV15>=BX15,"ATENDE",IF(BV15>=(BX15*0.99),"ATENDIMENTO LIMIAR","NÃO ATENDE"))) -> ATENDE | CB15: =IF(BT15="-","-",IF(BW15>=BY15,"ATENDE","NÃO ATENDE")) -> ATENDE | CC15: =BT15 -> P4 | CD15: =IF(CE15="-","-",CE15/CG15-1) -> #DIV/0! | CE15: 16.71 | CF15: 8.77 | CI15: =IF(CJ15="-","-",IF(CJ15="NÃO ATENDE","NÃO ATENDE",IF(CK15="NÃO ATENDE","NÃO ATENDE","ATENDE"))) -> ATENDE | CJ15: =IF(CC15="-","-",IF(CE15>=(CG15),"ATENDE",IF(CE15>=(0.99*CG15),"ATENDIMENTO LIMIAR","NÃO ATENDE"))) -> ATENDE | CK15: =IF(CC15="-","-",IF(CF15>=CH15,"ATENDE","NÃO ATENDE")) -> ATENDE | CL15: =_xlfn.XLOOKUP(CM15,'Banco de dados'!$B:$B,'Banco de dados'!$D:$D) -> SX LIGHTING | CM15: ='Banco de dados'!B62 -> SX-INLPP090HF | CN15: =_xlfn.XLOOKUP(CM15,'Banco de dados'!$B:$B,'Banco de dados'!$E:$E) -> SXINLPP090K40L12CZF7PHF | CP15: =IF(CO15="-","-",_xlfn.XLOOKUP(CO15,'Banco de dados'!$B:$B,'Banco de dados'!$E:$E)) -> 0 | CQ15: =AI15 -> 1 | CR15: =_xlfn.XLOOKUP(CM15,'Banco de dados'!$B:$B,'Banco de dados'!$H:$H) -> 90 | CS15: =_xlfn.XLOOKUP(CO15,'Banco de dados'!$B:$B,'Banco de dados'!$H:$H) -> 0 | CT15: =_xlfn.XLOOKUP(CM15,'Banco de dados'!$B:$B,'Banco de dados'!$F:$F) -> 15476 | CU15: =_xlfn.XLOOKUP(CO15,'Banco de dados'!$B:$B,'Banco de dados'!$F:$F) -> 0 | CW15: 5 | CX15: =IF(AK15<=0.5,"Curto I",IF(AND(AK15>='Braços de IP'!$B$9,AK15<='Braços de IP'!$D$9),'Braços de IP'!$E$9,IF(AND(AK15>='Braços de IP'!$B$10,AK15<='Braços de IP'!$D$10),'Braços de IP'!$E$10,IF(AND(AK15>='Braços de IP'!$B$11,AK15<='Braços de IP'!$D$11),'Braços de IP'!$E$11,IF(AND(AK15>='Braços de IP'!$B$12,AK15<='Braços de IP'!$D$12),'Braços de IP'!$E$12,IF(AND(AK15>='Braços de IP'!$B$13,AK15<='Braços de IP'!$D$13),'Braços de IP'!$E$13,IF(AND(AK15>='Braços de IP'!$B$14,AK15<='Braços de IP'!$D$14),'Braços de IP'!$E$14,"ERRO"))))))) -> Longo I | CZ15: =IF($CY15="","",VLOOKUP($CY15,'Braços de IP'!$E$9:$I$15,2,0)) | DA15: =IF($CY15="","",VLOOKUP($CY15,'Braços de IP'!$E$9:$I$15,5,0)) | DH15: =CR15 -> 90 | DI15: =O15 -> 200 | DJ15: =SUM(DH15:DI15)*CQ15 -> 290 | DK15: =1-DH15/DI15 -> 0.55 | DN15: Sim | DQ15: =((O15+P15)-CR15)/(O15+P15) -> 0.55
A16: 0.5 - Projeção do braço segundo nível | F16: 223373074 | G16: PVVP | H16: Avenida Caio Martins | I16: -19.565822 | J16: -44.077866 | K16: C1 | M16: P4 | N16: LED | O16: 200 | Q16: 60 | R16: 4 | S16: 2 | T16: 1.7 | U16: 7 | Y16: 1.7 | Z16: (7.5) 2.00 | AC16: 4.5 | AE16: Unilateral | AF16: Braço | AG16: 37.8 | AH16: 7.8 | AI16: 1 | AJ16: 0.4 | AK16: 2.7 | AL16: =AK16-AJ16 -> 2.3 | AM16: - | AN16: - | AO16: Não | AP16: =IF(AE16="Unilateral",2*AI16,IF(AE16="Bilateral Alternada",3*AI16,IF(AE16="Bilateral Frontal",4*AI16,IF(AE16="Canteiro Central",2*AI16,"erro")))) -> 2 | AQ16: 0 | AR16: 0 | AS16: 0 | AT16: 0 | AU16: 0 | AV16: 0 | AW16: =IF(AQ16=0,0,IF(AE16="Unilateral",2*AQ16,IF(AE16="Bilateral Alternada",3*AQ16,IF(AE16="Bilateral Frontal",4*AQ16,IF(AE16="Canteiro Central",2*AQ16,"erro"))))) -> 0 | AY16: =VLOOKUP(K16,ABNT5101!$I$3:$J$9,2) -> 30 | AZ16: =VLOOKUP(K16,ABNT5101!$I$3:$M$9,5) -> 0.38 | BA16: =_xlfn.XLOOKUP(K16,ABNT5101!$I:$I,ABNT5101!$L:$L) -> - | BB16: =_xlfn.XLOOKUP(K16,ABNT5101!$I:$I,ABNT5101!M:M) -> 0.38 | BC16: =_xlfn.XLOOKUP(K16,ABNT5101!$I:$I,ABNT5101!N:N) -> - | BD16: =_xlfn.XLOOKUP(K16,ABNT5101!$I:$I,ABNT5101!O:O) -> 14 | BE16: =IF(BO16="NÃO ATENDE","NÃO ATENDE",IF(BZ16="NÃO ATENDE","NÃO ATENDE",IF(CI16="NÃO ATENDE","NÃO ATENDE","ATENDE"))) -> ATENDE | BF16: =BI16/AY16-1 -> 0.17633333 | BG16: =BJ16/AZ16-1 -> 0.13157895 | BH16: =IF($K16="M6",BK16/BA16-1,"-") -> - | BI16: 35.29 | BJ16: 0.43 | BO16: =IF(OR(BP16="NÃO ATENDE",BQ16="NÃO ATENDE",BR16="NÃO ATENDE"),"NÃO ATENDE","ATENDE") -> ATENDE | BP16: =IF(BI16>=AY16,"ATENDE",IF(BI16>=0.99*AY16,"ATENDIMENTO LIMIAR","NÃO ATENDE")) -> ATENDE | BQ16: =IF(BJ16>=AZ16,"ATENDE",IF(BJ16>=(AZ16-0.02),"ATENDIMENTO LIMIAR","NÃO ATENDE")) -> ATENDE | BR16: =IF(BA16="-","ATENDE",IF(BK16>=BA16,"ATENDE",IF(BK16>=(BA16-0.02),"ATENDIMENTO LIMIAR","NÃO ATENDE"))) -> ATENDE | BS16: =K16 -> C1 | BT16: =M16 -> P4 | BU16: =IF(BV16="-","-",BV16/BX16-1) -> 1.6386667 | BV16: 19.79 | BW16: 11.24 | BX16: =IF(BT16="-","-",_xlfn.XLOOKUP(BT16,ABNT5101!$B$4:$B$9,ABNT5101!$C$4:$C$9)) -> 7.5 | BY16: =IF(BT16="-","-",_xlfn.XLOOKUP(BT16,ABNT5101!$B$4:$B$9,ABNT5101!$D$4:$D$9)) -> 1.5 | BZ16: =IF(CA16="-","-",IF(CA16="NÃO ATENDE","NÃO ATENDE",IF(CB16="NÃO ATENDE","NÃO ATENDE","ATENDE"))) -> ATENDE | CA16: =IF(BT16="-","-",IF(BV16>=BX16,"ATENDE",IF(BV16>=(BX16*0.99),"ATENDIMENTO LIMIAR","NÃO ATENDE"))) -> ATENDE | CB16: =IF(BT16="-","-",IF(BW16>=BY16,"ATENDE","NÃO ATENDE")) -> ATENDE | CC16: =BT16 -> P4 | CD16: =IF(CE16="-","-",CE16/CG16-1) -> #DIV/0! | CE16: 19.82 | CF16: 11.16 | CI16: =IF(CJ16="-","-",IF(CJ16="NÃO ATENDE","NÃO ATENDE",IF(CK16="NÃO ATENDE","NÃO ATENDE","ATENDE"))) -> ATENDE | CJ16: =IF(CC16="-","-",IF(CE16>=(CG16),"ATENDE",IF(CE16>=(0.99*CG16),"ATENDIMENTO LIMIAR","NÃO ATENDE"))) -> ATENDE | CK16: =IF(CC16="-","-",IF(CF16>=CH16,"ATENDE","NÃO ATENDE")) -> ATENDE | CL16: =_xlfn.XLOOKUP(CM16,'Banco de dados'!$B:$B,'Banco de dados'!$D:$D) -> TECNOWATT | CM16: ='Banco de dados'!B76 -> SIGMAGPTLRRSMNDL120W_82IBBR | CN16: =_xlfn.XLOOKUP(CM16,'Banco de dados'!$B:$B,'Banco de dados'!$E:$E) -> SIGMAGPTLRRSMNDL120W_82IBBR S1-10C1MUN6.5 | CP16: =IF(CO16="-","-",_xlfn.XLOOKUP(CO16,'Banco de dados'!$B:$B,'Banco de dados'!$E:$E)) -> 0 | CQ16: =AI16 -> 1 | CR16: =_xlfn.XLOOKUP(CM16,'Banco de dados'!$B:$B,'Banco de dados'!$H:$H) -> 120 | CS16: =_xlfn.XLOOKUP(CO16,'Banco de dados'!$B:$B,'Banco de dados'!$H:$H) -> 0 | CT16: =_xlfn.XLOOKUP(CM16,'Banco de dados'!$B:$B,'Banco de dados'!$F:$F) -> 19640 | CU16: =_xlfn.XLOOKUP(CO16,'Banco de dados'!$B:$B,'Banco de dados'!$F:$F) -> 0 | CX16: =IF(AK16<=0.5,"Curto I",IF(AND(AK16>='Braços de IP'!$B$9,AK16<='Braços de IP'!$D$9),'Braços de IP'!$E$9,IF(AND(AK16>='Braços de IP'!$B$10,AK16<='Braços de IP'!$D$10),'Braços de IP'!$E$10,IF(AND(AK16>='Braços de IP'!$B$11,AK16<='Braços de IP'!$D$11),'Braços de IP'!$E$11,IF(AND(AK16>='Braços de IP'!$B$12,AK16<='Braços de IP'!$D$12),'Braços de IP'!$E$12,IF(AND(AK16>='Braços de IP'!$B$13,AK16<='Braços de IP'!$D$13),'Braços de IP'!$E$13,IF(AND(AK16>='Braços de IP'!$B$14,AK16<='Braços de IP'!$D$14),'Braços de IP'!$E$14,"ERRO"))))))) -> Longo I | CZ16: =IF($CY16="","",VLOOKUP($CY16,'Braços de IP'!$E$9:$I$15,2,0)) | DA16: =IF($CY16="","",VLOOKUP($CY16,'Braços de IP'!$E$9:$I$15,5,0)) | DH16: =CR16 -> 120 | DI16: =O16 -> 200 | DJ16: =SUM(DH16:DI16)*CQ16 -> 320 | DK16: =1-DH16/DI16 -> 0.4 | DN16: Sim | DQ16: =((O16+P16)-CR16)/(O16+P16) -> 0.4
B17: Alexandre | C17: ok | D17: Penelope | E17: ok | F17: 1209143166 | G17: PVP | H17: Rodovia Engenheiro Idsel Costa Martins | I17: -19.5631 | J17: -44.079178 | K17: C1 | M17: P4 | N17: LED | O17: 200 | S17: 2 | T17: 1.8 | U17: 8.5 | Y17: 1.8 | AE17: Unilateral | AF17: Braço | AG17: 35.3 | AH17: 8 | AI17: 1 | AJ17: 1 | AK17: 3.3 | AL17: =AK17-AJ17 -> 2.3 | AM17: - | AN17: - | AO17: Não | AP17: =IF(AE17="Unilateral",2*AI17,IF(AE17="Bilateral Alternada",3*AI17,IF(AE17="Bilateral Frontal",4*AI17,IF(AE17="Canteiro Central",2*AI17,"erro")))) -> 2 | AQ17: 0 | AR17: 0 | AS17: 0 | AT17: 0 | AU17: 0 | AV17: 0 | AW17: =IF(AQ17=0,0,IF(AE17="Unilateral",2*AQ17,IF(AE17="Bilateral Alternada",3*AQ17,IF(AE17="Bilateral Frontal",4*AQ17,IF(AE17="Canteiro Central",2*AQ17,"erro"))))) -> 0 | AY17: =VLOOKUP(K17,ABNT5101!$I$3:$J$9,2) -> 30 | AZ17: =VLOOKUP(K17,ABNT5101!$I$3:$M$9,5) -> 0.38 | BA17: =_xlfn.XLOOKUP(K17,ABNT5101!$I:$I,ABNT5101!$L:$L) -> - | BB17: =_xlfn.XLOOKUP(K17,ABNT5101!$I:$I,ABNT5101!M:M) -> 0.38 | BC17: =_xlfn.XLOOKUP(K17,ABNT5101!$I:$I,ABNT5101!N:N) -> - | BD17: =_xlfn.XLOOKUP(K17,ABNT5101!$I:$I,ABNT5101!O:O) -> 14 | BE17: =IF(BO17="NÃO ATENDE","NÃO ATENDE",IF(BZ17="NÃO ATENDE","NÃO ATENDE",IF(CI17="NÃO ATENDE","NÃO ATENDE","ATENDE"))) -> ATENDE | BF17: =BI17/AY17-1 -> 0.060666667 | BG17: =BJ17/AZ17-1 -> 0.078947368 | BH17: =IF($K17="M6",BK17/BA17-1,"-") -> - | BI17: 31.82 | BJ17: 0.41 | BO17: =IF(OR(BP17="NÃO ATENDE",BQ17="NÃO ATENDE",BR17="NÃO ATENDE"),"NÃO ATENDE","ATENDE") -> ATENDE | BP17: =IF(BI17>=AY17,"ATENDE",IF(BI17>=0.99*AY17,"ATENDIMENTO LIMIAR","NÃO ATENDE")) -> ATENDE | BQ17: =IF(BJ17>=AZ17,"ATENDE",IF(BJ17>=(AZ17-0.02),"ATENDIMENTO LIMIAR","NÃO ATENDE")) -> ATENDE | BR17: =IF(BA17="-","ATENDE",IF(BK17>=BA17,"ATENDE",IF(BK17>=(BA17-0.02),"ATENDIMENTO LIMIAR","NÃO ATENDE"))) -> ATENDE | BS17: =K17 -> C1 | BT17: =M17 -> P4 | BU17: =IF(BV17="-","-",BV17/BX17-1) -> 2.072 | BV17: 23.04 | BW17: 13.55 | BX17: =IF(BT17="-","-",_xlfn.XLOOKUP(BT17,ABNT5101!$B$4:$B$9,ABNT5101!$C$4:$C$9)) -> 7.5 | BY17: =IF(BT17="-","-",_xlfn.XLOOKUP(BT17,ABNT5101!$B$4:$B$9,ABNT5101!$D$4:$D$9)) -> 1.5 | BZ17: =IF(CA17="-","-",IF(CA17="NÃO ATENDE","NÃO ATENDE",IF(CB17="NÃO ATENDE","NÃO ATENDE","ATENDE"))) -> ATENDE | CA17: =IF(BT17="-","-",IF(BV17>=BX17,"ATENDE",IF(BV17>=(BX17*0.99),"ATENDIMENTO LIMIAR","NÃO ATENDE"))) -> ATENDE | CB17: =IF(BT17="-","-",IF(BW17>=BY17,"ATENDE","NÃO ATENDE")) -> ATENDE | CC17: =BT17 -> P4 | CD17: =IF(CE17="-","-",CE17/CG17-1) -> #DIV/0! | CE17: 23.06 | CF17: 9.26 | CI17: =IF(CJ17="-","-",IF(CJ17="NÃO ATENDE","NÃO ATENDE",IF(CK17="NÃO ATENDE","NÃO ATENDE","ATENDE"))) -> ATENDE | CJ17: =IF(CC17="-","-",IF(CE17>=(CG17),"ATENDE",IF(CE17>=(0.99*CG17),"ATENDIMENTO LIMIAR","NÃO ATENDE"))) -> ATENDE | CK17: =IF(CC17="-","-",IF(CF17>=CH17,"ATENDE","NÃO ATENDE")) -> ATENDE | CL17: =_xlfn.XLOOKUP(CM17,'Banco de dados'!$B:$B,'Banco de dados'!$D:$D) -> LEDSTAR | CM17: ='Banco de dados'!B35 -> SL VT 9.1 140W | CN17: =_xlfn.XLOOKUP(CM17,'Banco de dados'!$B:$B,'Banco de dados'!$E:$E) -> LUM LED SL VT 9.1 140W | CP17: =IF(CO17="-","-",_xlfn.XLOOKUP(CO17,'Banco de dados'!$B:$B,'Banco de dados'!$E:$E)) -> 0 | CQ17: =AI17 -> 1 | CR17: =_xlfn.XLOOKUP(CM17,'Banco de dados'!$B:$B,'Banco de dados'!$H:$H) -> 140 | CS17: =_xlfn.XLOOKUP(CO17,'Banco de dados'!$B:$B,'Banco de dados'!$H:$H) -> 0 | CT17: =_xlfn.XLOOKUP(CM17,'Banco de dados'!$B:$B,'Banco de dados'!$F:$F) -> 22440 | CU17: =_xlfn.XLOOKUP(CO17,'Banco de dados'!$B:$B,'Banco de dados'!$F:$F) -> 0 | CX17: =IF(AK17<=0.5,"Curto I",IF(AND(AK17>='Braços de IP'!$B$9,AK17<='Braços de IP'!$D$9),'Braços de IP'!$E$9,IF(AND(AK17>='Braços de IP'!$B$10,AK17<='Braços de IP'!$D$10),'Braços de IP'!$E$10,IF(AND(AK17>='Braços de IP'!$B$11,AK17<='Braços de IP'!$D$11),'Braços de IP'!$E$11,IF(AND(AK17>='Braços de IP'!$B$12,AK17<='Braços de IP'!$D$12),'Braços de IP'!$E$12,IF(AND(AK17>='Braços de IP'!$B$13,AK17<='Braços de IP'!$D$13),'Braços de IP'!$E$13,IF(AND(AK17>='Braços de IP'!$B$14,AK17<='Braços de IP'!$D$14),'Braços de IP'!$E$14,"ERRO"))))))) -> Longo II | CZ17: =IF($CY17="","",VLOOKUP($CY17,'Braços de IP'!$E$9:$I$15,2,0)) | DA17: =IF($CY17="","",VLOOKUP($CY17,'Braços de IP'!$E$9:$I$15,5,0)) | DH17: =CR17 -> 140 | DI17: =O17 -> 200 | DJ17: =SUM(DH17:DI17)*CQ17 -> 340 | DK17: =1-DH17/DI17 -> 0.3 | DN17: Sim | DQ17: =((O17+P17)-CR17)/(O17+P17) -> 0.3
F18: 1209143166 | G18: PVP | H18: Rodovia Engenheiro Idsel Costa Martins | I18: -19.5631 | J18: -44.079178 | K18: C1 | M18: P4 | N18: LED | O18: 200 | S18: 2 | T18: 1.8 | U18: 8.5 | Y18: 1.8 | AE18: Unilateral | AF18: Braço | AG18: 35.3 | AH18: 8 | AI18: 1 | AJ18: 1 | AK18: 3.3 | AL18: =AK18-AJ18 -> 2.3 | AM18: - | AN18: - | AO18: Não | AP18: =IF(AE18="Unilateral",2*AI18,IF(AE18="Bilateral Alternada",3*AI18,IF(AE18="Bilateral Frontal",4*AI18,IF(AE18="Canteiro Central",2*AI18,"erro")))) -> 2 | AQ18: 0 | AR18: 0 | AS18: 0 | AT18: 0 | AU18: 0 | AV18: 0 | AW18: =IF(AQ18=0,0,IF(AE18="Unilateral",2*AQ18,IF(AE18="Bilateral Alternada",3*AQ18,IF(AE18="Bilateral Frontal",4*AQ18,IF(AE18="Canteiro Central",2*AQ18,"erro"))))) -> 0 | AY18: =VLOOKUP(K18,ABNT5101!$I$3:$J$9,2) -> 30 | AZ18: =VLOOKUP(K18,ABNT5101!$I$3:$M$9,5) -> 0.38 | BA18: =_xlfn.XLOOKUP(K18,ABNT5101!$I:$I,ABNT5101!$L:$L) -> - | BB18: =_xlfn.XLOOKUP(K18,ABNT5101!$I:$I,ABNT5101!M:M) -> 0.38 | BC18: =_xlfn.XLOOKUP(K18,ABNT5101!$I:$I,ABNT5101!N:N) -> - | BD18: =_xlfn.XLOOKUP(K18,ABNT5101!$I:$I,ABNT5101!O:O) -> 14 | BE18: =IF(BO18="NÃO ATENDE","NÃO ATENDE",IF(BZ18="NÃO ATENDE","NÃO ATENDE",IF(CI18="NÃO ATENDE","NÃO ATENDE","ATENDE"))) -> ATENDE | BF18: =BI18/AY18-1 -> 0.087333333 | BG18: =BJ18/AZ18-1 -> 0.28947368 | BH18: =IF($K18="M6",BK18/BA18-1,"-") -> - | BI18: 32.62 | BJ18: 0.49 | BO18: =IF(OR(BP18="NÃO ATENDE",BQ18="NÃO ATENDE",BR18="NÃO ATENDE"),"NÃO ATENDE","ATENDE") -> ATENDE | BP18: =IF(BI18>=AY18,"ATENDE",IF(BI18>=0.99*AY18,"ATENDIMENTO LIMIAR","NÃO ATENDE")) -> ATENDE | BQ18: =IF(BJ18>=AZ18,"ATENDE",IF(BJ18>=(AZ18-0.02),"ATENDIMENTO LIMIAR","NÃO ATENDE")) -> ATENDE | BR18: =IF(BA18="-","ATENDE",IF(BK18>=BA18,"ATENDE",IF(BK18>=(BA18-0.02),"ATENDIMENTO LIMIAR","NÃO ATENDE"))) -> ATENDE | BS18: =K18 -> C1 | BT18: =M18 -> P4 | BU18: =IF(BV18="-","-",BV18/BX18-1) -> 1.6093333 | BV18: 19.57 | BW18: 11.33 | BX18: =IF(BT18="-","-",_xlfn.XLOOKUP(BT18,ABNT5101!$B$4:$B$9,ABNT5101!$C$4:$C$9)) -> 7.5 | BY18: =IF(BT18="-","-",_xlfn.XLOOKUP(BT18,ABNT5101!$B$4:$B$9,ABNT5101!$D$4:$D$9)) -> 1.5 | BZ18: =IF(CA18="-","-",IF(CA18="NÃO ATENDE","NÃO ATENDE",IF(CB18="NÃO ATENDE","NÃO ATENDE","ATENDE"))) -> ATENDE | CA18: =IF(BT18="-","-",IF(BV18>=BX18,"ATENDE",IF(BV18>=(BX18*0.99),"ATENDIMENTO LIMIAR","NÃO ATENDE"))) -> ATENDE | CB18: =IF(BT18="-","-",IF(BW18>=BY18,"ATENDE","NÃO ATENDE")) -> ATENDE | CC18: =BT18 -> P4 | CD18: =IF(CE18="-","-",CE18/CG18-1) -> #DIV/0! | CE18: 25.52 | CF18: 15.62 | CI18: =IF(CJ18="-","-",IF(CJ18="NÃO ATENDE","NÃO ATENDE",IF(CK18="NÃO ATENDE","NÃO ATENDE","ATENDE"))) -> ATENDE | CJ18: =IF(CC18="-","-",IF(CE18>=(CG18),"ATENDE",IF(CE18>=(0.99*CG18),"ATENDIMENTO LIMIAR","NÃO ATENDE"))) -> ATENDE | CK18: =IF(CC18="-","-",IF(CF18>=CH18,"ATENDE","NÃO ATENDE")) -> ATENDE | CL18: =_xlfn.XLOOKUP(CM18,'Banco de dados'!$B:$B,'Banco de dados'!$D:$D) -> SX LIGHTING | CM18: ='Banco de dados'!B65 -> SX-INLPP150HF | CN18: =_xlfn.XLOOKUP(CM18,'Banco de dados'!$B:$B,'Banco de dados'!$E:$E) -> SXINLPP150K40L12CZF7PHF | CP18: =IF(CO18="-","-",_xlfn.XLOOKUP(CO18,'Banco de dados'!$B:$B,'Banco de dados'!$E:$E)) -> 0 | CQ18: =AI18 -> 1 | CR18: =_xlfn.XLOOKUP(CM18,'Banco de dados'!$B:$B,'Banco de dados'!$H:$H) -> 137 | CS18: =_xlfn.XLOOKUP(CO18,'Banco de dados'!$B:$B,'Banco de dados'!$H:$H) -> 0 | CT18: =_xlfn.XLOOKUP(CM18,'Banco de dados'!$B:$B,'Banco de dados'!$F:$F) -> 23817 | CU18: =_xlfn.XLOOKUP(CO18,'Banco de dados'!$B:$B,'Banco de dados'!$F:$F) -> 0 | CX18: =IF(AK18<=0.5,"Curto I",IF(AND(AK18>='Braços de IP'!$B$9,AK18<='Braços de IP'!$D$9),'Braços de IP'!$E$9,IF(AND(AK18>='Braços de IP'!$B$10,AK18<='Braços de IP'!$D$10),'Braços de IP'!$E$10,IF(AND(AK18>='Braços de IP'!$B$11,AK18<='Braços de IP'!$D$11),'Braços de IP'!$E$11,IF(AND(AK18>='Braços de IP'!$B$12,AK18<='Braços de IP'!$D$12),'Braços de IP'!$E$12,IF(AND(AK18>='Braços de IP'!$B$13,AK18<='Braços de IP'!$D$13),'Braços de IP'!$E$13,IF(AND(AK18>='Braços de IP'!$B$14,AK18<='Braços de IP'!$D$14),'Braços de IP'!$E$14,"ERRO"))))))) -> Longo II | CZ18: =IF($CY18="","",VLOOKUP($CY18,'Braços de IP'!$E$9:$I$15,2,0)) | DA18: =IF($CY18="","",VLOOKUP($CY18,'Braços de IP'!$E$9:$I$15,5,0)) | DH18: =CR18 -> 137 | DI18: =O18 -> 200 | DJ18: =SUM(DH18:DI18)*CQ18 -> 337 | DK18: =1-DH18/DI18 -> 0.315 | DN18: Sim | DQ18: =((O18+P18)-CR18)/(O18+P18) -> 0.315
F19: 1209143166 | G19: PVP | H19: Rodovia Engenheiro Idsel Costa Martins | I19: -19.5631 | J19: -44.079178 | K19: C1 | M19: P4 | N19: LED | O19: 200 | S19: 2 | T19: 1.8 | U19: 8.5 | Y19: 1.8 | AE19: Unilateral | AF19: Braço | AG19: 35.3 | AH19: 8 | AI19: 1 | AJ19: 1 | AK19: 3.3 | AL19: =AK19-AJ19 -> 2.3 | AM19: - | AN19: - | AO19: Não | AP19: =IF(AE19="Unilateral",2*AI19,IF(AE19="Bilateral Alternada",3*AI19,IF(AE19="Bilateral Frontal",4*AI19,IF(AE19="Canteiro Central",2*AI19,"erro")))) -> 2 | AQ19: 0 | AR19: 0 | AS19: 0 | AT19: 0 | AU19: 0 | AV19: 0 | AW19: =IF(AQ19=0,0,IF(AE19="Unilateral",2*AQ19,IF(AE19="Bilateral Alternada",3*AQ19,IF(AE19="Bilateral Frontal",4*AQ19,IF(AE19="Canteiro Central",2*AQ19,"erro"))))) -> 0 | AY19: =VLOOKUP(K19,ABNT5101!$I$3:$J$9,2) -> 30 | AZ19: =VLOOKUP(K19,ABNT5101!$I$3:$M$9,5) -> 0.38 | BA19: =_xlfn.XLOOKUP(K19,ABNT5101!$I:$I,ABNT5101!$L:$L) -> - | BB19: =_xlfn.XLOOKUP(K19,ABNT5101!$I:$I,ABNT5101!M:M) -> 0.38 | BC19: =_xlfn.XLOOKUP(K19,ABNT5101!$I:$I,ABNT5101!N:N) -> - | BD19: =_xlfn.XLOOKUP(K19,ABNT5101!$I:$I,ABNT5101!O:O) -> 14 | BE19: =IF(BO19="NÃO ATENDE","NÃO ATENDE",IF(BZ19="NÃO ATENDE","NÃO ATENDE",IF(CI19="NÃO ATENDE","NÃO ATENDE","ATENDE"))) -> ATENDE | BF19: =BI19/AY19-1 -> 0.083666667 | BG19: =BJ19/AZ19-1 -> 0.39473684 | BH19: =IF($K19="M6",BK19/BA19-1,"-") -> - | BI19: 32.51 | BJ19: 0.53 | BO19: =IF(OR(BP19="NÃO ATENDE",BQ19="NÃO ATENDE",BR19="NÃO ATENDE"),"NÃO ATENDE","ATENDE") -> ATENDE | BP19: =IF(BI19>=AY19,"ATENDE",IF(BI19>=0.99*AY19,"ATENDIMENTO LIMIAR","NÃO ATENDE")) -> ATENDE | BQ19: =IF(BJ19>=AZ19,"ATENDE",IF(BJ19>=(AZ19-0.02),"ATENDIMENTO LIMIAR","NÃO ATENDE")) -> ATENDE | BR19: =IF(BA19="-","ATENDE",IF(BK19>=BA19,"ATENDE",IF(BK19>=(BA19-0.02),"ATENDIMENTO LIMIAR","NÃO ATENDE"))) -> ATENDE | BS19: =K19 -> C1 | BT19: =M19 -> P4 | BU19: =IF(BV19="-","-",BV19/BX19-1) -> 1.6106667 | BV19: 19.58 | BW19: 15.75 | BX19: =IF(BT19="-","-",_xlfn.XLOOKUP(BT19,ABNT5101!$B$4:$B$9,ABNT5101!$C$4:$C$9)) -> 7.5 | BY19: =IF(BT19="-","-",_xlfn.XLOOKUP(BT19,ABNT5101!$B$4:$B$9,ABNT5101!$D$4:$D$9)) -> 1.5 | BZ19: =IF(CA19="-","-",IF(CA19="NÃO ATENDE","NÃO ATENDE",IF(CB19="NÃO ATENDE","NÃO ATENDE","ATENDE"))) -> ATENDE | CA19: =IF(BT19="-","-",IF(BV19>=BX19,"ATENDE",IF(BV19>=(BX19*0.99),"ATENDIMENTO LIMIAR","NÃO ATENDE"))) -> ATENDE | CB19: =IF(BT19="-","-",IF(BW19>=BY19,"ATENDE","NÃO ATENDE")) -> ATENDE | CC19: =BT19 -> P4 | CD19: =IF(CE19="-","-",CE19/CG19-1) -> #DIV/0! | CE19: 22.39 | CF19: 13.06 | CI19: =IF(CJ19="-","-",IF(CJ19="NÃO ATENDE","NÃO ATENDE",IF(CK19="NÃO ATENDE","NÃO ATENDE","ATENDE"))) -> ATENDE | CJ19: =IF(CC19="-","-",IF(CE19>=(CG19),"ATENDE",IF(CE19>=(0.99*CG19),"ATENDIMENTO LIMIAR","NÃO ATENDE"))) -> ATENDE | CK19: =IF(CC19="-","-",IF(CF19>=CH19,"ATENDE","NÃO ATENDE")) -> ATENDE | CL19: =_xlfn.XLOOKUP(CM19,'Banco de dados'!$B:$B,'Banco de dados'!$D:$D) -> TECNOWATT | CM19: ='Banco de dados'!B77 -> SIGMAGPTLRRSMNDL150W102IBBR | CN19: =_xlfn.XLOOKUP(CM19,'Banco de dados'!$B:$B,'Banco de dados'!$E:$E) -> SIGMAGPTLRRSMNDL150W102IBBR S1-10C1MUN6.5 | CP19: =IF(CO19="-","-",_xlfn.XLOOKUP(CO19,'Banco de dados'!$B:$B,'Banco de dados'!$E:$E)) -> 0 | CQ19: =AI19 -> 1 | CR19: =_xlfn.XLOOKUP(CM19,'Banco de dados'!$B:$B,'Banco de dados'!$H:$H) -> 150 | CS19: =_xlfn.XLOOKUP(CO19,'Banco de dados'!$B:$B,'Banco de dados'!$H:$H) -> 0 | CT19: =_xlfn.XLOOKUP(CM19,'Banco de dados'!$B:$B,'Banco de dados'!$F:$F) -> 23000 | CU19: =_xlfn.XLOOKUP(CO19,'Banco de dados'!$B:$B,'Banco de dados'!$F:$F) -> 0 | CX19: =IF(AK19<=0.5,"Curto I",IF(AND(AK19>='Braços de IP'!$B$9,AK19<='Braços de IP'!$D$9),'Braços de IP'!$E$9,IF(AND(AK19>='Braços de IP'!$B$10,AK19<='Braços de IP'!$D$10),'Braços de IP'!$E$10,IF(AND(AK19>='Braços de IP'!$B$11,AK19<='Braços de IP'!$D$11),'Braços de IP'!$E$11,IF(AND(AK19>='Braços de IP'!$B$12,AK19<='Braços de IP'!$D$12),'Braços de IP'!$E$12,IF(AND(AK19>='Braços de IP'!$B$13,AK19<='Braços de IP'!$D$13),'Braços de IP'!$E$13,IF(AND(AK19>='Braços de IP'!$B$14,AK19<='Braços de IP'!$D$14),'Braços de IP'!$E$14,"ERRO"))))))) -> Longo II | CZ19: =IF($CY19="","",VLOOKUP($CY19,'Braços de IP'!$E$9:$I$15,2,0)) | DA19: =IF($CY19="","",VLOOKUP($CY19,'Braços de IP'!$E$9:$I$15,5,0)) | DH19: =CR19 -> 150 | DI19: =O19 -> 200 | DJ19: =SUM(DH19:DI19)*CQ19 -> 350 | DK19: =1-DH19/DI19 -> 0.25 | DN19: Sim | DQ19: =((O19+P19)-CR19)/(O19+P19) -> 0.25
A20: Verificado que a estrutura predominante é PVP / Corrigido a distancia do poste a via de 0.70 para 3, não foi considerado inicialmente o estacionamento de 2.30. | B20: Alexandre | C20: ok | D20: Penelope | E20: ok | F20: 223674809 | G20: (V) PVP | H20: Avenida Bento Gonçalves | I20: -19.557717 | J20: -44.084995 | K20: C2 | M20: P4 | N20: LED | O20: 200 | S20: 2 | T20: 1.5 | U20: 6.5 | Y20: 1.5 | AC20: 2.3 | AD20: 2.3 | AE20: Unilateral | AF20: Braço | AG20: 37.3 | AH20: 7.6 | AI20: 1 | AJ20: 3 | AK20: 3.2 | AL20: =AK20-AJ20 -> 0.2 | AM20: - | AN20: - | AO20: Não | AP20: =IF(AE20="Unilateral",2*AI20,IF(AE20="Bilateral Alternada",3*AI20,IF(AE20="Bilateral Frontal",4*AI20,IF(AE20="Canteiro Central",2*AI20,"erro")))) -> 2 | AQ20: 0 | AR20: 0 | AS20: 0 | AT20: 0 | AU20: 0 | AV20: 0 | AW20: =IF(AQ20=0,0,IF(AE20="Unilateral",2*AQ20,IF(AE20="Bilateral Alternada",3*AQ20,IF(AE20="Bilateral Frontal",4*AQ20,IF(AE20="Canteiro Central",2*AQ20,"erro"))))) -> 0 | AY20: =VLOOKUP(K20,ABNT5101!$I$3:$J$9,2) -> 20 | AZ20: =VLOOKUP(K20,ABNT5101!$I$3:$M$9,5) -> 0.28 | BA20: =_xlfn.XLOOKUP(K20,ABNT5101!$I:$I,ABNT5101!$L:$L) -> - | BB20: =_xlfn.XLOOKUP(K20,ABNT5101!$I:$I,ABNT5101!M:M) -> 0.28 | BC20: =_xlfn.XLOOKUP(K20,ABNT5101!$I:$I,ABNT5101!N:N) -> - | BD20: =_xlfn.XLOOKUP(K20,ABNT5101!$I:$I,ABNT5101!O:O) -> 14 | BE20: =IF(BO20="NÃO ATENDE","NÃO ATENDE",IF(BZ20="NÃO ATENDE","NÃO ATENDE",IF(CI20="NÃO ATENDE","NÃO ATENDE","ATENDE"))) -> ATENDE | BF20: =BI20/AY20-1 -> 0.173 | BG20: =BJ20/AZ20-1 -> 0 | BH20: =IF($K20="M6",BK20/BA20-1,"-") -> - | BI20: 23.46 | BJ20: 0.28 | BO20: =IF(OR(BP20="NÃO ATENDE",BQ20="NÃO ATENDE",BR20="NÃO ATENDE"),"NÃO ATENDE","ATENDE") -> ATENDE | BP20: =IF(BI20>=AY20,"ATENDE",IF(BI20>=0.99*AY20,"ATENDIMENTO LIMIAR","NÃO ATENDE")) -> ATENDE | BQ20: =IF(BJ20>=AZ20,"ATENDE",IF(BJ20>=(AZ20-0.02),"ATENDIMENTO LIMIAR","NÃO ATENDE")) -> ATENDE | BR20: =IF(BA20="-","ATENDE",IF(BK20>=BA20,"ATENDE",IF(BK20>=(BA20-0.02),"ATENDIMENTO LIMIAR","NÃO ATENDE"))) -> ATENDE | BS20: =K20 -> C2 | BT20: =M20 -> P4 | BU20: =IF(BV20="-","-",BV20/BX20-1) -> 0.041333333 | BV20: 7.81 | BW20: 2.29 | BX20: =IF(BT20="-","-",_xlfn.XLOOKUP(BT20,ABNT5101!$B$4:$B$9,ABNT5101!$C$4:$C$9)) -> 7.5 | BY20: =IF(BT20="-","-",_xlfn.XLOOKUP(BT20,ABNT5101!$B$4:$B$9,ABNT5101!$D$4:$D$9)) -> 1.5 | BZ20: =IF(CA20="-","-",IF(CA20="NÃO ATENDE","NÃO ATENDE",IF(CB20="NÃO ATENDE","NÃO ATENDE","ATENDE"))) -> ATENDE | CA20: =IF(BT20="-","-",IF(BV20>=BX20,"ATENDE",IF(BV20>=(BX20*0.99),"ATENDIMENTO LIMIAR","NÃO ATENDE"))) -> ATENDE | CB20: =IF(BT20="-","-",IF(BW20>=BY20,"ATENDE","NÃO ATENDE")) -> ATENDE | CC20: =BT20 -> P4 | CD20: =IF(CE20="-","-",CE20/CG20-1) -> #DIV/0! | CE20: 15.28 | CF20: 8.51 | CI20: =IF(CJ20="-","-",IF(CJ20="NÃO ATENDE","NÃO ATENDE",IF(CK20="NÃO ATENDE","NÃO ATENDE","ATENDE"))) -> ATENDE | CJ20: =IF(CC20="-","-",IF(CE20>=(CG20),"ATENDE",IF(CE20>=(0.99*CG20),"ATENDIMENTO LIMIAR","NÃO ATENDE"))) -> ATENDE | CK20: =IF(CC20="-","-",IF(CF20>=CH20,"ATENDE","NÃO ATENDE")) -> ATENDE | CL20: =_xlfn.XLOOKUP(CM20,'Banco de dados'!$B:$B,'Banco de dados'!$D:$D) -> LEDSTAR | CM20: ='Banco de dados'!B28 -> SL VT 9.1 100W | CN20: =_xlfn.XLOOKUP(CM20,'Banco de dados'!$B:$B,'Banco de dados'!$E:$E) -> LUM LED SL VT 9.1 100W | CP20: =IF(CO20="-","-",_xlfn.XLOOKUP(CO20,'Banco de dados'!$B:$B,'Banco de dados'!$E:$E)) -> 0 | CQ20: =AI20 -> 1 | CR20: =_xlfn.XLOOKUP(CM20,'Banco de dados'!$B:$B,'Banco de dados'!$H:$H) -> 100 | CS20: =_xlfn.XLOOKUP(CO20,'Banco de dados'!$B:$B,'Banco de dados'!$H:$H) -> 0 | CT20: =_xlfn.XLOOKUP(CM20,'Banco de dados'!$B:$B,'Banco de dados'!$F:$F) -> 15900 | CU20: =_xlfn.XLOOKUP(CO20,'Banco de dados'!$B:$B,'Banco de dados'!$F:$F) -> 0 | CX20: =IF(AK20<=0.5,"Curto I",IF(AND(AK20>='Braços de IP'!$B$9,AK20<='Braços de IP'!$D$9),'Braços de IP'!$E$9,IF(AND(AK20>='Braços de IP'!$B$10,AK20<='Braços de IP'!$D$10),'Braços de IP'!$E$10,IF(AND(AK20>='Braços de IP'!$B$11,AK20<='Braços de IP'!$D$11),'Braços de IP'!$E$11,IF(AND(AK20>='Braços de IP'!$B$12,AK20<='Braços de IP'!$D$12),'Braços de IP'!$E$12,IF(AND(AK20>='Braços de IP'!$B$13,AK20<='Braços de IP'!$D$13),'Braços de IP'!$E$13,IF(AND(AK20>='Braços de IP'!$B$14,AK20<='Braços de IP'!$D$14),'Braços de IP'!$E$14,"ERRO"))))))) -> Longo I | CZ20: =IF($CY20="","",VLOOKUP($CY20,'Braços de IP'!$E$9:$I$15,2,0)) | DA20: =IF($CY20="","",VLOOKUP($CY20,'Braços de IP'!$E$9:$I$15,5,0)) | DH20: =CR20 -> 100 | DI20: =O20 -> 200 | DJ20: =SUM(DH20:DI20)*CQ20 -> 300 | DK20: =1-DH20/DI20 -> 0.5 | DN20: Sim | DQ20: =((O20+P20)-CR20)/(O20+P20) -> 0.5
A21: Verificado que a estrutura predominante é PVP / Corrigido a distancia do poste a via de 0.70 para 3, não foi considerado inicialmente o estacionamento de 2.30. | F21: 223674809 | G21: (V) PVP | H21: Avenida Bento Gonçalves | I21: -19.557717 | J21: -44.084995 | K21: C2 | M21: P4 | N21: LED | O21: 200 | S21: 2 | T21: 1.5 | U21: 6.5 | Y21: 1.5 | AC21: 2.3 | AD21: 2.3 | AE21: Unilateral | AF21: Braço | AG21: 37.3 | AH21: 7.6 | AI21: 1 | AJ21: 3 | AK21: 3.2 | AL21: =AK21-AJ21 -> 0.2 | AM21: - | AN21: - | AO21: Não | AP21: =IF(AE21="Unilateral",2*AI21,IF(AE21="Bilateral Alternada",3*AI21,IF(AE21="Bilateral Frontal",4*AI21,IF(AE21="Canteiro Central",2*AI21,"erro")))) -> 2 | AQ21: 0 | AR21: 0 | AS21: 0 | AT21: 0 | AU21: 0 | AV21: 0 | AW21: =IF(AQ21=0,0,IF(AE21="Unilateral",2*AQ21,IF(AE21="Bilateral Alternada",3*AQ21,IF(AE21="Bilateral Frontal",4*AQ21,IF(AE21="Canteiro Central",2*AQ21,"erro"))))) -> 0 | AY21: =VLOOKUP(K21,ABNT5101!$I$3:$J$9,2) -> 20 | AZ21: =VLOOKUP(K21,ABNT5101!$I$3:$M$9,5) -> 0.28 | BA21: =_xlfn.XLOOKUP(K21,ABNT5101!$I:$I,ABNT5101!$L:$L) -> - | BB21: =_xlfn.XLOOKUP(K21,ABNT5101!$I:$I,ABNT5101!M:M) -> 0.28 | BC21: =_xlfn.XLOOKUP(K21,ABNT5101!$I:$I,ABNT5101!N:N) -> - | BD21: =_xlfn.XLOOKUP(K21,ABNT5101!$I:$I,ABNT5101!O:O) -> 14 | BE21: =IF(BO21="NÃO ATENDE","NÃO ATENDE",IF(BZ21="NÃO ATENDE","NÃO ATENDE",IF(CI21="NÃO ATENDE","NÃO ATENDE","ATENDE"))) -> ATENDE | BF21: =BI21/AY21-1 -> 0.1455 | BG21: =BJ21/AZ21-1 -> 0.53571429 | BH21: =IF($K21="M6",BK21/BA21-1,"-") -> - | BI21: 22.91 | BJ21: 0.43 | BO21: =IF(OR(BP21="NÃO ATENDE",BQ21="NÃO ATENDE",BR21="NÃO ATENDE"),"NÃO ATENDE","ATENDE") -> ATENDE | BP21: =IF(BI21>=AY21,"ATENDE",IF(BI21>=0.99*AY21,"ATENDIMENTO LIMIAR","NÃO ATENDE")) -> ATENDE | BQ21: =IF(BJ21>=AZ21,"ATENDE",IF(BJ21>=(AZ21-0.02),"ATENDIMENTO LIMIAR","NÃO ATENDE")) -> ATENDE | BR21: =IF(BA21="-","ATENDE",IF(BK21>=BA21,"ATENDE",IF(BK21>=(BA21-0.02),"ATENDIMENTO LIMIAR","NÃO ATENDE"))) -> ATENDE | BS21: =K21 -> C2 | BT21: =M21 -> P4 | BU21: =IF(BV21="-","-",BV21/BX21-1) -> 0.16133333 | BV21: 8.71 | BW21: 3.95 | BX21: =IF(BT21="-","-",_xlfn.XLOOKUP(BT21,ABNT5101!$B$4:$B$9,ABNT5101!$C$4:$C$9)) -> 7.5 | BY21: =IF(BT21="-","-",_xlfn.XLOOKUP(BT21,ABNT5101!$B$4:$B$9,ABNT5101!$D$4:$D$9)) -> 1.5 | BZ21: =IF(CA21="-","-",IF(CA21="NÃO ATENDE","NÃO ATENDE",IF(CB21="NÃO ATENDE","NÃO ATENDE","ATENDE"))) -> ATENDE | CA21: =IF(BT21="-","-",IF(BV21>=BX21,"ATENDE",IF(BV21>=(BX21*0.99),"ATENDIMENTO LIMIAR","NÃO ATENDE"))) -> ATENDE | CB21: =IF(BT21="-","-",IF(BW21>=BY21,"ATENDE","NÃO ATENDE")) -> ATENDE | CC21: =BT21 -> P4 | CD21: =IF(CE21="-","-",CE21/CG21-1) -> #DIV/0! | CE21: 16.32 | CF21: 7.07 | CI21: =IF(CJ21="-","-",IF(CJ21="NÃO ATENDE","NÃO ATENDE",IF(CK21="NÃO ATENDE","NÃO ATENDE","ATENDE"))) -> ATENDE | CJ21: =IF(CC21="-","-",IF(CE21>=(CG21),"ATENDE",IF(CE21>=(0.99*CG21),"ATENDIMENTO LIMIAR","NÃO ATENDE"))) -> ATENDE | CK21: =IF(CC21="-","-",IF(CF21>=CH21,"ATENDE","NÃO ATENDE")) -> ATENDE | CL21: =_xlfn.XLOOKUP(CM21,'Banco de dados'!$B:$B,'Banco de dados'!$D:$D) -> SX LIGHTING | CM21: ='Banco de dados'!B62 -> SX-INLPP090HF | CN21: =_xlfn.XLOOKUP(CM21,'Banco de dados'!$B:$B,'Banco de dados'!$E:$E) -> SXINLPP090K40L12CZF7PHF | CP21: =IF(CO21="-","-",_xlfn.XLOOKUP(CO21,'Banco de dados'!$B:$B,'Banco de dados'!$E:$E)) -> 0 | CQ21: =AI21 -> 1 | CR21: =_xlfn.XLOOKUP(CM21,'Banco de dados'!$B:$B,'Banco de dados'!$H:$H) -> 90 | CS21: =_xlfn.XLOOKUP(CO21,'Banco de dados'!$B:$B,'Banco de dados'!$H:$H) -> 0 | CT21: =_xlfn.XLOOKUP(CM21,'Banco de dados'!$B:$B,'Banco de dados'!$F:$F) -> 15476 | CU21: =_xlfn.XLOOKUP(CO21,'Banco de dados'!$B:$B,'Banco de dados'!$F:$F) -> 0 | CX21: =IF(AK21<=0.5,"Curto I",IF(AND(AK21>='Braços de IP'!$B$9,AK21<='Braços de IP'!$D$9),'Braços de IP'!$E$9,IF(AND(AK21>='Braços de IP'!$B$10,AK21<='Braços de IP'!$D$10),'Braços de IP'!$E$10,IF(AND(AK21>='Braços de IP'!$B$11,AK21<='Braços de IP'!$D$11),'Braços de IP'!$E$11,IF(AND(AK21>='Braços de IP'!$B$12,AK21<='Braços de IP'!$D$12),'Braços de IP'!$E$12,IF(AND(AK21>='Braços de IP'!$B$13,AK21<='Braços de IP'!$D$13),'Braços de IP'!$E$13,IF(AND(AK21>='Braços de IP'!$B$14,AK21<='Braços de IP'!$D$14),'Braços de IP'!$E$14,"ERRO"))))))) -> Longo I | CZ21: =IF($CY21="","",VLOOKUP($CY21,'Braços de IP'!$E$9:$I$15,2,0)) | DA21: =IF($CY21="","",VLOOKUP($CY21,'Braços de IP'!$E$9:$I$15,5,0)) | DH21: =CR21 -> 90 | DI21: =O21 -> 200 | DJ21: =SUM(DH21:DI21)*CQ21 -> 290 | DK21: =1-DH21/DI21 -> 0.55 | DN21: Sim | DQ21: =((O21+P21)-CR21)/(O21+P21) -> 0.55
A22: Verificado que a estrutura predominante é PVP / Corrigido a distancia do poste a via de 0.70 para 3, não foi considerado inicialmente o estacionamento de 2.30. | F22: 223674809 | G22: (V) PVP | H22: Avenida Bento Gonçalves | I22: -19.557717 | J22: -44.084995 | K22: C2 | M22: P4 | N22: LED | O22: 200 | S22: 2 | T22: 1.5 | U22: 6.5 | Y22: 1.5 | AC22: 2.3 | AD22: 2.3 | AE22: Unilateral | AF22: Braço | AG22: 37.3 | AH22: 7.6 | AI22: 1 | AJ22: 3 | AK22: 3.2 | AL22: =AK22-AJ22 -> 0.2 | AM22: - | AN22: - | AO22: Não | AP22: =IF(AE22="Unilateral",2*AI22,IF(AE22="Bilateral Alternada",3*AI22,IF(AE22="Bilateral Frontal",4*AI22,IF(AE22="Canteiro Central",2*AI22,"erro")))) -> 2 | AQ22: 0 | AR22: 0 | AS22: 0 | AT22: 0 | AU22: 0 | AV22: 0 | AW22: =IF(AQ22=0,0,IF(AE22="Unilateral",2*AQ22,IF(AE22="Bilateral Alternada",3*AQ22,IF(AE22="Bilateral Frontal",4*AQ22,IF(AE22="Canteiro Central",2*AQ22,"erro"))))) -> 0 | AY22: =VLOOKUP(K22,ABNT5101!$I$3:$J$9,2) -> 20 | AZ22: =VLOOKUP(K22,ABNT5101!$I$3:$M$9,5) -> 0.28 | BA22: =_xlfn.XLOOKUP(K22,ABNT5101!$I:$I,ABNT5101!$L:$L) -> - | BB22: =_xlfn.XLOOKUP(K22,ABNT5101!$I:$I,ABNT5101!M:M) -> 0.28 | BC22: =_xlfn.XLOOKUP(K22,ABNT5101!$I:$I,ABNT5101!N:N) -> - | BD22: =_xlfn.XLOOKUP(K22,ABNT5101!$I:$I,ABNT5101!O:O) -> 14 | BE22: =IF(BO22="NÃO ATENDE","NÃO ATENDE",IF(BZ22="NÃO ATENDE","NÃO ATENDE",IF(CI22="NÃO ATENDE","NÃO ATENDE","ATENDE"))) -> ATENDE | BF22: =BI22/AY22-1 -> 0.0655 | BG22: =BJ22/AZ22-1 -> 0.39285714 | BH22: =IF($K22="M6",BK22/BA22-1,"-") -> - | BI22: 21.31 | BJ22: 0.39 | BO22: =IF(OR(BP22="NÃO ATENDE",BQ22="NÃO ATENDE",BR22="NÃO ATENDE"),"NÃO ATENDE","ATENDE") -> ATENDE | BP22: =IF(BI22>=AY22,"ATENDE",IF(BI22>=0.99*AY22,"ATENDIMENTO LIMIAR","NÃO ATENDE")) -> ATENDE | BQ22: =IF(BJ22>=AZ22,"ATENDE",IF(BJ22>=(AZ22-0.02),"ATENDIMENTO LIMIAR","NÃO ATENDE")) -> ATENDE | BR22: =IF(BA22="-","ATENDE",IF(BK22>=BA22,"ATENDE",IF(BK22>=(BA22-0.02),"ATENDIMENTO LIMIAR","NÃO ATENDE"))) -> ATENDE | BS22: =K22 -> C2 | BT22: =M22 -> P4 | BU22: =IF(BV22="-","-",BV22/BX22-1) -> 0.132 | BV22: 8.49 | BW22: 6.58 | BX22: =IF(BT22="-","-",_xlfn.XLOOKUP(BT22,ABNT5101!$B$4:$B$9,ABNT5101!$C$4:$C$9)) -> 7.5 | BY22: =IF(BT22="-","-",_xlfn.XLOOKUP(BT22,ABNT5101!$B$4:$B$9,ABNT5101!$D$4:$D$9)) -> 1.5 | BZ22: =IF(CA22="-","-",IF(CA22="NÃO ATENDE","NÃO ATENDE",IF(CB22="NÃO ATENDE","NÃO ATENDE","ATENDE"))) -> ATENDE | CA22: =IF(BT22="-","-",IF(BV22>=BX22,"ATENDE",IF(BV22>=(BX22*0.99),"ATENDIMENTO LIMIAR","NÃO ATENDE"))) -> ATENDE | CB22: =IF(BT22="-","-",IF(BW22>=BY22,"ATENDE","NÃO ATENDE")) -> ATENDE | CC22: =BT22 -> P4 | CD22: =IF(CE22="-","-",CE22/CG22-1) -> #DIV/0! | CE22: 10.63 | CF22: 2.55 | CI22: =IF(CJ22="-","-",IF(CJ22="NÃO ATENDE","NÃO ATENDE",IF(CK22="NÃO ATENDE","NÃO ATENDE","ATENDE"))) -> ATENDE | CJ22: =IF(CC22="-","-",IF(CE22>=(CG22),"ATENDE",IF(CE22>=(0.99*CG22),"ATENDIMENTO LIMIAR","NÃO ATENDE"))) -> ATENDE | CK22: =IF(CC22="-","-",IF(CF22>=CH22,"ATENDE","NÃO ATENDE")) -> ATENDE | CL22: =_xlfn.XLOOKUP(CM22,'Banco de dados'!$B:$B,'Banco de dados'!$D:$D) -> TECNOWATT | CM22: ='Banco de dados'!B75 -> SIGSAGPTLRRSSNDL100W125IBBRS | CN22: =_xlfn.XLOOKUP(CM22,'Banco de dados'!$B:$B,'Banco de dados'!$E:$E) -> SIGSAGPTLRRSSNDL100W125IBBRS 1-10C1MUN6.5 | CP22: =IF(CO22="-","-",_xlfn.XLOOKUP(CO22,'Banco de dados'!$B:$B,'Banco de dados'!$E:$E)) -> 0 | CQ22: =AI22 -> 1 | CR22: =_xlfn.XLOOKUP(CM22,'Banco de dados'!$B:$B,'Banco de dados'!$H:$H) -> 100 | CS22: =_xlfn.XLOOKUP(CO22,'Banco de dados'!$B:$B,'Banco de dados'!$H:$H) -> 0 | CT22: =_xlfn.XLOOKUP(CM22,'Banco de dados'!$B:$B,'Banco de dados'!$F:$F) -> 15162 | CU22: =_xlfn.XLOOKUP(CO22,'Banco de dados'!$B:$B,'Banco de dados'!$F:$F) -> 0 | CW22: 10 | CX22: =IF(AK22<=0.5,"Curto I",IF(AND(AK22>='Braços de IP'!$B$9,AK22<='Braços de IP'!$D$9),'Braços de IP'!$E$9,IF(AND(AK22>='Braços de IP'!$B$10,AK22<='Braços de IP'!$D$10),'Braços de IP'!$E$10,IF(AND(AK22>='Braços de IP'!$B$11,AK22<='Braços de IP'!$D$11),'Braços de IP'!$E$11,IF(AND(AK22>='Braços de IP'!$B$12,AK22<='Braços de IP'!$D$12),'Braços de IP'!$E$12,IF(AND(AK22>='Braços de IP'!$B$13,AK22<='Braços de IP'!$D$13),'Braços de IP'!$E$13,IF(AND(AK22>='Braços de IP'!$B$14,AK22<='Braços de IP'!$D$14),'Braços de IP'!$E$14,"ERRO"))))))) -> Longo I | CZ22: =IF($CY22="","",VLOOKUP($CY22,'Braços de IP'!$E$9:$I$15,2,0)) | DA22: =IF($CY22="","",VLOOKUP($CY22,'Braços de IP'!$E$9:$I$15,5,0)) | DH22: =CR22 -> 100 | DI22: =O22 -> 200 | DJ22: =SUM(DH22:DI22)*CQ22 -> 300 | DK22: =1-DH22/DI22 -> 0.5 | DN22: Sim | DQ22: =((O22+P22)-CR22)/(O22+P22) -> 0.5
B23: Alexandre | C23: ok | D23: Penelope | E23: ok | F23: 221272056 | G23: PVP | H23: Avenida André Faveli | I23: -19.55535 | J23: -44.095904 | K23: C2 | M23: P6 | N23: LED | O23: 200 | S23: 1 | T23: 1.6 | U23: 9.2 | Y23: 1.6 | AE23: Unilateral | AF23: Braço | AG23: 25.3 | AH23: 8.5 | AI23: 1 | AJ23: 0.15 | AK23: 2.9 | AL23: =AK23-AJ23 -> 2.75 | AM23: - | AN23: - | AO23: Não | AP23: =IF(AE23="Unilateral",2*AI23,IF(AE23="Bilateral Alternada",3*AI23,IF(AE23="Bilateral Frontal",4*AI23,IF(AE23="Canteiro Central",2*AI23,"erro")))) -> 2 | AQ23: 0 | AR23: 0 | AS23: 0 | AT23: 0 | AU23: 0 | AV23: 0 | AW23: =IF(AQ23=0,0,IF(AE23="Unilateral",2*AQ23,IF(AE23="Bilateral Alternada",3*AQ23,IF(AE23="Bilateral Frontal",4*AQ23,IF(AE23="Canteiro Central",2*AQ23,"erro"))))) -> 0 | AY23: =VLOOKUP(K23,ABNT5101!$I$3:$J$9,2) -> 20 | AZ23: =VLOOKUP(K23,ABNT5101!$I$3:$M$9,5) -> 0.28 | BA23: =_xlfn.XLOOKUP(K23,ABNT5101!$I:$I,ABNT5101!$L:$L) -> - | BB23: =_xlfn.XLOOKUP(K23,ABNT5101!$I:$I,ABNT5101!M:M) -> 0.28 | BC23: =_xlfn.XLOOKUP(K23,ABNT5101!$I:$I,ABNT5101!N:N) -> - | BD23: =_xlfn.XLOOKUP(K23,ABNT5101!$I:$I,ABNT5101!O:O) -> 14 | BE23: =IF(BO23="NÃO ATENDE","NÃO ATENDE",IF(BZ23="NÃO ATENDE","NÃO ATENDE",IF(CI23="NÃO ATENDE","NÃO ATENDE","ATENDE"))) -> ATENDE | BF23: =BI23/AY23-1 -> 0.0505 | BG23: =BJ23/AZ23-1 -> 1.2857143 | BH23: =IF($K23="M6",BK23/BA23-1,"-") -> - | BI23: 21.01 | BJ23: 0.64 | BO23: =IF(OR(BP23="NÃO ATENDE",BQ23="NÃO ATENDE",BR23="NÃO ATENDE"),"NÃO ATENDE","ATENDE") -> ATENDE | BP23: =IF(BI23>=AY23,"ATENDE",IF(BI23>=0.99*AY23,"ATENDIMENTO LIMIAR","NÃO ATENDE")) -> ATENDE | BQ23: =IF(BJ23>=AZ23,"ATENDE",IF(BJ23>=(AZ23-0.02),"ATENDIMENTO LIMIAR","NÃO ATENDE")) -> ATENDE | BR23: =IF(BA23="-","ATENDE",IF(BK23>=BA23,"ATENDE",IF(BK23>=(BA23-0.02),"ATENDIMENTO LIMIAR","NÃO ATENDE"))) -> ATENDE | BS23: =K23 -> C2 | BT23: =M23 -> P6 | BU23: =IF(BV23="-","-",BV23/BX23-1) -> 4.03 | BV23: 15.09 | BW23: 9.75 | BX23: =IF(BT23="-","-",_xlfn.XLOOKUP(BT23,ABNT5101!$B$4:$B$9,ABNT5101!$C$4:$C$9)) -> 3 | BY23: =IF(BT23="-","-",_xlfn.XLOOKUP(BT23,ABNT5101!$B$4:$B$9,ABNT5101!$D$4:$D$9)) -> 0.6 | BZ23: =IF(CA23="-","-",IF(CA23="NÃO ATENDE","NÃO ATENDE",IF(CB23="NÃO ATENDE","NÃO ATENDE","ATENDE"))) -> ATENDE | CA23: =IF(BT23="-","-",IF(BV23>=BX23,"ATENDE",IF(BV23>=(BX23*0.99),"ATENDIMENTO LIMIAR","NÃO ATENDE"))) -> ATENDE | CB23: =IF(BT23="-","-",IF(BW23>=BY23,"ATENDE","NÃO ATENDE")) -> ATENDE | CC23: =BT23 -> P6 | CD23: =IF(CE23="-","-",CE23/CG23-1) -> #DIV/0! | CE23: 14.24 | CF23: 10.83 | CI23: =IF(CJ23="-","-",IF(CJ23="NÃO ATENDE","NÃO ATENDE",IF(CK23="NÃO ATENDE","NÃO ATENDE","ATENDE"))) -> ATENDE | CJ23: =IF(CC23="-","-",IF(CE23>=(CG23),"ATENDE",IF(CE23>=(0.99*CG23),"ATENDIMENTO LIMIAR","NÃO ATENDE"))) -> ATENDE | CK23: =IF(CC23="-","-",IF(CF23>=CH23,"ATENDE","NÃO ATENDE")) -> ATENDE | CL23: =_xlfn.XLOOKUP(CM23,'Banco de dados'!$B:$B,'Banco de dados'!$D:$D) -> LEDSTAR | CM23: ='Banco de dados'!B22 -> SL VT 9.1 72W | CN23: =_xlfn.XLOOKUP(CM23,'Banco de dados'!$B:$B,'Banco de dados'!$E:$E) -> LUM LED SL VT 9.1 72W | CP23: =IF(CO23="-","-",_xlfn.XLOOKUP(CO23,'Banco de dados'!$B:$B,'Banco de dados'!$E:$E)) -> 0 | CQ23: =AI23 -> 1 | CR23: =_xlfn.XLOOKUP(CM23,'Banco de dados'!$B:$B,'Banco de dados'!$H:$H) -> 72 | CS23: =_xlfn.XLOOKUP(CO23,'Banco de dados'!$B:$B,'Banco de dados'!$H:$H) -> 0 | CT23: =_xlfn.XLOOKUP(CM23,'Banco de dados'!$B:$B,'Banco de dados'!$F:$F) -> 12107 | CU23: =_xlfn.XLOOKUP(CO23,'Banco de dados'!$B:$B,'Banco de dados'!$F:$F) -> 0 | CX23: =IF(AK23<=0.5,"Curto I",IF(AND(AK23>='Braços de IP'!$B$9,AK23<='Braços de IP'!$D$9),'Braços de IP'!$E$9,IF(AND(AK23>='Braços de IP'!$B$10,AK23<='Braços de IP'!$D$10),'Braços de IP'!$E$10,IF(AND(AK23>='Braços de IP'!$B$11,AK23<='Braços de IP'!$D$11),'Braços de IP'!$E$11,IF(AND(AK23>='Braços de IP'!$B$12,AK23<='Braços de IP'!$D$12),'Braços de IP'!$E$12,IF(AND(AK23>='Braços de IP'!$B$13,AK23<='Braços de IP'!$D$13),'Braços de IP'!$E$13,IF(AND(AK23>='Braços de IP'!$B$14,AK23<='Braços de IP'!$D$14),'Braços de IP'!$E$14,"ERRO"))))))) -> Longo I | CZ23: =IF($CY23="","",VLOOKUP($CY23,'Braços de IP'!$E$9:$I$15,2,0)) | DA23: =IF($CY23="","",VLOOKUP($CY23,'Braços de IP'!$E$9:$I$15,5,0)) | DH23: =CR23 -> 72 | DI23: =O23 -> 200 | DJ23: =SUM(DH23:DI23)*CQ23 -> 272 | DK23: =1-DH23/DI23 -> 0.64 | DN23: Sim | DQ23: =((O23+P23)-CR23)/(O23+P23) -> 0.64
B24: Alexandre | C24: ok | D24: Penelope | E24: ok | F24: 221272056 | G24: PVP | H24: Avenida André Faveli | I24: -19.55535 | J24: -44.095904 | K24: C2 | M24: P6 | N24: LED | O24: 200 | S24: 1 | T24: 1.6 | U24: 9.2 | Y24: 1.6 | AE24: Unilateral | AF24: Braço | AG24: 25.3 | AH24: 8.5 | AI24: 1 | AJ24: 0.15 | AK24: 2.9 | AL24: =AK24-AJ24 -> 2.75 | AM24: - | AN24: - | AO24: Não | AP24: =IF(AE24="Unilateral",2*AI24,IF(AE24="Bilateral Alternada",3*AI24,IF(AE24="Bilateral Frontal",4*AI24,IF(AE24="Canteiro Central",2*AI24,"erro")))) -> 2 | AQ24: 0 | AR24: 0 | AS24: 0 | AT24: 0 | AU24: 0 | AV24: 0 | AW24: =IF(AQ24=0,0,IF(AE24="Unilateral",2*AQ24,IF(AE24="Bilateral Alternada",3*AQ24,IF(AE24="Bilateral Frontal",4*AQ24,IF(AE24="Canteiro Central",2*AQ24,"erro"))))) -> 0 | AY24: =VLOOKUP(K24,ABNT5101!$I$3:$J$9,2) -> 20 | AZ24: =VLOOKUP(K24,ABNT5101!$I$3:$M$9,5) -> 0.28 | BA24: =_xlfn.XLOOKUP(K24,ABNT5101!$I:$I,ABNT5101!$L:$L) -> - | BB24: =_xlfn.XLOOKUP(K24,ABNT5101!$I:$I,ABNT5101!M:M) -> 0.28 | BC24: =_xlfn.XLOOKUP(K24,ABNT5101!$I:$I,ABNT5101!N:N) -> - | BD24: =_xlfn.XLOOKUP(K24,ABNT5101!$I:$I,ABNT5101!O:O) -> 14 | BE24: =IF(BO24="NÃO ATENDE","NÃO ATENDE",IF(BZ24="NÃO ATENDE","NÃO ATENDE",IF(CI24="NÃO ATENDE","NÃO ATENDE","ATENDE"))) -> ATENDE | BF24: =BI24/AY24-1 -> 0.219 | BG24: =BJ24/AZ24-1 -> 1.3928571 | BH24: =IF($K24="M6",BK24/BA24-1,"-") -> - | BI24: 24.38 | BJ24: 0.67 | BO24: =IF(OR(BP24="NÃO ATENDE",BQ24="NÃO ATENDE",BR24="NÃO ATENDE"),"NÃO ATENDE","ATENDE") -> ATENDE | BP24: =IF(BI24>=AY24,"ATENDE",IF(BI24>=0.99*AY24,"ATENDIMENTO LIMIAR","NÃO ATENDE")) -> ATENDE | BQ24: =IF(BJ24>=AZ24,"ATENDE",IF(BJ24>=(AZ24-0.02),"ATENDIMENTO LIMIAR","NÃO ATENDE")) -> ATENDE | BR24: =IF(BA24="-","ATENDE",IF(BK24>=BA24,"ATENDE",IF(BK24>=(BA24-0.02),"ATENDIMENTO LIMIAR","NÃO ATENDE"))) -> ATENDE | BS24: =K24 -> C2 | BT24: =M24 -> P6 | BU24: =IF(BV24="-","-",BV24/BX24-1) -> 5 | BV24: 18 | BW24: 13.4 | BX24: =IF(BT24="-","-",_xlfn.XLOOKUP(BT24,ABNT5101!$B$4:$B$9,ABNT5101!$C$4:$C$9)) -> 3 | BY24: =IF(BT24="-","-",_xlfn.XLOOKUP(BT24,ABNT5101!$B$4:$B$9,ABNT5101!$D$4:$D$9)) -> 0.6 | BZ24: =IF(CA24="-","-",IF(CA24="NÃO ATENDE","NÃO ATENDE",IF(CB24="NÃO ATENDE","NÃO ATENDE","ATENDE"))) -> ATENDE | CA24: =IF(BT24="-","-",IF(BV24>=BX24,"ATENDE",IF(BV24>=(BX24*0.99),"ATENDIMENTO LIMIAR","NÃO ATENDE"))) -> ATENDE | CB24: =IF(BT24="-","-",IF(BW24>=BY24,"ATENDE","NÃO ATENDE")) -> ATENDE | CC24: =BT24 -> P6 | CD24: =IF(CE24="-","-",CE24/CG24-1) -> #DIV/0! | CE24: 18.06 | CF24: 13.17 | CI24: =IF(CJ24="-","-",IF(CJ24="NÃO ATENDE","NÃO ATENDE",IF(CK24="NÃO ATENDE","NÃO ATENDE","ATENDE"))) -> ATENDE | CJ24: =IF(CC24="-","-",IF(CE24>=(CG24),"ATENDE",IF(CE24>=(0.99*CG24),"ATENDIMENTO LIMIAR","NÃO ATENDE"))) -> ATENDE | CK24: =IF(CC24="-","-",IF(CF24>=CH24,"ATENDE","NÃO ATENDE")) -> ATENDE | CL24: =_xlfn.XLOOKUP(CM24,'Banco de dados'!$B:$B,'Banco de dados'!$D:$D) -> SX LIGHTING | CM24: ='Banco de dados'!B59 -> SX-INLPP070HF | CN24: =_xlfn.XLOOKUP(CM24,'Banco de dados'!$B:$B,'Banco de dados'!$E:$E) -> SXINLPP070K40L12CZF7PHF | CP24: =IF(CO24="-","-",_xlfn.XLOOKUP(CO24,'Banco de dados'!$B:$B,'Banco de dados'!$E:$E)) -> 0 | CQ24: =AI24 -> 1 | CR24: =_xlfn.XLOOKUP(CM24,'Banco de dados'!$B:$B,'Banco de dados'!$H:$H) -> 70 | CS24: =_xlfn.XLOOKUP(CO24,'Banco de dados'!$B:$B,'Banco de dados'!$H:$H) -> 0 | CT24: =_xlfn.XLOOKUP(CM24,'Banco de dados'!$B:$B,'Banco de dados'!$F:$F) -> 11970 | CU24: =_xlfn.XLOOKUP(CO24,'Banco de dados'!$B:$B,'Banco de dados'!$F:$F) -> 0 | CX24: =IF(AK24<=0.5,"Curto I",IF(AND(AK24>='Braços de IP'!$B$9,AK24<='Braços de IP'!$D$9),'Braços de IP'!$E$9,IF(AND(AK24>='Braços de IP'!$B$10,AK24<='Braços de IP'!$D$10),'Braços de IP'!$E$10,IF(AND(AK24>='Braços de IP'!$B$11,AK24<='Braços de IP'!$D$11),'Braços de IP'!$E$11,IF(AND(AK24>='Braços de IP'!$B$12,AK24<='Braços de IP'!$D$12),'Braços de IP'!$E$12,IF(AND(AK24>='Braços de IP'!$B$13,AK24<='Braços de IP'!$D$13),'Braços de IP'!$E$13,IF(AND(AK24>='Braços de IP'!$B$14,AK24<='Braços de IP'!$D$14),'Braços de IP'!$E$14,"ERRO"))))))) -> Longo I | CZ24: =IF($CY24="","",VLOOKUP($CY24,'Braços de IP'!$E$9:$I$15,2,0)) | DA24: =IF($CY24="","",VLOOKUP($CY24,'Braços de IP'!$E$9:$I$15,5,0)) | DH24: =CR24 -> 70 | DI24: =O24 -> 200 | DJ24: =SUM(DH24:DI24)*CQ24 -> 270 | DK24: =1-DH24/DI24 -> 0.65 | DN24: Sim | DQ24: =((O24+P24)-CR24)/(O24+P24) -> 0.65
B25: Alexandre | C25: ok | D25: Penelope | E25: ok | F25: 221272056 | G25: PVP | H25: Avenida André Faveli | I25: -19.55535 | J25: -44.095904 | K25: C2 | M25: P6 | N25: LED | O25: 200 | S25: 1 | T25: 1.6 | U25: 9.2 | Y25: 1.6 | AE25: Unilateral | AF25: Braço | AG25: 25.3 | AH25: 8.5 | AI25: 1 | AJ25: 0.15 | AK25: 2.9 | AL25: =AK25-AJ25 -> 2.75 | AM25: - | AN25: - | AO25: Não | AP25: =IF(AE25="Unilateral",2*AI25,IF(AE25="Bilateral Alternada",3*AI25,IF(AE25="Bilateral Frontal",4*AI25,IF(AE25="Canteiro Central",2*AI25,"erro")))) -> 2 | AQ25: 0 | AR25: 0 | AS25: 0 | AT25: 0 | AU25: 0 | AV25: 0 | AW25: =IF(AQ25=0,0,IF(AE25="Unilateral",2*AQ25,IF(AE25="Bilateral Alternada",3*AQ25,IF(AE25="Bilateral Frontal",4*AQ25,IF(AE25="Canteiro Central",2*AQ25,"erro"))))) -> 0 | AY25: =VLOOKUP(K25,ABNT5101!$I$3:$J$9,2) -> 20 | AZ25: =VLOOKUP(K25,ABNT5101!$I$3:$M$9,5) -> 0.28 | BA25: =_xlfn.XLOOKUP(K25,ABNT5101!$I:$I,ABNT5101!$L:$L) -> - | BB25: =_xlfn.XLOOKUP(K25,ABNT5101!$I:$I,ABNT5101!M:M) -> 0.28 | BC25: =_xlfn.XLOOKUP(K25,ABNT5101!$I:$I,ABNT5101!N:N) -> - | BD25: =_xlfn.XLOOKUP(K25,ABNT5101!$I:$I,ABNT5101!O:O) -> 14 | BE25: =IF(BO25="NÃO ATENDE","NÃO ATENDE",IF(BZ25="NÃO ATENDE","NÃO ATENDE",IF(CI25="NÃO ATENDE","NÃO ATENDE","ATENDE"))) -> ATENDE | BF25: =BI25/AY25-1 -> 0.0575 | BG25: =BJ25/AZ25-1 -> 1.9642857 | BH25: =IF($K25="M6",BK25/BA25-1,"-") -> - | BI25: 21.15 | BJ25: 0.83 | BO25: =IF(OR(BP25="NÃO ATENDE",BQ25="NÃO ATENDE",BR25="NÃO ATENDE"),"NÃO ATENDE","ATENDE") -> ATENDE | BP25: =IF(BI25>=AY25,"ATENDE",IF(BI25>=0.99*AY25,"ATENDIMENTO LIMIAR","NÃO ATENDE")) -> ATENDE | BQ25: =IF(BJ25>=AZ25,"ATENDE",IF(BJ25>=(AZ25-0.02),"ATENDIMENTO LIMIAR","NÃO ATENDE")) -> ATENDE | BR25: =IF(BA25="-","ATENDE",IF(BK25>=BA25,"ATENDE",IF(BK25>=(BA25-0.02),"ATENDIMENTO LIMIAR","NÃO ATENDE"))) -> ATENDE | BS25: =K25 -> C2 | BT25: =M25 -> P6 | BU25: =IF(BV25="-","-",BV25/BX25-1) -> 3.2033333 | BV25: 12.61 | BW25: 10.01 | BX25: =IF(BT25="-","-",_xlfn.XLOOKUP(BT25,ABNT5101!$B$4:$B$9,ABNT5101!$C$4:$C$9)) -> 3 | BY25: =IF(BT25="-","-",_xlfn.XLOOKUP(BT25,ABNT5101!$B$4:$B$9,ABNT5101!$D$4:$D$9)) -> 0.6 | BZ25: =IF(CA25="-","-",IF(CA25="NÃO ATENDE","NÃO ATENDE",IF(CB25="NÃO ATENDE","NÃO ATENDE","ATENDE"))) -> ATENDE | CA25: =IF(BT25="-","-",IF(BV25>=BX25,"ATENDE",IF(BV25>=(BX25*0.99),"ATENDIMENTO LIMIAR","NÃO ATENDE"))) -> ATENDE | CB25: =IF(BT25="-","-",IF(BW25>=BY25,"ATENDE","NÃO ATENDE")) -> ATENDE | CC25: =BT25 -> P6 | CD25: =IF(CE25="-","-",CE25/CG25-1) -> #DIV/0! | CE25: 13.48 | CF25: 11.34 | CI25: =IF(CJ25="-","-",IF(CJ25="NÃO ATENDE","NÃO ATENDE",IF(CK25="NÃO ATENDE","NÃO ATENDE","ATENDE"))) -> ATENDE | CJ25: =IF(CC25="-","-",IF(CE25>=(CG25),"ATENDE",IF(CE25>=(0.99*CG25),"ATENDIMENTO LIMIAR","NÃO ATENDE"))) -> ATENDE | CK25: =IF(CC25="-","-",IF(CF25>=CH25,"ATENDE","NÃO ATENDE")) -> ATENDE | CL25: =_xlfn.XLOOKUP(CM25,'Banco de dados'!$B:$B,'Banco de dados'!$D:$D) -> TECNOWATT | CM25: ='Banco de dados'!B72 -> SIGSAGPTLRRSSNDL_68W_83IBBRS | CN25: =_xlfn.XLOOKUP(CM25,'Banco de dados'!$B:$B,'Banco de dados'!$E:$E) -> SIGSAGPTLRRSSNDL_68W_83IBBRS 1-10C1MUN6.5 | CP25: =IF(CO25="-","-",_xlfn.XLOOKUP(CO25,'Banco de dados'!$B:$B,'Banco de dados'!$E:$E)) -> 0 | CQ25: =AI25 -> 1 | CR25: =_xlfn.XLOOKUP(CM25,'Banco de dados'!$B:$B,'Banco de dados'!$H:$H) -> 68 | CS25: =_xlfn.XLOOKUP(CO25,'Banco de dados'!$B:$B,'Banco de dados'!$H:$H) -> 0 | CT25: =_xlfn.XLOOKUP(CM25,'Banco de dados'!$B:$B,'Banco de dados'!$F:$F) -> 10884 | CU25: =_xlfn.XLOOKUP(CO25,'Banco de dados'!$B:$B,'Banco de dados'!$F:$F) -> 0 | CX25: =IF(AK25<=0.5,"Curto I",IF(AND(AK25>='Braços de IP'!$B$9,AK25<='Braços de IP'!$D$9),'Braços de IP'!$E$9,IF(AND(AK25>='Braços de IP'!$B$10,AK25<='Braços de IP'!$D$10),'Braços de IP'!$E$10,IF(AND(AK25>='Braços de IP'!$B$11,AK25<='Braços de IP'!$D$11),'Braços de IP'!$E$11,IF(AND(AK25>='Braços de IP'!$B$12,AK25<='Braços de IP'!$D$12),'Braços de IP'!$E$12,IF(AND(AK25>='Braços de IP'!$B$13,AK25<='Braços de IP'!$D$13),'Braços de IP'!$E$13,IF(AND(AK25>='Braços de IP'!$B$14,AK25<='Braços de IP'!$D$14),'Braços de IP'!$E$14,"ERRO"))))))) -> Longo I | CZ25: =IF($CY25="","",VLOOKUP($CY25,'Braços de IP'!$E$9:$I$15,2,0)) | DA25: =IF($CY25="","",VLOOKUP($CY25,'Braços de IP'!$E$9:$I$15,5,0)) | DH25: =CR25 -> 68 | DI25: =O25 -> 200 | DJ25: =SUM(DH25:DI25)*CQ25 -> 268 | DK25: =1-DH25/DI25 -> 0.66 | DN25: Sim | DQ25: =((O25+P25)-CR25)/(O25+P25) -> 0.66

Sheet Planilha1
B1: projecao do braço | C1: Projeção Vertical | H1: PH | I1: PV
B2: 0.5 | C2: 2.8 | F2: ENEL | G2: PM-R 0650 | H2: =COS(15*PI()/180)*1 -> 0.96592583 | I2: =SIN(15*PI()/180)*1 -> 0.25881905
B3: 0.5 | C3: 0 | F3: ENEL | G3: PM-R 0068 | H3: 2.56 | I3: 1.805
B4: 1 | C4: 0.8 | F4: cerci | G4: Curto | H4: 1 | I4: 1.5
B5: 1 | C5: 0.3 | F5: cerci | G5: Médio | H5: 3 | I5: 2.5
B6: 1 | C6: 0 | F6: cerci | G6: Longo | H6: 4 | I6: 3
B7: 1.5 | C7: 1.3
B8: 1.5 | C8: 1.8
B9: 1.5 | C9: 0.8
B10: 1.5 | C10: 2.8
B11: 2 | C11: 0.8
B12: 2 | C12: 0.3
B13: 2 | C13: 1.3
B14: 2 | C14: 1.8
B15: 2.5 | C15: 0.8
B16: 2.5 | C16: 1.3
B17: 2.5 | C17: 1.8
B18: 2.5 | C18: 2.3
... B27: 3.5 | C27: 0.8

Sheet FaixaDistPostes
B2: V3 | G2: Afonsinho Altino Diniz | H2: 31 | K2: V4 | O2: 12 de Outubro | P2: 32
B3: Máximo | C3: 43 | D3: 5.25 | G3: África | H3: 36 | K3: Máximo | L3: 63 | M3: 10.75 | O3: 20 | P3: 35
B4: Mínimo | C4: 22 | G4: Alcidia Calazans Lima | H4: 22 | K4: Mínimo | L4: 20 | O4: Abauna | P4: 42
G5: Américo Renê Gianetti | H5: 35 | O5: Alemanha | P5: 38
G6: Ásia | H6: 22 | O6: Álvares Cabral | P6: 39
B7: Faixa 1 | C7: 22 | D7: 27.25 | G7: Assaré | H7: 24 | K7: Faixa 1 | L7: 20 | M7: 30.75 | O7: Ana Batista da Cruz | P7: 22
B8: Faixa 2 | C8: 27.25 | D8: 32.5 | G8: Atalaia | H8: 31 | K8: Faixa 2 | L8: 30.75 | M8: 41.5 | O8: Antônio Braz | P8: 39
B9: Faixa 3 | C9: 32.5 | D9: 37.75 | G9: Baldim | H9: 32 | K9: Faixa 3 | L9: 41.5 | M9: 52.25 | O9: Ataíde Eneas Orzil | P9: 25
B10: Faixa 4 | C10: 37.75 | D10: 43 | G10: Cassimiro de Abreu | H10: 29 | K10: Faixa 4 | L10: 52.25 | M10: 63 | O10: Belarmina Mônica Ferreira | P10: 32
G11: Davis Dani Viana | H11: 26 | O11: Bromélia | P11: 40
G12: Djalma Andrade | H12: 39 | O12: Catulo da Paixão Cearense | P12: 33
G13: do Serro | H13: 30 | O13: da Argentina | P13: 26
G14: Francisco Viana Santos | H14: 31 | O14: da Bolívia | P14: 30
G15: Gonçalves Dias | H15: 34 | O15: das Andorinhas | P15: 26
G16: Gov. Bias Fortes | H16: 40 | O16: das Azaléias | P16: 32
G17: Holanda | H17: 33 | O17: Décio Araújo | P17: 35
G18: Irã | H18: 32 | O18: do Haiti | P18: 36
G19: Irlanda | H19: 34 | O19: dos Uirapurus | P19: 29
G20: Joaquim Lourenço de Oliveira | H20: 26 | O20: Dr. Ari Teixeira da Costa | P20: 29
G21: José de Alencar | H21: 38 | O21: Edmundo Alves da Silva | P21: 26
G22: José Theotônio Laporte | H22: 33 | O22: Eldorado | P22: 31
... G36: Suécia | H36: 28 | O36: José C. Ferreira | P36: 20
O37: Juqueri | P37: 63
O38: Juquiá | P38: 34
O39: Jurupana | P39: 33
O40: Juventino Augusto dos Santos | P40: 38
O41: Maria Angélica Ximenes | P41: 36
O42: Maria da Piedade Vieira | P42: 25
O43: Mariana Paiva Branco | P43: 29
O44: Mário Silva | P44: 29
O45: Moreira Maia | P45: 31
O46: N | P46: 36
O47: Nossa Sra. Aparecida | P47: 20
O48: Nossa Sra. Da Conceição | P48: 33
... O66: Leila Diniz | P66: 41

Sheet CPE
B3: Código | C3: Descrição | D3: Altura de Montagem da Luminária | E3: Projeção horizontal | F3: Adição de Pontos
B4: APC | C4: Adição de poste compartilhado com distribuição de energia | D4: Utilizar a mesma da via | E4: Utilizar a mesma da via | F4: Via de veículo
B5: APEA | C5: Adição de poste exclusivo para iluminação pública com RDA | D5: Utilizar a mesma da via | E5: Utilizar a mesma da via | F5: Via de veículo
B6: APES-1 | C6: Adição de poste exclusivo para iluminação pública com RDS e 1 luminária | D6: Utilizar a mesma da via | E6: Utilizar a mesma da via | F6: Via de veículo
B7: APES-2 | C7: Adição de poste exclusivo para iluminação pública com RDS e 2 luminária | D7: Utilizar a mesma da via | E7: Utilizar a mesma da via | F7: Via de veículo
B8: APES-3 | C8: Adição de poste exclusivo para iluminação pública com RDS e 3 luminária | D8: Utilizar a mesma da via | E8: Utilizar a mesma da via | F8: Via de veículo
B9: APES-4 | C9: Adição de poste exclusivo para iluminação pública com RDS e 4 luminária | D9: Utilizar a mesma da via | E9: Utilizar a mesma da via | F9: Via de veículo
B10: ABS-L1 | C10: Adição de braço segundo nível (Leve I) | D10: 3 | E10: 0.5 | F10: Segundo nível
B11: ABS-L2 | C11: Adição de braço segundo nível (Leve II) | D11: 7 | E11: 0.9 | F11: Segundo nível
B12: APS | C12: Adição poste segundo nível | D12: 4 | E12: 0 | F12: Segundo nível
B13: TS | C13: Troca de Suporte | D13: Utilizar a mesma da via | E13: Utilizar a mesma da via | F13: Via de veículo
B14: APS/APC | C14: Adição de Poste Segundo nível com Adição de Poste compartilhado com distribuição | D14: Para APC - Utilizar mesma da via Para APP - 4.0 | E14: Para APC - Utilizar mesma da via Para APP - 0 | F14: Segundo nível e Via de veículo
B15: APS/APE | C15: Adição de Poste Segundo nível com Adição de Poste exclusivo | D15: Para APE - Utilizar mesma da via Para APP - 4.0 | E15: Para APE - Utilizar mesma da via Para APP - 0 | F15: Segundo nível e Via de veículo
B16: ABS-L1/APC | C16: Adição de Braço Segundo nível com Adição de Poste compartilhado com distribuição | D16: Para APC - Utilizar mesma da via Para ABS - 6,0 | E16: Para APC - Utilizar mesma da via Para ABS - 0,5 | F16: Segundo nível e Via de veículo
B17: ABS/APEA | C17: Adição de Braço Segundo nível com Adição de Poste exclusivo com RDA | D17: Para APC - Utilizar mesma da via Para ABS - 6,0 | E17: Para APC - Utilizar mesma da via Para ABS - 0,5 | F17: Segundo nível e Via de veículo
B18: ABS/APES-1 | C18: Adição de Braço Segundo nível com Adição de poste exclusivo para iluminação pública com RDS e 1 luminária | D18: Para APC - Utilizar mesma da via Para ABS - 6,0 | E18: Para APC - Utilizar mesma da via Para ABS - 0,5 | F18: Segundo nível e Via de veículo
B19: ABS/APES-2 | C19: Adição de Braço Segundo nível com Adição de poste exclusivo para iluminação pública com RDS e 2 luminária | D19: Para APC - Utilizar mesma da via Para ABS - 6,0 | E19: Para APC - Utilizar mesma da via Para ABS - 0,5 | F19: Segundo nível e Via de veículo
B20: ABS/APES-3 | C20: Adição de Braço Segundo nível com Adição de poste exclusivo para iluminação pública com RDS e 3 luminária | D20: Para APC - Utilizar mesma da via Para ABS - 6,0 | E20: Para APC - Utilizar mesma da via Para ABS - 0,5 | F20: Segundo nível e Via de veículo
B21: ABS/APES-4 | C21: Adição de Braço Segundo nível com Adição de poste exclusivo para iluminação pública com RDS e 4 luminária | D21: Para APC - Utilizar mesma da via Para ABS - 6,0 | E21: Para APC - Utilizar mesma da via Para ABS - 0,5 | F21: Segundo nível e Via de veículo
B22: AB | C22: Adição de Braço | D22: Utilizar a mesma da via | E22: Utilizar a mesma da via | F22: Via de veículo

Sheet Braços de IP
B2: Consideração | E2: Braços de Iluminação Pública
B3: Mínimo | C3: Projeção [m] | D3: Máximo | E3: Definição | F3: Projeção [m] | G3: Altura de instalação [m] | H3: Altura do braço [m] | I3: Altura da luminária [m] | J3: OBS
B4: - | C4: 0.5 | D4: - | E4: Suporte I | F4: 0.5 | G4: Mesma da inspeção | H4: 0 | I4: Mesma da inspeção
B5: - | C5: 0.5 | D5: - | E5: Suporte II | F5: 0.5 | G5: Mesma da inspeção | H5: 0 | I5: Mesma da inspeção
B6: - | C6: 0.5 | D6: - | E6: Suporte III | F6: 0.5 | G6: Mesma da inspeção | H6: 0 | I6: Mesma da inspeção
B7: - | C7: 0.5 | D7: - | E7: Suporte IV | F7: 0.5 | G7: Mesma da inspeção | H7: 0.5 | I7: Mesma da inspeção
B8: - | C8: 0.5 | D8: - | E8: Pedonal | J8: Somente segundo nível
B9: 0.51 | C9: 1 | D9: 1.2 | E9: Curto I | F9: 1.2 | I9: 6.5
B10: 1.21 | C10: 1.5 | D10: 1.5 | E10: Curto II | F10: 1.4 | I10: 6.5
B11: 1.51 | C11: 2 | D11: 2.2 | E11: Médio I | F11: 1.8 | I11: 7
B12: 2.21 | C12: 2.5 | D12: 2.5 | E12: Médio II | F12: 2.4 | I12: 7.5
B13: 2.51 | C13: 3 | D13: 3.2 | E13: Longo I | F13: 2.8 | I13: 8
B14: 3.21 | C14: 3.5 | D14: 5 | E14: Longo II | F14: 3.5 | I14: 8.5
B17: Projeção H | C17: Projeção V | D17: Ângulo de inclinação | E17: Altura de instalação do braço | H17: Altura da luminária | K17: Referências
E18: Poste 7,5 m | F18: Poste 10,5 m | G18: Poste 12 m | H18: Poste 7,5 m | I18: Poste 10,5 m | J18: Poste 12 m
B19: 1 | C19: 0 | D19: =TAN(C19/B19)*180/PI() -> 0 | E19: 6 | F19: 6 | G19: 6 | H19: =C19+E19 -> 6 | I19: =C19+F19 -> 6 | J19: =C19+G19 -> 6 | K19: Braço reto
B20: 1 | C20: 0.259 | D20: 0 | E20: 6 | F20: 6 | G20: 6 | H20: =C20+E20 -> 6.259 | I20: =C20+F20 -> 6.259 | J20: =C20+G20 -> 6.259 | K20: CALCULADO (15º)
B21: 1.2 | C21: 0.9 | D21: 0 | E21: 6 | F21: 6 | G21: 6 | H21: =C21+E21 -> 6.9 | I21: =C21+F21 -> 6.9 | J21: =C21+G21 -> 6.9 | K21: CEMIG
B22: 1.5 | C22: 1.21 | D22: 0 | E22: 6 | F22: 6 | G22: 6 | H22: =C22+E22 -> 7.21 | I22: =C22+F22 -> 7.21 | J22: =C22+G22 -> 7.21 | K22: ENEL
B23: 1.6 | C23: 1.21 | D23: 0 | E23: 6 | F23: 6 | G23: 6 | H23: =C23+E23 -> 7.21 | I23: =C23+F23 -> 7.21 | J23: =C23+G23 -> 7.21 | K23: SEM REFERÊNCIA
B24: 1.9 | C24: 1.762 | D24: 0 | E24: 6 | F24: 6 | G24: 6 | H24: =C24+E24 -> 7.762 | I24: =C24+F24 -> 7.762 | J24: =C24+G24 -> 7.762 | K24: SEM REFERÊNCIA
B25: 2 | C25: 1.762 | D25: 0 | E25: 6 | F25: 6 | G25: 6 | H25: =C25+E25 -> 7.762 | I25: =C25+F25 -> 7.762 | J25: =C25+G25 -> 7.762 | K25: ENEL
B26: 3 | C26: 2.2 | D26: 0 | E26: 6 | F26: 6 | G26: 6 | H26: =C26+E26 -> 8.2 | I26: =C26+F26 -> 8.2 | J26: =C26+G26 -> 8.2 | K26: CEMIG

Sheet Planilha2
B4: 2019 | C4: 2020 | D4: 2022 | E4: 2023 | F4: Orçamento | G4: Total geral
A5: 22
A6: 24
A7: 27
A8: 30
A9: 33
A10: 36
A11: 40
A12: 41
A13: 42
A14: 48
A15: 50
A16: 51
... A46: 233
A47: Potência [W]
A48: Total geral

Sheet Banco de dados
B3: Código | C3: Utilização | D3: Fornecedor | E3: Luminária | F3: Fluxo Luminoso [lm] | G3: Eficiência (lm/W) | H3: Potência [W] | I3: Orçamento | J3: Luminaria Considerada | K3: Valor | L3: Fotometria | M3: Estimado/Orçado | N3: Simulação
B4: SL VT 9.1 17W | C4: Viária | D4: LEDSTAR | E4: LUM LED SL VT 9.1 17W | F4: 2929.66 | G4: =F4/H4 -> 172.33294 | H4: 17 | I4: 2025 | J4: =B4 -> SL VT 9.1 17W | K4: 602.37 | L4: Ok | M4: Orçado
B5: SL VT 9.3 22W | C5: Viária | D5: LEDSTAR | E5: LUM LED SL VT 9.3 22W | F5: - | G5: =F5/H5 -> #VALUE! | H5: 22 | I5: 2025 | J5: =B5 -> SL VT 9.3 22W | K5: 544.53 | L5: Não | M5: Orçado
B6: SL VT 9.1 28W | C6: Viária | D6: LEDSTAR | E6: LUM LED SL VT 9.1 28W | F6: 4927.35 | G6: =F6/H6 -> 175.97679 | H6: 28 | I6: 2025 | J6: =B6 -> SL VT 9.1 28W | K6: 604.04 | L6: Ok | M6: Orçado
B7: SL VT 9.3 30W | C7: Viária | D7: LEDSTAR | E7: LUM LED SL VT 9.3 30W | F7: 4891.9 | G7: =F7/H7 -> 163.06333 | H7: 30 | I7: 2025 | J7: =B7 -> SL VT 9.3 30W | K7: 550.35 | L7: Ok | M7: Orçado
B8: SL VT 9.6 30W | C8: Viária | D8: LEDSTAR | E8: LUM LED SL VT 9.6 30W | F8: 4542 | G8: =F8/H8 -> 151.4 | H8: 30 | I8: 2025 | J8: =B8 -> SL VT 9.6 30W | K8: 592.74 | L8: Ok | M8: Orçado
B9: SL VT 9.1 35W | C9: Viária | D9: LEDSTAR | E9: LUM LED SL VT 9.1 35W | F9: 5955.62 | G9: =F9/H9 -> 170.16057 | H9: 35 | I9: 2025 | J9: =B9 -> SL VT 9.1 35W | K9: 615.18 | L9: Ok | M9: Orçado
B10: SL VT 9.6 37W | C10: Viária | D10: LEDSTAR | E10: LUM LED SL VT 9.6 37W | F10: 5516 | G10: =F10/H10 -> 149.08108 | H10: 37 | I10: 2025 | J10: =B10 -> SL VT 9.6 37W | K10: 624.96 | L10: Ok | M10: Orçado
B11: SL VT 9.3 40W | C11: Viária | D11: LEDSTAR | E11: LUM LED SL VT 9.3 40W | F11: 6965.3 | G11: =F11/H11 -> 174.1325 | H11: 40 | I11: 2025 | J11: =B11 -> SL VT 9.3 40W | K11: 564.21 | L11: Ok | M11: Orçado
B12: SL VT 9.6 40W | C12: Viária | D12: LEDSTAR | E12: LUM LED SL VT 9.6 40W | F12: - | G12: =F12/H12 -> #VALUE! | H12: 40 | I12: 2025 | J12: =B12 -> SL VT 9.6 40W | K12: 707.78 | L12: Não | M12: Orçado
B13: SL VT 9.1 44W | C13: Viária | D13: LEDSTAR | E13: LUM LED SL VT 9.1 44W | F13: 7657.99 | G13: =F13/H13 -> 174.04523 | H13: 44 | I13: 2025 | J13: =B13 -> SL VT 9.1 44W | K13: 642.39 | L13: Ok | M13: Orçado
B14: SL VT 9.6 46W | C14: Viária | D14: LEDSTAR | E14: LUM LED SL VT 9.6 46W | F14: 6995 | G14: =F14/H14 -> 152.06522 | H14: 46 | I14: 2025 | J14: =B14 -> SL VT 9.6 46W | K14: 617.46 | L14: Ok | M14: Orçado
B15: SL VT 9.3 50W | C15: Viária | D15: LEDSTAR | E15: LUM LED SL VT 9.3 50W | F15: 8373.1 | G15: =F15/H15 -> 167.462 | H15: 50 | I15: 2025 | J15: =B15 -> SL VT 9.3 50W | K15: 541.3 | L15: Ok | M15: Orçado
B16: SL VT 9.1 52W | C16: Viária | D16: LEDSTAR | E16: LUM LED SL VT 9.1 52W | F16: 8960.18 | G16: =F16/H16 -> 172.31115 | H16: 52 | I16: 2025 | J16: =B16 -> SL VT 9.1 52W | K16: 663.79 | L16: Ok | M16: Orçado
B17: SL VT 9.6 55W | C17: Viária | D17: LEDSTAR | E17: LUM LED SL VT 9.6 55W | F17: 7920 | G17: =F17/H17 -> 144 | H17: 55 | I17: 2025 | J17: =B17 -> SL VT 9.6 55W | K17: 627.29 | L17: Ok | M17: Orçado
B18: SL VT 9.3 58W | C18: Viária | D18: LEDSTAR | E18: LUM LED SL VT 9.3 58W | F18: 9479.9 | G18: =F18/H18 -> 163.44655 | H18: 58 | I18: 2025 | J18: =B18 -> SL VT 9.3 58W | K18: 563.28 | L18: Ok | M18: Orçado
B19: SL VT 9.1 65W | C19: Viária | D19: LEDSTAR | E19: LUM LED SL VT 9.1 65W | F19: 10496 | G19: =F19/H19 -> 161.47692 | H19: 65 | I19: 2025 | J19: =B19 -> SL VT 9.1 65W | K19: 717.61 | L19: Ok | M19: Orçado
B20: SL VT 9.3 70W | C20: Viária | D20: LEDSTAR | E20: LUM LED SL VT 9.3 70W | F20: 11712.5 | G20: =F20/H20 -> 167.32143 | H20: 70 | I20: 2025 | J20: =B20 -> SL VT 9.3 70W | K20: 632.85 | L20: Ok | M20: Orçado
B21: SL VT 9.6 70W | C21: Viária | D21: LEDSTAR | E21: LUM LED SL VT 9.6 70W | F21: 9789.2 | G21: =F21/H21 -> 139.84571 | H21: 70 | I21: 2025 | J21: =B21 -> SL VT 9.6 70W | K21: 862.03 | L21: Ok | M21: Orçado
B22: SL VT 9.1 72W | C22: Viária | D22: LEDSTAR | E22: LUM LED SL VT 9.1 72W | F22: 12107 | G22: =F22/H22 -> 168.15278 | H22: 72 | I22: 2025 | J22: =B22 -> SL VT 9.1 72W | K22: 719.91 | L22: Ok | M22: Orçado
B23: SL VT 9.3 80W | C23: Viária | D23: LEDSTAR | E23: LUM LED SL VT 9.3 80W | F23: 13306.6 | G23: =F23/H23 -> 166.3325 | H23: 80 | I23: 2025 | J23: =B23 -> SL VT 9.3 80W | K23: 744.777 | L23: Ok | M23: Orçado
B24: SL VT 9.6 80W | C24: Viária | D24: LEDSTAR | E24: LUM LED SL VT 9.6 80W | F24: 12320 | G24: =F24/H24 -> 154 | H24: 80 | I24: 2025 | J24: =B24 -> SL VT 9.6 80W | K24: 784.09 | L24: Ok | M24: Orçado
... B37: SL VT 9.6 145W | C37: Viária | D37: LEDSTAR | E37: LUM LED SL VT 9.6 145W | F37: 20481 | G37: =F37/H37 -> 141.24828 | H37: 145 | I37: 2025 | J37: =B37 -> SL VT 9.6 145W | K37: 1024.45 | L37: Ok | M37: Orçado
B38: SL VT 9.6 150W | C38: Viária | D38: LEDSTAR | E38: LUM LED SL VT 9.6 150W | F38: - | G38: =F38/H38 -> #VALUE! | H38: 150 | I38: 2025 | J38: =B38 -> SL VT 9.6 150W | K38: 1188.62 | L38: Não | M38: Orçado
B39: SL VT 9.1 155W | C39: Viária | D39: LEDSTAR | E39: LUM LED SL VT 9.1 155W | F39: 24540 | G39: =F39/H39 -> 158.32258 | H39: 155 | I39: 2025 | J39: =B39 -> SL VT 9.1 155W | K39: 1118.75 | L39: Ok | M39: Orçado
B40: SL VT 9.3 160W | C40: Viária | D40: LEDSTAR | E40: LUM LED SL VT 9.3 160W | F40: 26327.1 | G40: =F40/H40 -> 164.54438 | H40: 160 | I40: 2025 | J40: =B40 -> SL VT 9.3 160W | K40: 1012.37 | L40: Ok | M40: Orçado
B41: SL VT 9.6 160W | C41: Viária | D41: LEDSTAR | E41: LUM LED SL VT 9.6 160W | F41: 23437 | G41: =F41/H41 -> 146.48125 | H41: 160 | I41: 2025 | J41: =B41 -> SL VT 9.6 160W | K41: 1072.51 | L41: Ok | M41: Orçado
B42: SL VT 9.1 170W | C42: Viária | D42: LEDSTAR | E42: LUM LED SL VT 9.1 170W | F42: 26748 | G42: =F42/H42 -> 157.34118 | H42: 170 | I42: 2025 | J42: =B42 -> SL VT 9.1 170W | K42: 1178.93 | L42: Ok | M42: Orçado
B43: SL VT 9.6 175W | C43: Viária | D43: LEDSTAR | E43: LUM LED SL VT 9.6 175W | F43: 25532 | G43: =F43/H43 -> 145.89714 | H43: 175 | I43: 2025 | J43: =B43 -> SL VT 9.6 175W | K43: 1131.73 | L43: Ok | M43: Orçado
B44: SL VT 9.3 185W | C44: Viária | D44: LEDSTAR | E44: LUM LED SL VT 9.3 185W | F44: 29771.7 | G44: =F44/H44 -> 160.92811 | H44: 185 | I44: 2025 | J44: =B44 -> SL VT 9.3 185W | K44: 1106.69 | L44: Ok | M44: Orçado
B45: SL VT 9.6 190W | C45: Viária | D45: LEDSTAR | E45: LUM LED SL VT 9.6 190W | F45: 28644.8 | G45: =F45/H45 -> 150.76211 | H45: 190 | I45: 2025 | J45: =B45 -> SL VT 9.6 190W | K45: 1149.64 | L45: Ok | M45: Orçado
B46: SL VT 9.1 200W | C46: Viária | D46: LEDSTAR | E46: LUM LED SL VT 9.1 200W | F46: 32521 | G46: =F46/H46 -> 162.605 | H46: 200 | I46: 2025 | J46: =B46 -> SL VT 9.1 200W | K46: 1233.8 | L46: Ok | M46: Orçado
B47: SL VT 9.3 200W | C47: Viária | D47: LEDSTAR | E47: LUM LED SL VT 9.3 200W | F47: 32740.2 | G47: =F47/H47 -> 163.701 | H47: 200 | I47: 2025 | J47: =B47 -> SL VT 9.3 200W | K47: 1121.39 | L47: Ok | M47: Orçado
B48: SL VT 9.6 215W | C48: Viária | D48: LEDSTAR | E48: LUM LED SL VT 9.6 215W | F48: 31800.8 | G48: =F48/H48 -> 147.9107 | H48: 215 | I48: 2025 | J48: =B48 -> SL VT 9.6 215W | K48: 1207.41 | L48: Ok | M48: Orçado
B49: SL VT 9.6 240W | C49: Viária | D49: LEDSTAR | E49: LUM LED SL VT 9.6 240W | F49: - | G49: =F49/H49 -> #VALUE! | H49: 240 | I49: 2025 | J49: =B49 -> SL VT 9.6 240W | K49: 1363.6 | L49: Não | M49: Orçado
B52: Código | C52: Utilização | D52: Fornecedor | E52: Luminária | F52: Fluxo Luminoso [lm] | G52: Eficiência (lm/W) | H52: Potência [W] | I52: Orçamento | J52: Luminaria Considerada (Valor) | K52: Valor | L52: Fotometria | M52: Estimado/Orçado | N52: Simulação
B53: SX-INEVO020HF | C53: Viária | D53: SX LIGHTING | E53: SXINEVO020K40L12CZF7PHF | F53: 3825 | G53: =F53/H53 -> 170 | H53: 22.5 | I53: 2025 | J53: =B53 -> SX-INEVO020HF | K53: 330 | L53: Ok | M53: Orçado
B54: SX-INEVO020HF | C54: Viária | D54: SX LIGHTING | E54: SXINEVO020K40L12CZF7PHF | F54: 3825 | G54: =F54/H54 -> 170 | H54: 22.5 | I54: 2025 | J54: =B54 -> SX-INEVO020HF | K54: 330 | L54: Ok | M54: Orçado
B55: SX-INEVO030HF | C55: Viária | D55: SX LIGHTING | E55: SXINEVO030K40L12CZF7PHF | F55: 5270 | G55: =F55/H55 -> 170 | H55: 31 | I55: 2025 | J55: =B55 -> SX-INEVO030HF | K55: 335 | L55: Ok | M55: Orçado
B56: SX-INEVO040HF | C56: Viária | D56: SX LIGHTING | E56: SXINEVO040K40L12CZF7PHF | F56: 6552 | G56: =F56/H56 -> 168 | H56: 39 | I56: 2025 | J56: =B56 -> SX-INEVO040HF | K56: 370 | L56: Ok | M56: Orçado
B57: SX-INEVO050HF | C57: Viária | D57: SX LIGHTING | E57: SXINEVO050K40L12CZF7PHF | F57: 8650 | G57: =F57/H57 -> 173 | H57: 50 | I57: 2025 | J57: =B57 -> SX-INEVO050HF | K57: 374 | L57: Ok | M57: Orçado
B58: SX-INEVO060HF | C58: Viária | D58: SX LIGHTING | E58: SXINEVO060K40L12CZF7PHF | F58: 9600 | G58: =F58/H58 -> 160 | H58: 60 | I58: 2025 | J58: =B58 -> SX-INEVO060HF | K58: 375 | L58: Ok | M58: Orçado
B59: SX-INLPP070HF | C59: Viária | D59: SX LIGHTING | E59: SXINLPP070K40L12CZF7PHF | F59: 11970 | G59: =F59/H59 -> 171 | H59: 70 | I59: 2025 | J59: =B59 -> SX-INLPP070HF | K59: 465 | L59: Ok | M59: Orçado
B60: SX-INLPP070HF | C60: Viária | D60: SX LIGHTING | E60: SXINLPP070K40L12CZF7PHF | F60: 11970 | G60: =F60/H60 -> 171 | H60: 70 | I60: 2025 | J60: =B60 -> SX-INLPP070HF | K60: 465 | L60: Ok | M60: Orçado
B61: SX-INLPP080HF | C61: Viária | D61: SX LIGHTING | E61: SXINLPP080K40L12CZF7PHF | F61: 13359 | G61: =F61/H61 -> 169.10127 | H61: 79 | I61: 2025 | J61: =B61 -> SX-INLPP080HF | K61: 470 | L61: Ok | M61: Orçado
B62: SX-INLPP090HF | C62: Viária | D62: SX LIGHTING | E62: SXINLPP090K40L12CZF7PHF | F62: 15476 | G62: =F62/H62 -> 171.95556 | H62: 90 | I62: 2025 | J62: =B62 -> SX-INLPP090HF | K62: 490 | L62: Ok | M62: Orçado
B63: SX-INLPP0100HF | C63: Viária | D63: SX LIGHTING | E63: SXINLPP090K40L12CZF7PHF | F63: 15476 | G63: =F63/H63 -> 154.76 | H63: 100 | I63: 2025 | J63: =B63 -> SX-INLPP0100HF | K63: 520 | L63: Ok | M63: Orçado
B64: SX-INLPP120HF | C64: Viária | D64: SX LIGHTING | E64: SXINLPP120K40L12CZF7PHF | F64: 20748 | G64: =F64/H64 -> 172.9 | H64: 120 | I64: 2025 | J64: =B64 -> SX-INLPP120HF | K64: 550 | L64: Ok | M64: Orçado
... B79: TAUMAGGTFRRTMNDL200W105IB | C79: Viária | D79: TECNOWATT | E79: TAUMAGGTFRRTMNDL200W105IB BRS1-10C1MUN6.5 | F79: 33153 | G79: =F79/H79 -> 165.765 | H79: 200 | I79: 2025 | J79: =B79 -> TAUMAGGTFRRTMNDL200W105IB | K79: 892.31 | L79: Não | M79: Orçado

Sheet AnáliseFornecedores
B1: Valores Orçados
B3: Luminária | C3: Potência | D3: Valor
B4: ORCHIS | C4: 120 | D4: 1373.6163
B5: ORCHIS | C5: 150 | D5: 1417.6163
B7: Valor (R$/W) | C7: =AVERAGE(D4/C4,D5/C5) -> 10.448789 | D7: 0
B10: A | C10: 1.4667 | D10: 1
B11: B | C11: 1197.6 | D11: 1
B13: Valores Estimados
B14: Código | C14: Luminária | D14: Potência | E14: Valor
B15: J.20.3 | C15: ORCHIS | D15: 20 | E15: =D15*$C$10+$C$11 -> 1226.934
B16: J.30.3 | C16: ORCHIS | D16: 30 | E16: =D16*$C$10+$C$11 -> 1241.601
B17: J.40.3 | C17: ORCHIS | D17: 40 | E17: =D17*$C$10+$C$11 -> 1256.268
B18: J.50.3 | C18: ORCHIS | D18: 50 | E18: =D18*$C$10+$C$11 -> 1270.935
B19: J.60.3 | C19: ORCHIS | D19: 60 | E19: =D19*$C$10+$C$11 -> 1285.602
B20: J.70.3 | C20: ORCHIS | D20: 70 | E20: =D20*$C$10+$C$11 -> 1300.269
B21: J.80.3 | C21: ORCHIS | D21: 80 | E21: =D21*$C$10+$C$11 -> 1314.936
B22: J.90.3 | C22: ORCHIS | D22: 90 | E22: =D22*$C$10+$C$11 -> 1329.603
B23: J.100.3 | C23: ORCHIS | D23: 100 | E23: =D23*$C$10+$C$11 -> 1344.27
B24: J.120.2 | C24: ORCHIS | D24: 120 | E24: =D24*$C$10+$C$11 -> 1373.604
B25: J.175.3 | C25: ORCHIS | D25: 175 | E25: =D25*$C$10+$C$11 -> 1454.2725
B26: J.200.3 | C26: ORCHIS | D26: 200 | E26: =D26*$C$10+$C$11 -> 1490.94
B29: Luminária | C29: Potência | D29: Valor | E29: Comparação
B30: LAELIA | C30: 80 | D30: 960.08941 | E30: JLED-LOTUS | F30: 80 | G30: 897 | H30: =G30/D30-1 -> -0.065712017
B31: LAELIA | C31: 100 | D31: 987.00276 | E31: JLED-LOTUS | F31: 100 | G31: 1058 | H31: =G31/D31-1 -> 0.07193216
B33: Valor (R$/W) | C33: =AVERAGE(D30/C30,D31/C31) -> 10.935573 | D33: 0
B36: A | C36: 1.3457 | D36: 1
B37: B | C37: 852.44 | D37: 1
B39: Valores Estimados
B40: Código | C40: Luminária | D40: Potência | E40: Valor
B41: J.20.2 | C41: LAELIA | D41: 20 | E41: =D41*$C$36+$C$37 -> 879.354
B42: J.30.1 | C42: LAELIA | D42: 30 | E42: =D42*$C$36+$C$37 -> 892.811
B43: J.40.2 | C43: LAELIA | D43: 40 | E43: =D43*$C$36+$C$37 -> 906.268
B44: J.50.2 | C44: LAELIA | D44: 50 | E44: =D44*$C$36+$C$37 -> 919.725
B45: J.60.2 | C45: LAELIA | D45: 60 | E45: =D45*$C$36+$C$37 -> 933.182
B46: J.70.2 | C46: LAELIA | D46: 70 | E46: =D46*$C$36+$C$37 -> 946.639
B47: J.80.2 | C47: LAELIA | D47: 80 | E47: =D47*$C$36+$C$37 -> 960.096
B48: J.90.2 | C48: LAELIA | D48: 90 | E48: =D48*$C$36+$C$37 -> 973.553
B49: J.100.2 | C49: LAELIA | D49: 100 | E49: =D49*$C$36+$C$37 -> 987.01
B55: Marca | C55: Potência | D55: Valor
B56: CONEXLED | C56: 51 | D56: 650.38
B57: CONEXLED | C57: 101 | D57: 779.88
B58: CONEXLED | C58: 110 | D58: 1143.46
B59: CONEXLED | C59: 149 | D59: 919.11
B60: CONEXLED | C60: 159 | D60: 1221.51
B61: CONEXLED | C61: 194 | D61: 1202.21
B62: CONEXLED | C62: 247 | D62: 1334.86
B64: A | C64: 3.379 | D64: 0
B65: B | C65: 547.9 | D65: 0
B68: C.29 | C68: Conexled | D68: CLU-M30K50IES2 | E68: 29 | F68: =E68*$C$64+$C$65 -> 645.891
B69: C.59 | C69: Conexled | D69: CLU-M60K50IES2 | E69: 59 | F69: =E69*$C$64+$C$65 -> 747.261
B70: C.76 | C70: Conexled | D70: CLG-J80K50CF90 | E70: 76 | F70: =E70*$C$64+$C$65 -> 804.704
B71: C.89 | C71: Conexled | D71: CLG-J100K50CF90 | E71: 89 | F71: =E71*$C$64+$C$65 -> 848.631
B72: C.92 | C72: Conexled | D72: CLU-M90K50IES2 | E72: 92 | F72: =E72*$C$64+$C$65 -> 858.768
B73: C.139 | C73: Conexled | D73: CLU-M150K50IES | E73: 139 | F73: =E73*$C$64+$C$65 -> 1017.581
B74: C.165 | C74: Conexled | D74: CLG-J150K50CF90 | E74: 165 | F74: =E74*$C$64+$C$65 -> 1105.435
B75: C.168 | C75: Conexled | D75: CLU-M200K50IES2 | E75: 168 | F75: =E75*$C$64+$C$65 -> 1115.572
B76: C.179 | C76: Conexled | D76: CLG-J200K50CF60 | E76: 179 | F76: =E76*$C$64+$C$65 -> 1152.741
B77: C.217 | C77: Conexled | D77: CLU-M250K50IES2 | E77: 217 | F77: =E77*$C$64+$C$65 -> 1281.143
B81: Marca | C81: Potência | D81: Valor
B82: PHILIPS | C82: 22 | D82: 486.71
B83: PHILIPS | C83: 30 | D83: 494.63
B84: PHILIPS | C84: 38 | D84: 494.63
B85: PHILIPS | C85: 55 | D85: 508.35
B86: PHILIPS | C86: 57 | D86: 486.05
B87: PHILIPS | C87: 68 | D87: 508.38
B88: PHILIPS | C88: 80 | D88: 832.54
B89: PHILIPS | C89: 100 | D89: 835.22
B90: PHILIPS | C90: 114 | D90: 996.32
B91: PHILIPS | C91: 120 | D91: 772.09
B92: PHILIPS | C92: 130 | D92: 1498.29
B93: PHILIPS | C93: 170 | D93: 1280.61
... B96: B | C96: 0.0082 | D96: 0
B99: P.48 | C99: PHILIPS | D99: BRP220 LED54-5S/NW 48W DME NEMA7P | E99: 48 | F99: =$C$95*EXP(E99*$C$96) -> 535.60217
B100: P.60.1 | C100: PHILIPS | D100: BRP220 LED65-5S/NW 60W DME NEMA7P | E100: 60 | F100: =$C$95*EXP(E100*$C$96) -> 590.98561
B101: P.60.2 | C101: PHILIPS | D101: BRP371 A LED70-5S2/NW 60W DME NEMA7P | E101: 60 | F101: =$C$95*EXP(E101*$C$96) -> 590.98561
B102: P.60 | C102: PHILIPS | D102: BRP220 LED54-5S/NW 60W DMB P1 SRG | E102: 60 | F102: =$C$95*EXP(E102*$C$96) -> 590.98561
B103: P.70 | C103: PHILIPS | D103: BRP371 A LED83-5S2/NW 70W DME NEMA7P | E103: 70 | F103: =$C$95*EXP(E103*$C$96) -> 641.48876
B104: P.88 | C104: PHILIPS | D104: BRP371 A LED106-4S_NW 88W DW1 | E104: 88 | F104: =$C$95*EXP(E104*$C$96) -> 743.51703
B105: P.90 | C105: PHILIPS | D105: BRP371 A LED105-5S_NW 90W DME | E105: 90 | F105: =$C$95*EXP(E105*$C$96) -> 755.81124
B106: P.140 | C106: PHILIPS | E106: 140 | F106: =$C$95*EXP(E106*$C$96) -> 1138.8698
B107: P.150.1 | C107: PHILIPS | D107: BRP371 A LED168-5S2/NW 150W DME | E107: 150 | F107: =$C$95*EXP(E107*$C$96) -> 1236.1929
B108: P.150.2 | C108: PHILIPS | D108: BRP692 A LED195-4S/CW 150W DW1 | E108: 150 | F108: =$C$95*EXP(E108*$C$96) -> 1236.1929
B109: P.150.3 | C109: PHILIPS | D109: BRP692 A LED195-4S/CW 150W DW1 | E109: 150 | F109: =$C$95*EXP(E109*$C$96) -> 1236.1929
B110: P.180 | C110: PHILIPS | D110: BWP352 LED194/NW 180W 220-240V DM2 MP1 | E110: 180 | F110: =$C$95*EXP(E110*$C$96) -> 1580.9665
B111: P.190.1 | C111: PHILIPS | D111: BRP492 A LED247-4S/NW 190W DW1 P7 0-10 | E111: 190 | F111: =$C$95*EXP(E111*$C$96) -> 1716.0693
B112: P.200 | C112: PHILIPS | D112: BRP372 A LED226-5S NW 200W DME | E112: 200 | F112: =$C$95*EXP(E112*$C$96) -> 1862.7174
B113: P.210.1 | C113: PHILIPS | D113: BRP492 A LED273-4S/NW 210W DW1 P7 0-10 | E113: 210 | F113: =$C$95*EXP(E113*$C$96) -> 2021.8974
B114: P.210.2 | C114: PHILIPS | D114: BRP492 A LED273-4S/NW 210W DW1 P7 0-10 | E114: 210 | F114: =$C$95*EXP(E114*$C$96) -> 2021.8974
B115: P.230.1 | C115: PHILIPS | D115: BRP372 A LED260-5S NW 230W DME | E115: 230 | F115: =$C$95*EXP(E115*$C$96) -> 2382.2285
B116: P.210.2 | C116: PHILIPS | D116: BRP493 A LED299-4S CW 230W DW1 | E116: 230 | F116: =$C$95*EXP(E116*$C$96) -> 2382.2285
B117: P.230.3 | C117: PHILIPS | D117: BRP493 A LED299-4S CW 230W DW1 | E117: 230 | F117: =$C$95*EXP(E117*$C$96) -> 2382.2285
B118: P.250.1 | C118: PHILIPS | D118: BRP493 A LED325-4S NW 250W DW1 | E118: 250 | F118: =$C$95*EXP(E118*$C$96) -> 2806.7757
... B120: P.270.1 | C120: PHILIPS | D120: BRP493 A LED351-4S NW 270W DW1 | E120: 270 | F120: =$C$95*EXP(E120*$C$96) -> 3306.9833

Sheet Banco_Tipologias
C3: Estrutura | D3: Nível de complexidade | E3: Classes IP | H3: Posteação | I3: Distanciamento | J3: Largura Via | K3: Altura | L3: Projeção | M3: Faixas | N3: CC
C4: 1 | D4: I | E4: V4 | F4: V5 | G4: - | H4: PU-SCC | I4: 35 | J4: 5 | K4: 6 | L4: 1 | M4: 2 | N4: -
C5: 2 | D5: II | E5: V2 | F5: V3 | G5: V4 | H5: PU-SCC | I5: 25 | J5: 7 | K5: 8.4 | L5: 3.85 | M5: 2 | N5: -
C6: 3 | D6: III | E6: V1 | F6: V2 | G6: V3 | H6: PU-SCC | I6: 45 | J6: 10 | K6: 8.8000002 | L6: 3.85 | M6: 3 | N6: -
C7: 4 | D7: I | E7: V2 | F7: V3 | G7: - | H7: PBA-SCC | I7: 30 | J7: 9 | K7: 7.7 | L7: 2.0999999 | M7: 3 | N7: -
C8: 5 | D8: III | E8: V1 | F8: V2 | G8: - | H8: PBA-SCC | I8: 45 | J8: 9 | K8: 8.4 | L8: 3.85 | M8: 3 | N8: -
C9: 6 | D9: II | E9: V1 | F9: V2 | G9: - | H9: PBF-SCC | I9: 40 | J9: 10 | K9: 8.4 | L9: 3.85 | M9: 3 | N9: -
C10: 7 | D10: I | E10: V3 | F10: V4 | G10: V5 | H10: PC | I10: 25 | J10: 4 | K10: 7 | L10: 1.8 | M10: 1 | N10: 0.30000001
C11: 8 | D11: II | E11: V2 | F11: V3 | G11: - | H11: PC | I11: 40 | J11: 6 | K11: 12 | L11: 0.5 | M11: 2 | N11: 1
C12: 9 | D12: III | E12: V1 | F12: V2 | G12: - | H12: PC | I12: 45 | J12: 13 | K12: 20 | L12: 0.5 | M12: 4 | N12: 2
C13: 10 | D13: II | E13: V4 | F13: V5 | G13: - | H13: PU-CCC | I13: 40 | J13: 6.4000001 | K13: 6 | L13: 1 | M13: 2 | N13: 1
C14: 11 | D14: II | E14: V3 | F14: V4 | G14: - | H14: PBA-CCC | I14: 40 | J14: 7 | K14: 8.3 | L14: 3 | M14: 2 | N14: 2
C15: 12 | D15: I | E15: V3 | F15: V4 | G15: V5 | H15: PBF-CCC | I15: 30 | J15: 6.8000002 | K15: 7.5 | L15: 1 | M15: 2 | N15: 1
C16: 13 | D16: II | E16: V2 | F16: V3 | G16: - | H16: PBF-CCC | I16: 35 | J16: 9 | K16: 7.5 | L16: 2.8 | M16: 3 | N16: 2.4000001
C17: 14 | D17: III | E17: V1 | F17: V2 | G17: V3 | H17: PBF-CCC | I17: 40 | J17: 10 | K17: 8.4 | L17: 3.85 | M17: 3 | N17: 9.5

Sheet ABNT5101
B2: ABNT NBR 5101:2024 (Vias de pedestres) | I2: ABNT NBR 5101:2024 (Áreas de Conflito)
B3: Classe de Iluminação | C3: Iluminância Média Mínima Emed,min [lux] | D3: Iluminância mínima horizontal E (lux) | E3: Iluminância Vertical Mínima* [lux] | I3: Classe de Iluminação | J3: Iluminância Média Mínima Emed,min [lux] | K3: Fator de Uniformidade Mínimo Umin | L3: Luminância Média Mínima Lmed [cd/m²] | M3: Uniformidade Global Mínima Uo | N3: Uniformidade Longitudinal Mínima UL | O3: fTI % <= | P3: EIR >=
B4: P1 | C4: 20 | D4: 4 | E4: 6 | I4: C0 | J4: 50 | K4: - | L4: - | M4: 0.38 | N4: - | O4: 14 | P4: -
B5: P2 | C5: 15 | D5: 3 | E5: 5 | I5: C1 | J5: 30 | K5: - | L5: - | M5: 0.38 | N5: - | O5: 14 | P5: -
B6: P3 | C6: 10 | D6: 2 | E6: 3 | I6: C2 | J6: 20 | K6: - | L6: - | M6: 0.28 | N6: - | O6: 14 | P6: -
B7: P4 | C7: 7.5 | D7: 1.5 | E7: 2.5 | I7: C3 | J7: 15 | K7: - | L7: - | M7: 0.18 | N7: - | O7: 15 | P7: -
B8: P5 | C8: 5 | D8: 1 | E8: 1.5 | I8: C4 | J8: 10 | K8: - | L8: - | M8: 0.18 | N8: - | O8: 16 | P8: -
B9: P6 | C9: 3 | D9: 0.6 | E9: 1 | I9: C5 | J9: 7.5 | K9: - | L9: - | M9: 0.18 | N9: - | O9: 16 | P9: -
B10: *Se houver necessidade de reconhecimento facial | I10: - | J10: - | K10: - | L10: - | M10: - | N10: - | O10: - | P10: -
I11: ABNT NBR 5101:2024 (Tráfego Motorizado)
I12: Classe de Iluminação | J12: Iluminância Média Mínima Emed,min [lux] | K12: Fator de Uniformidade Mínimo Umin | L12: Luminância Média Mínima Lmed [cd/m²] | M12: Uniformidade Global Mínima Uo | N12: Uniformidade Longitudinal Mínima UL | O12: fTI % <= | P12: EIR >=
I13: - | J13: - | K13: - | L13: - | M13: - | N13: - | O13: - | P13: -
I14: M1 | J14: - | K14: - | L14: 2 | M14: 0.4 | N14: 0.65 | O14: 14 | P14: 0.45
I15: M2 | J15: - | K15: - | L15: 1.5 | M15: 0.4 | N15: 0.65 | O15: 14 | P15: 0.45
I16: M3 | J16: - | K16: - | L16: 1 | M16: 0.4 | N16: 0.6 | O16: 15 | P16: 0.45
I17: M4 | J17: - | K17: - | L17: 0.75 | M17: 0.4 | N17: 0.6 | O17: 16 | P17: 0.45
I18: M5 | J18: - | K18: - | L18: 0.5 | M18: 0.35 | N18: 0.35 | O18: 16 | P18: 0.45
I19: M6 | J19: - | K19: - | L19: 0.3 | M19: 0.35 | N19: 0.35 | O19: 16 | P19: 0.45
I20: q0 | J20: 0.07 | K20: (cd/m²)/lx
I22: Classe de Iluminação | J22: Iluminância Média Mínima Emed,min [lux] | K22: Fator de Uniformidade Mínimo Umin | L22: Luminância Média Mínima Lmed [cd/m²] | M22: Uniformidade Global Mínima Uo | N22: Uniformidade Longitudinal Mínima UL | O22: fTI % <= | P22: EIR >=
I23: P1 | J23: 20 | K23: - | L23: - | M23: - | N23: - | O23: - | P23: -
I24: P2 | J24: 15 | K24: - | L24: - | M24: - | N24: - | O24: - | P24: -
I25: P3 | J25: 10 | K25: - | L25: - | M25: - | N25: - | O25: - | P25: -
I26: P4 | J26: 7.5 | K26: - | L26: - | M26: - | N26: - | O26: - | P26: -
I27: P5 | J27: 5 | K27: - | L27: - | M27: - | N27: - | O27: - | P27: -
I28: P6 | J28: 3 | K28: - | L28: - | M28: - | N28: - | O28: - | P28: -
J29: - | K29: - | L29: - | M29: - | N29: - | O29: - | P29: -

Sheet Recorrência
A1: Fornecedor | B1: Potência | C1: M6 | D1: P5 | E1: P6 | F1: C0 | G1: C1 | H1: C2 | I1: C3 | J1: C4 | K1: C5 | O1: Potência Mais Recorrente
A2: Philips | B2: 24 | C2: =COUNTIFS(Simulações!$K:$K,C$1,Simulações!$CL:$CL,$A2,Simulações!$CR:$CR,$B2) -> 0 | D2: =COUNTIFS(Simulações!$K:$K,D$1,Simulações!$CL:$CL,$A2,Simulações!$CR:$CR,$B2) -> 0 | E2: =COUNTIFS(Simulações!$K:$K,E$1,Simulações!$CL:$CL,$A2,Simulações!$CR:$CR,$B2) -> 0 | F2: =COUNTIFS(Simulações!$K:$K,F$1,Simulações!$CL:$CL,$A2,Simulações!$CR:$CR,$B2) -> 0 | G2: =COUNTIFS(Simulações!$K:$K,G$1,Simulações!$CL:$CL,$A2,Simulações!$CR:$CR,$B2) -> 0 | H2: =COUNTIFS(Simulações!$K:$K,H$1,Simulações!$CL:$CL,$A2,Simulações!$CR:$CR,$B2) -> 0 | I2: =COUNTIFS(Simulações!$K:$K,I$1,Simulações!$CL:$CL,$A2,Simulações!$CR:$CR,$B2) -> 0 | J2: =COUNTIFS(Simulações!$K:$K,J$1,Simulações!$CL:$CL,$A2,Simulações!$CR:$CR,$B2) -> 0 | K2: =COUNTIFS(Simulações!$K:$K,K$1,Simulações!$CL:$CL,$A2,Simulações!$CR:$CR,$B2) -> 0 | N2: Fornecedor | O2: V1 | P2: V2 | Q2: V3 | R2: V4 | S2: V5
A3: Philips | B3: 27 | C3: =COUNTIFS(Simulações!$K:$K,C$1,Simulações!$CL:$CL,$A3,Simulações!$CR:$CR,$B3) -> 0 | D3: =COUNTIFS(Simulações!$K:$K,D$1,Simulações!$CL:$CL,$A3,Simulações!$CR:$CR,$B3) -> 0 | E3: =COUNTIFS(Simulações!$K:$K,E$1,Simulações!$CL:$CL,$A3,Simulações!$CR:$CR,$B3) -> 0 | F3: =COUNTIFS(Simulações!$K:$K,F$1,Simulações!$CL:$CL,$A3,Simulações!$CR:$CR,$B3) -> 0 | G3: =COUNTIFS(Simulações!$K:$K,G$1,Simulações!$CL:$CL,$A3,Simulações!$CR:$CR,$B3) -> 0 | H3: =COUNTIFS(Simulações!$K:$K,H$1,Simulações!$CL:$CL,$A3,Simulações!$CR:$CR,$B3) -> 0 | I3: =COUNTIFS(Simulações!$K:$K,I$1,Simulações!$CL:$CL,$A3,Simulações!$CR:$CR,$B3) -> 0 | J3: =COUNTIFS(Simulações!$K:$K,J$1,Simulações!$CL:$CL,$A3,Simulações!$CR:$CR,$B3) -> 0 | K3: =COUNTIFS(Simulações!$K:$K,K$1,Simulações!$CL:$CL,$A3,Simulações!$CR:$CR,$B3) -> 0 | N3: Philips
A4: Philips | B4: 33 | C4: =COUNTIFS(Simulações!$K:$K,C$1,Simulações!$CL:$CL,$A4,Simulações!$CR:$CR,$B4) -> 0 | D4: =COUNTIFS(Simulações!$K:$K,D$1,Simulações!$CL:$CL,$A4,Simulações!$CR:$CR,$B4) -> 0 | E4: =COUNTIFS(Simulações!$K:$K,E$1,Simulações!$CL:$CL,$A4,Simulações!$CR:$CR,$B4) -> 0 | F4: =COUNTIFS(Simulações!$K:$K,F$1,Simulações!$CL:$CL,$A4,Simulações!$CR:$CR,$B4) -> 0 | G4: =COUNTIFS(Simulações!$K:$K,G$1,Simulações!$CL:$CL,$A4,Simulações!$CR:$CR,$B4) -> 0 | H4: =COUNTIFS(Simulações!$K:$K,H$1,Simulações!$CL:$CL,$A4,Simulações!$CR:$CR,$B4) -> 0 | I4: =COUNTIFS(Simulações!$K:$K,I$1,Simulações!$CL:$CL,$A4,Simulações!$CR:$CR,$B4) -> 0 | J4: =COUNTIFS(Simulações!$K:$K,J$1,Simulações!$CL:$CL,$A4,Simulações!$CR:$CR,$B4) -> 0 | K4: =COUNTIFS(Simulações!$K:$K,K$1,Simulações!$CL:$CL,$A4,Simulações!$CR:$CR,$B4) -> 0 | N4: Unicoba
A5: Philips | B5: 41 | C5: =COUNTIFS(Simulações!$K:$K,C$1,Simulações!$CL:$CL,$A5,Simulações!$CR:$CR,$B5) -> 0 | D5: =COUNTIFS(Simulações!$K:$K,D$1,Simulações!$CL:$CL,$A5,Simulações!$CR:$CR,$B5) -> 0 | E5: =COUNTIFS(Simulações!$K:$K,E$1,Simulações!$CL:$CL,$A5,Simulações!$CR:$CR,$B5) -> 0 | F5: =COUNTIFS(Simulações!$K:$K,F$1,Simulações!$CL:$CL,$A5,Simulações!$CR:$CR,$B5) -> 0 | G5: =COUNTIFS(Simulações!$K:$K,G$1,Simulações!$CL:$CL,$A5,Simulações!$CR:$CR,$B5) -> 0 | H5: =COUNTIFS(Simulações!$K:$K,H$1,Simulações!$CL:$CL,$A5,Simulações!$CR:$CR,$B5) -> 0 | I5: =COUNTIFS(Simulações!$K:$K,I$1,Simulações!$CL:$CL,$A5,Simulações!$CR:$CR,$B5) -> 0 | J5: =COUNTIFS(Simulações!$K:$K,J$1,Simulações!$CL:$CL,$A5,Simulações!$CR:$CR,$B5) -> 0 | K5: =COUNTIFS(Simulações!$K:$K,K$1,Simulações!$CL:$CL,$A5,Simulações!$CR:$CR,$B5) -> 0 | N5: Tecnowatt
A6: Philips | B6: 48 | C6: =COUNTIFS(Simulações!$K:$K,C$1,Simulações!$CL:$CL,$A6,Simulações!$CR:$CR,$B6) -> 0 | D6: =COUNTIFS(Simulações!$K:$K,D$1,Simulações!$CL:$CL,$A6,Simulações!$CR:$CR,$B6) -> 0 | E6: =COUNTIFS(Simulações!$K:$K,E$1,Simulações!$CL:$CL,$A6,Simulações!$CR:$CR,$B6) -> 0 | F6: =COUNTIFS(Simulações!$K:$K,F$1,Simulações!$CL:$CL,$A6,Simulações!$CR:$CR,$B6) -> 0 | G6: =COUNTIFS(Simulações!$K:$K,G$1,Simulações!$CL:$CL,$A6,Simulações!$CR:$CR,$B6) -> 0 | H6: =COUNTIFS(Simulações!$K:$K,H$1,Simulações!$CL:$CL,$A6,Simulações!$CR:$CR,$B6) -> 0 | I6: =COUNTIFS(Simulações!$K:$K,I$1,Simulações!$CL:$CL,$A6,Simulações!$CR:$CR,$B6) -> 0 | J6: =COUNTIFS(Simulações!$K:$K,J$1,Simulações!$CL:$CL,$A6,Simulações!$CR:$CR,$B6) -> 0 | K6: =COUNTIFS(Simulações!$K:$K,K$1,Simulações!$CL:$CL,$A6,Simulações!$CR:$CR,$B6) -> 0
A7: Philips | B7: 55 | C7: =COUNTIFS(Simulações!$K:$K,C$1,Simulações!$CL:$CL,$A7,Simulações!$CR:$CR,$B7) -> 0 | D7: =COUNTIFS(Simulações!$K:$K,D$1,Simulações!$CL:$CL,$A7,Simulações!$CR:$CR,$B7) -> 0 | E7: =COUNTIFS(Simulações!$K:$K,E$1,Simulações!$CL:$CL,$A7,Simulações!$CR:$CR,$B7) -> 0 | F7: =COUNTIFS(Simulações!$K:$K,F$1,Simulações!$CL:$CL,$A7,Simulações!$CR:$CR,$B7) -> 0 | G7: =COUNTIFS(Simulações!$K:$K,G$1,Simulações!$CL:$CL,$A7,Simulações!$CR:$CR,$B7) -> 0 | H7: =COUNTIFS(Simulações!$K:$K,H$1,Simulações!$CL:$CL,$A7,Simulações!$CR:$CR,$B7) -> 0 | I7: =COUNTIFS(Simulações!$K:$K,I$1,Simulações!$CL:$CL,$A7,Simulações!$CR:$CR,$B7) -> 0 | J7: =COUNTIFS(Simulações!$K:$K,J$1,Simulações!$CL:$CL,$A7,Simulações!$CR:$CR,$B7) -> 0 | K7: =COUNTIFS(Simulações!$K:$K,K$1,Simulações!$CL:$CL,$A7,Simulações!$CR:$CR,$B7) -> 0
A8: Philips | B8: 61 | C8: =COUNTIFS(Simulações!$K:$K,C$1,Simulações!$CL:$CL,$A8,Simulações!$CR:$CR,$B8) -> 0 | D8: =COUNTIFS(Simulações!$K:$K,D$1,Simulações!$CL:$CL,$A8,Simulações!$CR:$CR,$B8) -> 0 | E8: =COUNTIFS(Simulações!$K:$K,E$1,Simulações!$CL:$CL,$A8,Simulações!$CR:$CR,$B8) -> 0 | F8: =COUNTIFS(Simulações!$K:$K,F$1,Simulações!$CL:$CL,$A8,Simulações!$CR:$CR,$B8) -> 0 | G8: =COUNTIFS(Simulações!$K:$K,G$1,Simulações!$CL:$CL,$A8,Simulações!$CR:$CR,$B8) -> 0 | H8: =COUNTIFS(Simulações!$K:$K,H$1,Simulações!$CL:$CL,$A8,Simulações!$CR:$CR,$B8) -> 0 | I8: =COUNTIFS(Simulações!$K:$K,I$1,Simulações!$CL:$CL,$A8,Simulações!$CR:$CR,$B8) -> 0 | J8: =COUNTIFS(Simulações!$K:$K,J$1,Simulações!$CL:$CL,$A8,Simulações!$CR:$CR,$B8) -> 0 | K8: =COUNTIFS(Simulações!$K:$K,K$1,Simulações!$CL:$CL,$A8,Simulações!$CR:$CR,$B8) -> 0 | O8: Potência Média
A9: Philips | B9: 70 | C9: =COUNTIFS(Simulações!$K:$K,C$1,Simulações!$CL:$CL,$A9,Simulações!$CR:$CR,$B9) -> 0 | D9: =COUNTIFS(Simulações!$K:$K,D$1,Simulações!$CL:$CL,$A9,Simulações!$CR:$CR,$B9) -> 0 | E9: =COUNTIFS(Simulações!$K:$K,E$1,Simulações!$CL:$CL,$A9,Simulações!$CR:$CR,$B9) -> 0 | F9: =COUNTIFS(Simulações!$K:$K,F$1,Simulações!$CL:$CL,$A9,Simulações!$CR:$CR,$B9) -> 0 | G9: =COUNTIFS(Simulações!$K:$K,G$1,Simulações!$CL:$CL,$A9,Simulações!$CR:$CR,$B9) -> 0 | H9: =COUNTIFS(Simulações!$K:$K,H$1,Simulações!$CL:$CL,$A9,Simulações!$CR:$CR,$B9) -> 0 | I9: =COUNTIFS(Simulações!$K:$K,I$1,Simulações!$CL:$CL,$A9,Simulações!$CR:$CR,$B9) -> 0 | J9: =COUNTIFS(Simulações!$K:$K,J$1,Simulações!$CL:$CL,$A9,Simulações!$CR:$CR,$B9) -> 0 | K9: =COUNTIFS(Simulações!$K:$K,K$1,Simulações!$CL:$CL,$A9,Simulações!$CR:$CR,$B9) -> 0 | N9: Fornecedor | O9: V1 | P9: V2 | Q9: V3 | R9: V4 | S9: V5
A10: Philips | B10: 76 | C10: =COUNTIFS(Simulações!$K:$K,C$1,Simulações!$CL:$CL,$A10,Simulações!$CR:$CR,$B10) -> 0 | D10: =COUNTIFS(Simulações!$K:$K,D$1,Simulações!$CL:$CL,$A10,Simulações!$CR:$CR,$B10) -> 0 | E10: =COUNTIFS(Simulações!$K:$K,E$1,Simulações!$CL:$CL,$A10,Simulações!$CR:$CR,$B10) -> 0 | F10: =COUNTIFS(Simulações!$K:$K,F$1,Simulações!$CL:$CL,$A10,Simulações!$CR:$CR,$B10) -> 0 | G10: =COUNTIFS(Simulações!$K:$K,G$1,Simulações!$CL:$CL,$A10,Simulações!$CR:$CR,$B10) -> 0 | H10: =COUNTIFS(Simulações!$K:$K,H$1,Simulações!$CL:$CL,$A10,Simulações!$CR:$CR,$B10) -> 0 | I10: =COUNTIFS(Simulações!$K:$K,I$1,Simulações!$CL:$CL,$A10,Simulações!$CR:$CR,$B10) -> 0 | J10: =COUNTIFS(Simulações!$K:$K,J$1,Simulações!$CL:$CL,$A10,Simulações!$CR:$CR,$B10) -> 0 | K10: =COUNTIFS(Simulações!$K:$K,K$1,Simulações!$CL:$CL,$A10,Simulações!$CR:$CR,$B10) -> 0 | N10: =N3 -> Philips | O10: =SUMPRODUCT($B$2:$B$20,G2:G20)/SUM(G4:G20) -> #DIV/0! | P10: =SUMPRODUCT($B$2:$B$20,H2:H20)/SUM(H4:H20) -> #DIV/0! | Q10: =SUMPRODUCT($B$2:$B$20,I2:I20)/SUM(I4:I20) -> #DIV/0! | R10: =SUMPRODUCT($B$2:$B$20,J2:J20)/SUM(J4:J20) -> #DIV/0! | S10: -
A11: Philips | B11: 83 | C11: =COUNTIFS(Simulações!$K:$K,C$1,Simulações!$CL:$CL,$A11,Simulações!$CR:$CR,$B11) -> 0 | D11: =COUNTIFS(Simulações!$K:$K,D$1,Simulações!$CL:$CL,$A11,Simulações!$CR:$CR,$B11) -> 0 | E11: =COUNTIFS(Simulações!$K:$K,E$1,Simulações!$CL:$CL,$A11,Simulações!$CR:$CR,$B11) -> 0 | F11: =COUNTIFS(Simulações!$K:$K,F$1,Simulações!$CL:$CL,$A11,Simulações!$CR:$CR,$B11) -> 0 | G11: =COUNTIFS(Simulações!$K:$K,G$1,Simulações!$CL:$CL,$A11,Simulações!$CR:$CR,$B11) -> 0 | H11: =COUNTIFS(Simulações!$K:$K,H$1,Simulações!$CL:$CL,$A11,Simulações!$CR:$CR,$B11) -> 0 | I11: =COUNTIFS(Simulações!$K:$K,I$1,Simulações!$CL:$CL,$A11,Simulações!$CR:$CR,$B11) -> 0 | J11: =COUNTIFS(Simulações!$K:$K,J$1,Simulações!$CL:$CL,$A11,Simulações!$CR:$CR,$B11) -> 0 | K11: =COUNTIFS(Simulações!$K:$K,K$1,Simulações!$CL:$CL,$A11,Simulações!$CR:$CR,$B11) -> 0 | N11: =N4 -> Unicoba | O11: =SUMPRODUCT($B$21:$B$33,G21:G33)/SUM(G21:G33) -> #DIV/0! | P11: =SUMPRODUCT($B$21:$B$33,H21:H33)/SUM(H21:H33) -> #DIV/0! | Q11: =SUMPRODUCT($B$21:$B$33,I21:I33)/SUM(I21:I33) -> #DIV/0! | R11: =SUMPRODUCT($B$21:$B$33,J21:J33)/SUM(J21:J33) -> #DIV/0! | S11: -
A12: Philips | B12: 92 | C12: =COUNTIFS(Simulações!$K:$K,C$1,Simulações!$CL:$CL,$A12,Simulações!$CR:$CR,$B12) -> 0 | D12: =COUNTIFS(Simulações!$K:$K,D$1,Simulações!$CL:$CL,$A12,Simulações!$CR:$CR,$B12) -> 0 | E12: =COUNTIFS(Simulações!$K:$K,E$1,Simulações!$CL:$CL,$A12,Simulações!$CR:$CR,$B12) -> 0 | F12: =COUNTIFS(Simulações!$K:$K,F$1,Simulações!$CL:$CL,$A12,Simulações!$CR:$CR,$B12) -> 0 | G12: =COUNTIFS(Simulações!$K:$K,G$1,Simulações!$CL:$CL,$A12,Simulações!$CR:$CR,$B12) -> 0 | H12: =COUNTIFS(Simulações!$K:$K,H$1,Simulações!$CL:$CL,$A12,Simulações!$CR:$CR,$B12) -> 0 | I12: =COUNTIFS(Simulações!$K:$K,I$1,Simulações!$CL:$CL,$A12,Simulações!$CR:$CR,$B12) -> 0 | J12: =COUNTIFS(Simulações!$K:$K,J$1,Simulações!$CL:$CL,$A12,Simulações!$CR:$CR,$B12) -> 0 | K12: =COUNTIFS(Simulações!$K:$K,K$1,Simulações!$CL:$CL,$A12,Simulações!$CR:$CR,$B12) -> 0 | N12: =N5 -> Tecnowatt | O12: =SUMPRODUCT($B$34:$B$46,G34:G46)/SUM(G34:G46) -> #DIV/0! | P12: =SUMPRODUCT($B$34:$B$46,H34:H46)/SUM(H34:H46) -> 68 | Q12: =SUMPRODUCT($B$34:$B$46,I34:I46)/SUM(I34:I46) -> #DIV/0! | R12: =SUMPRODUCT($B$34:$B$46,J34:J46)/SUM(J34:J46) -> #DIV/0! | S12: -
A13: Philips | B13: 100 | C13: =COUNTIFS(Simulações!$K:$K,C$1,Simulações!$CL:$CL,$A13,Simulações!$CR:$CR,$B13) -> 0 | D13: =COUNTIFS(Simulações!$K:$K,D$1,Simulações!$CL:$CL,$A13,Simulações!$CR:$CR,$B13) -> 0 | E13: =COUNTIFS(Simulações!$K:$K,E$1,Simulações!$CL:$CL,$A13,Simulações!$CR:$CR,$B13) -> 0 | F13: =COUNTIFS(Simulações!$K:$K,F$1,Simulações!$CL:$CL,$A13,Simulações!$CR:$CR,$B13) -> 0 | G13: =COUNTIFS(Simulações!$K:$K,G$1,Simulações!$CL:$CL,$A13,Simulações!$CR:$CR,$B13) -> 0 | H13: =COUNTIFS(Simulações!$K:$K,H$1,Simulações!$CL:$CL,$A13,Simulações!$CR:$CR,$B13) -> 0 | I13: =COUNTIFS(Simulações!$K:$K,I$1,Simulações!$CL:$CL,$A13,Simulações!$CR:$CR,$B13) -> 0 | J13: =COUNTIFS(Simulações!$K:$K,J$1,Simulações!$CL:$CL,$A13,Simulações!$CR:$CR,$B13) -> 0 | K13: =COUNTIFS(Simulações!$K:$K,K$1,Simulações!$CL:$CL,$A13,Simulações!$CR:$CR,$B13) -> 0
A14: Philips | B14: 105 | C14: =COUNTIFS(Simulações!$K:$K,C$1,Simulações!$CL:$CL,$A14,Simulações!$CR:$CR,$B14) -> 0 | D14: =COUNTIFS(Simulações!$K:$K,D$1,Simulações!$CL:$CL,$A14,Simulações!$CR:$CR,$B14) -> 0 | E14: =COUNTIFS(Simulações!$K:$K,E$1,Simulações!$CL:$CL,$A14,Simulações!$CR:$CR,$B14) -> 0 | F14: =COUNTIFS(Simulações!$K:$K,F$1,Simulações!$CL:$CL,$A14,Simulações!$CR:$CR,$B14) -> 0 | G14: =COUNTIFS(Simulações!$K:$K,G$1,Simulações!$CL:$CL,$A14,Simulações!$CR:$CR,$B14) -> 0 | H14: =COUNTIFS(Simulações!$K:$K,H$1,Simulações!$CL:$CL,$A14,Simulações!$CR:$CR,$B14) -> 0 | I14: =COUNTIFS(Simulações!$K:$K,I$1,Simulações!$CL:$CL,$A14,Simulações!$CR:$CR,$B14) -> 0 | J14: =COUNTIFS(Simulações!$K:$K,J$1,Simulações!$CL:$CL,$A14,Simulações!$CR:$CR,$B14) -> 0 | K14: =COUNTIFS(Simulações!$K:$K,K$1,Simulações!$CL:$CL,$A14,Simulações!$CR:$CR,$B14) -> 0
A15: Philips | B15: 110 | C15: =COUNTIFS(Simulações!$K:$K,C$1,Simulações!$CL:$CL,$A15,Simulações!$CR:$CR,$B15) -> 0 | D15: =COUNTIFS(Simulações!$K:$K,D$1,Simulações!$CL:$CL,$A15,Simulações!$CR:$CR,$B15) -> 0 | E15: =COUNTIFS(Simulações!$K:$K,E$1,Simulações!$CL:$CL,$A15,Simulações!$CR:$CR,$B15) -> 0 | F15: =COUNTIFS(Simulações!$K:$K,F$1,Simulações!$CL:$CL,$A15,Simulações!$CR:$CR,$B15) -> 0 | G15: =COUNTIFS(Simulações!$K:$K,G$1,Simulações!$CL:$CL,$A15,Simulações!$CR:$CR,$B15) -> 0 | H15: =COUNTIFS(Simulações!$K:$K,H$1,Simulações!$CL:$CL,$A15,Simulações!$CR:$CR,$B15) -> 0 | I15: =COUNTIFS(Simulações!$K:$K,I$1,Simulações!$CL:$CL,$A15,Simulações!$CR:$CR,$B15) -> 0 | J15: =COUNTIFS(Simulações!$K:$K,J$1,Simulações!$CL:$CL,$A15,Simulações!$CR:$CR,$B15) -> 0 | K15: =COUNTIFS(Simulações!$K:$K,K$1,Simulações!$CL:$CL,$A15,Simulações!$CR:$CR,$B15) -> 0 | O15: Potência Típica
A16: Philips | B16: 113 | C16: =COUNTIFS(Simulações!$K:$K,C$1,Simulações!$CL:$CL,$A16,Simulações!$CR:$CR,$B16) -> 0 | D16: =COUNTIFS(Simulações!$K:$K,D$1,Simulações!$CL:$CL,$A16,Simulações!$CR:$CR,$B16) -> 0 | E16: =COUNTIFS(Simulações!$K:$K,E$1,Simulações!$CL:$CL,$A16,Simulações!$CR:$CR,$B16) -> 0 | F16: =COUNTIFS(Simulações!$K:$K,F$1,Simulações!$CL:$CL,$A16,Simulações!$CR:$CR,$B16) -> 0 | G16: =COUNTIFS(Simulações!$K:$K,G$1,Simulações!$CL:$CL,$A16,Simulações!$CR:$CR,$B16) -> 0 | H16: =COUNTIFS(Simulações!$K:$K,H$1,Simulações!$CL:$CL,$A16,Simulações!$CR:$CR,$B16) -> 0 | I16: =COUNTIFS(Simulações!$K:$K,I$1,Simulações!$CL:$CL,$A16,Simulações!$CR:$CR,$B16) -> 0 | J16: =COUNTIFS(Simulações!$K:$K,J$1,Simulações!$CL:$CL,$A16,Simulações!$CR:$CR,$B16) -> 0 | K16: =COUNTIFS(Simulações!$K:$K,K$1,Simulações!$CL:$CL,$A16,Simulações!$CR:$CR,$B16) -> 0 | N16: Fornecedor | O16: V1 | P16: V2 | Q16: V3 | R16: V4 | S16: V5
A17: Philips | B17: 122 | C17: =COUNTIFS(Simulações!$K:$K,C$1,Simulações!$CL:$CL,$A17,Simulações!$CR:$CR,$B17) -> 0 | D17: =COUNTIFS(Simulações!$K:$K,D$1,Simulações!$CL:$CL,$A17,Simulações!$CR:$CR,$B17) -> 0 | E17: =COUNTIFS(Simulações!$K:$K,E$1,Simulações!$CL:$CL,$A17,Simulações!$CR:$CR,$B17) -> 0 | F17: =COUNTIFS(Simulações!$K:$K,F$1,Simulações!$CL:$CL,$A17,Simulações!$CR:$CR,$B17) -> 0 | G17: =COUNTIFS(Simulações!$K:$K,G$1,Simulações!$CL:$CL,$A17,Simulações!$CR:$CR,$B17) -> 0 | H17: =COUNTIFS(Simulações!$K:$K,H$1,Simulações!$CL:$CL,$A17,Simulações!$CR:$CR,$B17) -> 0 | I17: =COUNTIFS(Simulações!$K:$K,I$1,Simulações!$CL:$CL,$A17,Simulações!$CR:$CR,$B17) -> 0 | J17: =COUNTIFS(Simulações!$K:$K,J$1,Simulações!$CL:$CL,$A17,Simulações!$CR:$CR,$B17) -> 0 | K17: =COUNTIFS(Simulações!$K:$K,K$1,Simulações!$CL:$CL,$A17,Simulações!$CR:$CR,$B17) -> 0 | N17: =N3 -> Philips | O17: 113 | P17: 83 | Q17: 61 | R17: 48 | S17: -
A18: Philips | B18: 136 | C18: =COUNTIFS(Simulações!$K:$K,C$1,Simulações!$CL:$CL,$A18,Simulações!$CR:$CR,$B18) -> 0 | D18: =COUNTIFS(Simulações!$K:$K,D$1,Simulações!$CL:$CL,$A18,Simulações!$CR:$CR,$B18) -> 0 | E18: =COUNTIFS(Simulações!$K:$K,E$1,Simulações!$CL:$CL,$A18,Simulações!$CR:$CR,$B18) -> 0 | F18: =COUNTIFS(Simulações!$K:$K,F$1,Simulações!$CL:$CL,$A18,Simulações!$CR:$CR,$B18) -> 0 | G18: =COUNTIFS(Simulações!$K:$K,G$1,Simulações!$CL:$CL,$A18,Simulações!$CR:$CR,$B18) -> 0 | H18: =COUNTIFS(Simulações!$K:$K,H$1,Simulações!$CL:$CL,$A18,Simulações!$CR:$CR,$B18) -> 0 | I18: =COUNTIFS(Simulações!$K:$K,I$1,Simulações!$CL:$CL,$A18,Simulações!$CR:$CR,$B18) -> 0 | J18: =COUNTIFS(Simulações!$K:$K,J$1,Simulações!$CL:$CL,$A18,Simulações!$CR:$CR,$B18) -> 0 | K18: =COUNTIFS(Simulações!$K:$K,K$1,Simulações!$CL:$CL,$A18,Simulações!$CR:$CR,$B18) -> 0 | N18: =N4 -> Unicoba | O18: 141.5 | P18: 108.4 | Q18: 87.9 | R18: 52 | S18: -
A19: Philips | B19: 150 | C19: =COUNTIFS(Simulações!$K:$K,C$1,Simulações!$CL:$CL,$A19,Simulações!$CR:$CR,$B19) -> 0 | D19: =COUNTIFS(Simulações!$K:$K,D$1,Simulações!$CL:$CL,$A19,Simulações!$CR:$CR,$B19) -> 0 | E19: =COUNTIFS(Simulações!$K:$K,E$1,Simulações!$CL:$CL,$A19,Simulações!$CR:$CR,$B19) -> 0 | F19: =COUNTIFS(Simulações!$K:$K,F$1,Simulações!$CL:$CL,$A19,Simulações!$CR:$CR,$B19) -> 0 | G19: =COUNTIFS(Simulações!$K:$K,G$1,Simulações!$CL:$CL,$A19,Simulações!$CR:$CR,$B19) -> 0 | H19: =COUNTIFS(Simulações!$K:$K,H$1,Simulações!$CL:$CL,$A19,Simulações!$CR:$CR,$B19) -> 0 | I19: =COUNTIFS(Simulações!$K:$K,I$1,Simulações!$CL:$CL,$A19,Simulações!$CR:$CR,$B19) -> 0 | J19: =COUNTIFS(Simulações!$K:$K,J$1,Simulações!$CL:$CL,$A19,Simulações!$CR:$CR,$B19) -> 0 | K19: =COUNTIFS(Simulações!$K:$K,K$1,Simulações!$CL:$CL,$A19,Simulações!$CR:$CR,$B19) -> 0 | N19: =N5 -> Tecnowatt | O19: 115 | P19: 115 | Q19: 68 | R19: 40 | S19: -
A20: Philips | B20: 165 | C20: =COUNTIFS(Simulações!$K:$K,C$1,Simulações!$CL:$CL,$A20,Simulações!$CR:$CR,$B20) -> 0 | D20: =COUNTIFS(Simulações!$K:$K,D$1,Simulações!$CL:$CL,$A20,Simulações!$CR:$CR,$B20) -> 0 | E20: =COUNTIFS(Simulações!$K:$K,E$1,Simulações!$CL:$CL,$A20,Simulações!$CR:$CR,$B20) -> 0 | F20: =COUNTIFS(Simulações!$K:$K,F$1,Simulações!$CL:$CL,$A20,Simulações!$CR:$CR,$B20) -> 0 | G20: =COUNTIFS(Simulações!$K:$K,G$1,Simulações!$CL:$CL,$A20,Simulações!$CR:$CR,$B20) -> 0 | H20: =COUNTIFS(Simulações!$K:$K,H$1,Simulações!$CL:$CL,$A20,Simulações!$CR:$CR,$B20) -> 0 | I20: =COUNTIFS(Simulações!$K:$K,I$1,Simulações!$CL:$CL,$A20,Simulações!$CR:$CR,$B20) -> 0 | J20: =COUNTIFS(Simulações!$K:$K,J$1,Simulações!$CL:$CL,$A20,Simulações!$CR:$CR,$B20) -> 0 | K20: =COUNTIFS(Simulações!$K:$K,K$1,Simulações!$CL:$CL,$A20,Simulações!$CR:$CR,$B20) -> 0
A21: UNICOBA | B21: 20 | C21: =COUNTIFS(Simulações!$K:$K,C$1,Simulações!$CL:$CL,$A21,Simulações!$CR:$CR,$B21) -> 0 | D21: =COUNTIFS(Simulações!$K:$K,D$1,Simulações!$CL:$CL,$A21,Simulações!$CR:$CR,$B21) -> 0 | E21: =COUNTIFS(Simulações!$K:$K,E$1,Simulações!$CL:$CL,$A21,Simulações!$CR:$CR,$B21) -> 0 | F21: =COUNTIFS(Simulações!$K:$K,F$1,Simulações!$CL:$CL,$A21,Simulações!$CR:$CR,$B21) -> 0 | G21: =COUNTIFS(Simulações!$K:$K,G$1,Simulações!$CL:$CL,$A21,Simulações!$CR:$CR,$B21) -> 0 | H21: =COUNTIFS(Simulações!$K:$K,H$1,Simulações!$CL:$CL,$A21,Simulações!$CR:$CR,$B21) -> 0 | I21: =COUNTIFS(Simulações!$K:$K,I$1,Simulações!$CL:$CL,$A21,Simulações!$CR:$CR,$B21) -> 0 | J21: =COUNTIFS(Simulações!$K:$K,J$1,Simulações!$CL:$CL,$A21,Simulações!$CR:$CR,$B21) -> 0 | K21: =COUNTIFS(Simulações!$K:$K,K$1,Simulações!$CL:$CL,$A21,Simulações!$CR:$CR,$B21) -> 0
A22: UNICOBA | B22: 30 | C22: =COUNTIFS(Simulações!$K:$K,C$1,Simulações!$CL:$CL,$A22,Simulações!$CR:$CR,$B22) -> 0 | D22: =COUNTIFS(Simulações!$K:$K,D$1,Simulações!$CL:$CL,$A22,Simulações!$CR:$CR,$B22) -> 0 | E22: =COUNTIFS(Simulações!$K:$K,E$1,Simulações!$CL:$CL,$A22,Simulações!$CR:$CR,$B22) -> 0 | F22: =COUNTIFS(Simulações!$K:$K,F$1,Simulações!$CL:$CL,$A22,Simulações!$CR:$CR,$B22) -> 0 | G22: =COUNTIFS(Simulações!$K:$K,G$1,Simulações!$CL:$CL,$A22,Simulações!$CR:$CR,$B22) -> 0 | H22: =COUNTIFS(Simulações!$K:$K,H$1,Simulações!$CL:$CL,$A22,Simulações!$CR:$CR,$B22) -> 0 | I22: =COUNTIFS(Simulações!$K:$K,I$1,Simulações!$CL:$CL,$A22,Simulações!$CR:$CR,$B22) -> 0 | J22: =COUNTIFS(Simulações!$K:$K,J$1,Simulações!$CL:$CL,$A22,Simulações!$CR:$CR,$B22) -> 0 | K22: =COUNTIFS(Simulações!$K:$K,K$1,Simulações!$CL:$CL,$A22,Simulações!$CR:$CR,$B22) -> 0
A23: UNICOBA | B23: 35.6 | C23: =COUNTIFS(Simulações!$K:$K,C$1,Simulações!$CL:$CL,$A23,Simulações!$CR:$CR,$B23) -> 0 | D23: =COUNTIFS(Simulações!$K:$K,D$1,Simulações!$CL:$CL,$A23,Simulações!$CR:$CR,$B23) -> 0 | E23: =COUNTIFS(Simulações!$K:$K,E$1,Simulações!$CL:$CL,$A23,Simulações!$CR:$CR,$B23) -> 0 | F23: =COUNTIFS(Simulações!$K:$K,F$1,Simulações!$CL:$CL,$A23,Simulações!$CR:$CR,$B23) -> 0 | G23: =COUNTIFS(Simulações!$K:$K,G$1,Simulações!$CL:$CL,$A23,Simulações!$CR:$CR,$B23) -> 0 | H23: =COUNTIFS(Simulações!$K:$K,H$1,Simulações!$CL:$CL,$A23,Simulações!$CR:$CR,$B23) -> 0 | I23: =COUNTIFS(Simulações!$K:$K,I$1,Simulações!$CL:$CL,$A23,Simulações!$CR:$CR,$B23) -> 0 | J23: =COUNTIFS(Simulações!$K:$K,J$1,Simulações!$CL:$CL,$A23,Simulações!$CR:$CR,$B23) -> 0 | K23: =COUNTIFS(Simulações!$K:$K,K$1,Simulações!$CL:$CL,$A23,Simulações!$CR:$CR,$B23) -> 0
A24: UNICOBA | B24: 46 | C24: =COUNTIFS(Simulações!$K:$K,C$1,Simulações!$CL:$CL,$A24,Simulações!$CR:$CR,$B24) -> 0 | D24: =COUNTIFS(Simulações!$K:$K,D$1,Simulações!$CL:$CL,$A24,Simulações!$CR:$CR,$B24) -> 0 | E24: =COUNTIFS(Simulações!$K:$K,E$1,Simulações!$CL:$CL,$A24,Simulações!$CR:$CR,$B24) -> 0 | F24: =COUNTIFS(Simulações!$K:$K,F$1,Simulações!$CL:$CL,$A24,Simulações!$CR:$CR,$B24) -> 0 | G24: =COUNTIFS(Simulações!$K:$K,G$1,Simulações!$CL:$CL,$A24,Simulações!$CR:$CR,$B24) -> 0 | H24: =COUNTIFS(Simulações!$K:$K,H$1,Simulações!$CL:$CL,$A24,Simulações!$CR:$CR,$B24) -> 0 | I24: =COUNTIFS(Simulações!$K:$K,I$1,Simulações!$CL:$CL,$A24,Simulações!$CR:$CR,$B24) -> 0 | J24: =COUNTIFS(Simulações!$K:$K,J$1,Simulações!$CL:$CL,$A24,Simulações!$CR:$CR,$B24) -> 0 | K24: =COUNTIFS(Simulações!$K:$K,K$1,Simulações!$CL:$CL,$A24,Simulações!$CR:$CR,$B24) -> 0
A25: UNICOBA | B25: 46.5 | C25: =COUNTIFS(Simulações!$K:$K,C$1,Simulações!$CL:$CL,$A25,Simulações!$CR:$CR,$B25) -> 0 | D25: =COUNTIFS(Simulações!$K:$K,D$1,Simulações!$CL:$CL,$A25,Simulações!$CR:$CR,$B25) -> 0 | E25: =COUNTIFS(Simulações!$K:$K,E$1,Simulações!$CL:$CL,$A25,Simulações!$CR:$CR,$B25) -> 0 | F25: =COUNTIFS(Simulações!$K:$K,F$1,Simulações!$CL:$CL,$A25,Simulações!$CR:$CR,$B25) -> 0 | G25: =COUNTIFS(Simulações!$K:$K,G$1,Simulações!$CL:$CL,$A25,Simulações!$CR:$CR,$B25) -> 0 | H25: =COUNTIFS(Simulações!$K:$K,H$1,Simulações!$CL:$CL,$A25,Simulações!$CR:$CR,$B25) -> 0 | I25: =COUNTIFS(Simulações!$K:$K,I$1,Simulações!$CL:$CL,$A25,Simulações!$CR:$CR,$B25) -> 0 | J25: =COUNTIFS(Simulações!$K:$K,J$1,Simulações!$CL:$CL,$A25,Simulações!$CR:$CR,$B25) -> 0 | K25: =COUNTIFS(Simulações!$K:$K,K$1,Simulações!$CL:$CL,$A25,Simulações!$CR:$CR,$B25) -> 0
A26: UNICOBA | B26: 52 | C26: =COUNTIFS(Simulações!$K:$K,C$1,Simulações!$CL:$CL,$A26,Simulações!$CR:$CR,$B26) -> 0 | D26: =COUNTIFS(Simulações!$K:$K,D$1,Simulações!$CL:$CL,$A26,Simulações!$CR:$CR,$B26) -> 0 | E26: =COUNTIFS(Simulações!$K:$K,E$1,Simulações!$CL:$CL,$A26,Simulações!$CR:$CR,$B26) -> 0 | F26: =COUNTIFS(Simulações!$K:$K,F$1,Simulações!$CL:$CL,$A26,Simulações!$CR:$CR,$B26) -> 0 | G26: =COUNTIFS(Simulações!$K:$K,G$1,Simulações!$CL:$CL,$A26,Simulações!$CR:$CR,$B26) -> 0 | H26: =COUNTIFS(Simulações!$K:$K,H$1,Simulações!$CL:$CL,$A26,Simulações!$CR:$CR,$B26) -> 0 | I26: =COUNTIFS(Simulações!$K:$K,I$1,Simulações!$CL:$CL,$A26,Simulações!$CR:$CR,$B26) -> 0 | J26: =COUNTIFS(Simulações!$K:$K,J$1,Simulações!$CL:$CL,$A26,Simulações!$CR:$CR,$B26) -> 0 | K26: =COUNTIFS(Simulações!$K:$K,K$1,Simulações!$CL:$CL,$A26,Simulações!$CR:$CR,$B26) -> 0
A27: UNICOBA | B27: 55 | C27: =COUNTIFS(Simulações!$K:$K,C$1,Simulações!$CL:$CL,$A27,Simulações!$CR:$CR,$B27) -> 0 | D27: =COUNTIFS(Simulações!$K:$K,D$1,Simulações!$CL:$CL,$A27,Simulações!$CR:$CR,$B27) -> 0 | E27: =COUNTIFS(Simulações!$K:$K,E$1,Simulações!$CL:$CL,$A27,Simulações!$CR:$CR,$B27) -> 0 | F27: =COUNTIFS(Simulações!$K:$K,F$1,Simulações!$CL:$CL,$A27,Simulações!$CR:$CR,$B27) -> 0 | G27: =COUNTIFS(Simulações!$K:$K,G$1,Simulações!$CL:$CL,$A27,Simulações!$CR:$CR,$B27) -> 0 | H27: =COUNTIFS(Simulações!$K:$K,H$1,Simulações!$CL:$CL,$A27,Simulações!$CR:$CR,$B27) -> 0 | I27: =COUNTIFS(Simulações!$K:$K,I$1,Simulações!$CL:$CL,$A27,Simulações!$CR:$CR,$B27) -> 0 | J27: =COUNTIFS(Simulações!$K:$K,J$1,Simulações!$CL:$CL,$A27,Simulações!$CR:$CR,$B27) -> 0 | K27: =COUNTIFS(Simulações!$K:$K,K$1,Simulações!$CL:$CL,$A27,Simulações!$CR:$CR,$B27) -> 0
A28: UNICOBA | B28: 71.5 | C28: =COUNTIFS(Simulações!$K:$K,C$1,Simulações!$CL:$CL,$A28,Simulações!$CR:$CR,$B28) -> 0 | D28: =COUNTIFS(Simulações!$K:$K,D$1,Simulações!$CL:$CL,$A28,Simulações!$CR:$CR,$B28) -> 0 | E28: =COUNTIFS(Simulações!$K:$K,E$1,Simulações!$CL:$CL,$A28,Simulações!$CR:$CR,$B28) -> 0 | F28: =COUNTIFS(Simulações!$K:$K,F$1,Simulações!$CL:$CL,$A28,Simulações!$CR:$CR,$B28) -> 0 | G28: =COUNTIFS(Simulações!$K:$K,G$1,Simulações!$CL:$CL,$A28,Simulações!$CR:$CR,$B28) -> 0 | H28: =COUNTIFS(Simulações!$K:$K,H$1,Simulações!$CL:$CL,$A28,Simulações!$CR:$CR,$B28) -> 0 | I28: =COUNTIFS(Simulações!$K:$K,I$1,Simulações!$CL:$CL,$A28,Simulações!$CR:$CR,$B28) -> 0 | J28: =COUNTIFS(Simulações!$K:$K,J$1,Simulações!$CL:$CL,$A28,Simulações!$CR:$CR,$B28) -> 0 | K28: =COUNTIFS(Simulações!$K:$K,K$1,Simulações!$CL:$CL,$A28,Simulações!$CR:$CR,$B28) -> 0
A29: UNICOBA | B29: 80 | C29: =COUNTIFS(Simulações!$K:$K,C$1,Simulações!$CL:$CL,$A29,Simulações!$CR:$CR,$B29) -> 0 | D29: =COUNTIFS(Simulações!$K:$K,D$1,Simulações!$CL:$CL,$A29,Simulações!$CR:$CR,$B29) -> 0 | E29: =COUNTIFS(Simulações!$K:$K,E$1,Simulações!$CL:$CL,$A29,Simulações!$CR:$CR,$B29) -> 0 | F29: =COUNTIFS(Simulações!$K:$K,F$1,Simulações!$CL:$CL,$A29,Simulações!$CR:$CR,$B29) -> 0 | G29: =COUNTIFS(Simulações!$K:$K,G$1,Simulações!$CL:$CL,$A29,Simulações!$CR:$CR,$B29) -> 0 | H29: =COUNTIFS(Simulações!$K:$K,H$1,Simulações!$CL:$CL,$A29,Simulações!$CR:$CR,$B29) -> 0 | I29: =COUNTIFS(Simulações!$K:$K,I$1,Simulações!$CL:$CL,$A29,Simulações!$CR:$CR,$B29) -> 0 | J29: =COUNTIFS(Simulações!$K:$K,J$1,Simulações!$CL:$CL,$A29,Simulações!$CR:$CR,$B29) -> 0 | K29: =COUNTIFS(Simulações!$K:$K,K$1,Simulações!$CL:$CL,$A29,Simulações!$CR:$CR,$B29) -> 0
A30: UNICOBA | B30: 87.9 | C30: =COUNTIFS(Simulações!$K:$K,C$1,Simulações!$CL:$CL,$A30,Simulações!$CR:$CR,$B30) -> 0 | D30: =COUNTIFS(Simulações!$K:$K,D$1,Simulações!$CL:$CL,$A30,Simulações!$CR:$CR,$B30) -> 0 | E30: =COUNTIFS(Simulações!$K:$K,E$1,Simulações!$CL:$CL,$A30,Simulações!$CR:$CR,$B30) -> 0 | F30: =COUNTIFS(Simulações!$K:$K,F$1,Simulações!$CL:$CL,$A30,Simulações!$CR:$CR,$B30) -> 0 | G30: =COUNTIFS(Simulações!$K:$K,G$1,Simulações!$CL:$CL,$A30,Simulações!$CR:$CR,$B30) -> 0 | H30: =COUNTIFS(Simulações!$K:$K,H$1,Simulações!$CL:$CL,$A30,Simulações!$CR:$CR,$B30) -> 0 | I30: =COUNTIFS(Simulações!$K:$K,I$1,Simulações!$CL:$CL,$A30,Simulações!$CR:$CR,$B30) -> 0 | J30: =COUNTIFS(Simulações!$K:$K,J$1,Simulações!$CL:$CL,$A30,Simulações!$CR:$CR,$B30) -> 0 | K30: =COUNTIFS(Simulações!$K:$K,K$1,Simulações!$CL:$CL,$A30,Simulações!$CR:$CR,$B30) -> 0
A31: UNICOBA | B31: 108.4 | C31: =COUNTIFS(Simulações!$K:$K,C$1,Simulações!$CL:$CL,$A31,Simulações!$CR:$CR,$B31) -> 0 | D31: =COUNTIFS(Simulações!$K:$K,D$1,Simulações!$CL:$CL,$A31,Simulações!$CR:$CR,$B31) -> 0 | E31: =COUNTIFS(Simulações!$K:$K,E$1,Simulações!$CL:$CL,$A31,Simulações!$CR:$CR,$B31) -> 0 | F31: =COUNTIFS(Simulações!$K:$K,F$1,Simulações!$CL:$CL,$A31,Simulações!$CR:$CR,$B31) -> 0 | G31: =COUNTIFS(Simulações!$K:$K,G$1,Simulações!$CL:$CL,$A31,Simulações!$CR:$CR,$B31) -> 0 | H31: =COUNTIFS(Simulações!$K:$K,H$1,Simulações!$CL:$CL,$A31,Simulações!$CR:$CR,$B31) -> 0 | I31: =COUNTIFS(Simulações!$K:$K,I$1,Simulações!$CL:$CL,$A31,Simulações!$CR:$CR,$B31) -> 0 | J31: =COUNTIFS(Simulações!$K:$K,J$1,Simulações!$CL:$CL,$A31,Simulações!$CR:$CR,$B31) -> 0 | K31: =COUNTIFS(Simulações!$K:$K,K$1,Simulações!$CL:$CL,$A31,Simulações!$CR:$CR,$B31) -> 0
... A46: Tecnowatt | B46: 200 | C46: =COUNTIFS(Simulações!$K:$K,C$1,Simulações!$CL:$CL,$A46,Simulações!$CR:$CR,$B46) -> 0 | D46: =COUNTIFS(Simulações!$K:$K,D$1,Simulações!$CL:$CL,$A46,Simulações!$CR:$CR,$B46) -> 0 | E46: =COUNTIFS(Simulações!$K:$K,E$1,Simulações!$CL:$CL,$A46,Simulações!$CR:$CR,$B46) -> 0 | F46: =COUNTIFS(Simulações!$K:$K,F$1,Simulações!$CL:$CL,$A46,Simulações!$CR:$CR,$B46) -> 0 | G46: =COUNTIFS(Simulações!$K:$K,G$1,Simulações!$CL:$CL,$A46,Simulações!$CR:$CR,$B46) -> 0 | H46: =COUNTIFS(Simulações!$K:$K,H$1,Simulações!$CL:$CL,$A46,Simulações!$CR:$CR,$B46) -> 0 | I46: =COUNTIFS(Simulações!$K:$K,I$1,Simulações!$CL:$CL,$A46,Simulações!$CR:$CR,$B46) -> 0 | J46: =COUNTIFS(Simulações!$K:$K,J$1,Simulações!$CL:$CL,$A46,Simulações!$CR:$CR,$B46) -> 0 | K46: =COUNTIFS(Simulações!$K:$K,K$1,Simulações!$CL:$CL,$A46,Simulações!$CR:$CR,$B46) -> 0

Sheet Recorrência_v2
A3: Rótulos de Linha | B3: Média de Potência simulada - IP Principal (W) | D3: Rótulos de Linha | E3: Média de Potência simulada - IP Principal (W)
A4: C1 | B4: 115.59259 | D4: - | E4: 46.376955
A5: LEDSTAR | B5: 139.44444 | D5: LEDSTAR | E5: 49.159375
A6: SX LIGHTING | B6: 96.555556 | D6: SX LIGHTING | E6: 44.435938
A7: TECNOWATT | B7: 110.77778 | D7: TECNOWATT | E7: 45.532915
A8: C2 | B8: 76.942308 | D8: P3 | E8: 120
A9: LEDSTAR | B9: 80.846154 | D9: LEDSTAR | E9: 120
A10: SX LIGHTING | B10: 69.788462 | D10: SX LIGHTING | E10: 120
A11: TECNOWATT | B11: 80.192308 | D11: TECNOWATT | E11: 120
A12: C3 | B12: 54.166667 | D12: (vazio) | E12: 68
A13: LEDSTAR | B13: 55.9 | D13: TECNOWATT | E13: 68
A14: SX LIGHTING | B14: 51.8 | D14: (vazio)
A15: TECNOWATT | B15: 54.8 | D15: Total Geral | E15: 46.628764
A16: C4 | B16: 43.515815
A17: LEDSTAR | B17: 45.109489
A18: SX LIGHTING | B18: 43.773723
A19: TECNOWATT | B19: 41.664234
A20: C5 | B20: 33.717949
A21: LEDSTAR | B21: 34.615385
A22: SX LIGHTING | B22: 32.861538
A23: TECNOWATT | B23: 33.676923
A24: Total Geral | B24: 46.628764
A26: Rótulos de Linha | B26: Média de Potência simulada - IP Principal (W)
A27: 0 | B27: 48.602564
A28: LEDSTAR | B28: 58.076923
A29: SX LIGHTING | B29: 42.346154
A30: TECNOWATT | B30: 45.384615
A31: P4 | B31: 82
A32: LEDSTAR | B32: 88
A33: SX LIGHTING | B33: 63.8
A34: TECNOWATT | B34: 94.2
A35: P5 | B35: 71.361111
A36: LEDSTAR | B36: 80.5
A37: SX LIGHTING | B37: 60.833333
A38: TECNOWATT | B38: 72.75
A39: P6 | B39: 44.912944
... A43: Total Geral | B43: 46.628764

Sheet Base
A1: Logradouro | B1: Considerar | C1: Potência Atual | D1: Classe de Iluminação | E1: Fornecedor | F1: Código da Luminária | G1: Potência Proposta | H1: Braço Antigo | I1: Braço Novo | J1: Tipo de CPE | K1: Quantidade de pontos inspecionados IP Veic | L1: Quantidade de pontos inspecionados IP Sec | M1: Aumento de pontos proposto (via de veículos) | N1: Aumento de pontos proposto (segundo nível) | O1: Número de logradouros
A2: =Simulações!#REF! -> #REF! | B2: =Simulações!#REF! -> #REF! | C2: =Simulações!#REF! -> #REF! | D2: =Simulações!#REF! -> #REF! | E2: =Simulações!#REF! -> #REF! | F2: =Simulações!#REF! -> #REF! | G2: =Simulações!#REF! -> #REF! | H2: =Simulações!#REF! -> #REF! | I2: =IF(Simulações!#REF!="","",Simulações!#REF!) -> #REF! | J2: =IF(Simulações!#REF!="","",Simulações!#REF!) -> #REF! | K2: =Simulações!#REF! -> #REF! | L2: =Simulações!#REF! -> #REF! | M2: =IF(Simulações!#REF!="","",Simulações!#REF!) -> #REF! | N2: =IF(Simulações!#REF!="","",Simulações!#REF!) -> #REF! | O2: 1
A3: =Simulações!H2 -> Avenida Caio Martins | B3: =Simulações!DN2 -> Sim | C3: =Simulações!O2 -> 80 | D3: =Simulações!K2 -> C1 | E3: =Simulações!CL2 -> LEDSTAR | F3: =Simulações!CM2 -> SL VT 9.1 100W | G3: =Simulações!CR2 -> 100 | H3: =Simulações!CX2 -> Longo I | I3: =IF(Simulações!CY2="","",Simulações!CY2) | J3: =IF(Simulações!DB2="","",Simulações!DB2) | K3: =Simulações!AP2 -> 2 | L3: =Simulações!AW2 -> 0 | M3: =IF(Simulações!DC2="","",Simulações!DC2) | N3: =IF(Simulações!DD2="","",Simulações!DD2) | O3: 1
A4: =Simulações!#REF! -> #REF! | B4: =Simulações!#REF! -> #REF! | C4: =Simulações!#REF! -> #REF! | D4: =Simulações!#REF! -> #REF! | E4: =Simulações!#REF! -> #REF! | F4: =Simulações!#REF! -> #REF! | G4: =Simulações!#REF! -> #REF! | H4: =Simulações!#REF! -> #REF! | I4: =IF(Simulações!#REF!="","",Simulações!#REF!) -> #REF! | J4: =IF(Simulações!#REF!="","",Simulações!#REF!) -> #REF! | K4: =Simulações!#REF! -> #REF! | L4: =Simulações!#REF! -> #REF! | M4: =IF(Simulações!#REF!="","",Simulações!#REF!) -> #REF! | N4: =IF(Simulações!#REF!="","",Simulações!#REF!) -> #REF! | O4: 1
A5: =Simulações!#REF! -> #REF! | B5: =Simulações!#REF! -> #REF! | C5: =Simulações!#REF! -> #REF! | D5: =Simulações!#REF! -> #REF! | E5: =Simulações!#REF! -> #REF! | F5: =Simulações!#REF! -> #REF! | G5: =Simulações!#REF! -> #REF! | H5: =Simulações!#REF! -> #REF! | I5: =IF(Simulações!#REF!="","",Simulações!#REF!) -> #REF! | J5: =IF(Simulações!#REF!="","",Simulações!#REF!) -> #REF! | K5: =Simulações!#REF! -> #REF! | L5: =Simulações!#REF! -> #REF! | M5: =IF(Simulações!#REF!="","",Simulações!#REF!) -> #REF! | N5: =IF(Simulações!#REF!="","",Simulações!#REF!) -> #REF! | O5: 1
A6: =Simulações!H5 -> Rodovia Engenheiro Idsel Costa Martins | B6: =Simulações!DN5 -> Sim | C6: =Simulações!O5 -> 200 | D6: =Simulações!K5 -> C1 | E6: =Simulações!CL5 -> LEDSTAR | F6: =Simulações!CM5 -> SL VT 9.1 140W | G6: =Simulações!CR5 -> 140 | H6: =Simulações!CX5 -> Longo II | I6: =IF(Simulações!CY5="","",Simulações!CY5) | J6: =IF(Simulações!DB5="","",Simulações!DB5) | K6: =Simulações!AP5 -> 2 | L6: =Simulações!AW5 -> 0 | M6: =IF(Simulações!DC5="","",Simulações!DC5) | N6: =IF(Simulações!DD5="","",Simulações!DD5) | O6: 1
A7: =Simulações!#REF! -> #REF! | B7: =Simulações!#REF! -> #REF! | C7: =Simulações!#REF! -> #REF! | D7: =Simulações!#REF! -> #REF! | E7: =Simulações!#REF! -> #REF! | F7: =Simulações!#REF! -> #REF! | G7: =Simulações!#REF! -> #REF! | H7: =Simulações!#REF! -> #REF! | I7: =IF(Simulações!#REF!="","",Simulações!#REF!) -> #REF! | J7: =IF(Simulações!#REF!="","",Simulações!#REF!) -> #REF! | K7: =Simulações!#REF! -> #REF! | L7: =Simulações!#REF! -> #REF! | M7: =IF(Simulações!#REF!="","",Simulações!#REF!) -> #REF! | N7: =IF(Simulações!#REF!="","",Simulações!#REF!) -> #REF! | O7: 1
A8: =Simulações!#REF! -> #REF! | B8: =Simulações!#REF! -> #REF! | C8: =Simulações!#REF! -> #REF! | D8: =Simulações!#REF! -> #REF! | E8: =Simulações!#REF! -> #REF! | F8: =Simulações!#REF! -> #REF! | G8: =Simulações!#REF! -> #REF! | H8: =Simulações!#REF! -> #REF! | I8: =IF(Simulações!#REF!="","",Simulações!#REF!) -> #REF! | J8: =IF(Simulações!#REF!="","",Simulações!#REF!) -> #REF! | K8: =Simulações!#REF! -> #REF! | L8: =Simulações!#REF! -> #REF! | M8: =IF(Simulações!#REF!="","",Simulações!#REF!) -> #REF! | N8: =IF(Simulações!#REF!="","",Simulações!#REF!) -> #REF! | O8: 1
A9: =Simulações!H8 -> Avenida Bento Gonçalves | B9: =Simulações!DN8 -> Sim | C9: =Simulações!O8 -> 200 | D9: =Simulações!K8 -> C2 | E9: =Simulações!CL8 -> LEDSTAR | F9: =Simulações!CM8 -> SL VT 9.1 100W | G9: =Simulações!CR8 -> 100 | H9: =Simulações!CX8 -> Longo I | I9: =IF(Simulações!CY8="","",Simulações!CY8) | J9: =IF(Simulações!DB8="","",Simulações!DB8) | K9: =Simulações!AP8 -> 2 | L9: =Simulações!AW8 -> 0 | M9: =IF(Simulações!DC8="","",Simulações!DC8) | N9: =IF(Simulações!DD8="","",Simulações!DD8) | O9: 1
A10: =Simulações!#REF! -> #REF! | B10: =Simulações!#REF! -> #REF! | C10: =Simulações!#REF! -> #REF! | D10: =Simulações!#REF! -> #REF! | E10: =Simulações!#REF! -> #REF! | F10: =Simulações!#REF! -> #REF! | G10: =Simulações!#REF! -> #REF! | H10: =Simulações!#REF! -> #REF! | I10: =IF(Simulações!#REF!="","",Simulações!#REF!) -> #REF! | J10: =IF(Simulações!#REF!="","",Simulações!#REF!) -> #REF! | K10: =Simulações!#REF! -> #REF! | L10: =Simulações!#REF! -> #REF! | M10: =IF(Simulações!#REF!="","",Simulações!#REF!) -> #REF! | N10: =IF(Simulações!#REF!="","",Simulações!#REF!) -> #REF! | O10: 1
A11: =Simulações!#REF! -> #REF! | B11: =Simulações!#REF! -> #REF! | C11: =Simulações!#REF! -> #REF! | D11: =Simulações!#REF! -> #REF! | E11: =Simulações!#REF! -> #REF! | F11: =Simulações!#REF! -> #REF! | G11: =Simulações!#REF! -> #REF! | H11: =Simulações!#REF! -> #REF! | I11: =IF(Simulações!#REF!="","",Simulações!#REF!) -> #REF! | J11: =IF(Simulações!#REF!="","",Simulações!#REF!) -> #REF! | K11: =Simulações!#REF! -> #REF! | L11: =Simulações!#REF! -> #REF! | M11: =IF(Simulações!#REF!="","",Simulações!#REF!) -> #REF! | N11: =IF(Simulações!#REF!="","",Simulações!#REF!) -> #REF! | O11: 1
A12: =Simulações!H11 -> Avenida André Faveli | B12: =Simulações!DN11 -> Sim | C12: =Simulações!O11 -> 100 | D12: =Simulações!K11 -> C2 | E12: =Simulações!CL11 -> LEDSTAR | F12: =Simulações!CM11 -> SL VT 9.1 72W | G12: =Simulações!CR11 -> 72 | H12: =Simulações!CX11 -> Longo I | I12: =IF(Simulações!CY11="","",Simulações!CY11) | J12: =IF(Simulações!DB11="","",Simulações!DB11) | K12: =Simulações!AP11 -> 2 | L12: =Simulações!AW11 -> 0 | M12: =IF(Simulações!DC11="","",Simulações!DC11) | N12: =IF(Simulações!DD11="","",Simulações!DD11) | O12: 1
A13: =Simulações!#REF! -> #REF! | B13: =Simulações!#REF! -> #REF! | C13: =Simulações!#REF! -> #REF! | D13: =Simulações!#REF! -> #REF! | E13: =Simulações!#REF! -> #REF! | F13: =Simulações!#REF! -> #REF! | G13: =Simulações!#REF! -> #REF! | H13: =Simulações!#REF! -> #REF! | I13: =IF(Simulações!#REF!="","",Simulações!#REF!) -> #REF! | J13: =IF(Simulações!#REF!="","",Simulações!#REF!) -> #REF! | K13: =Simulações!#REF! -> #REF! | L13: =Simulações!#REF! -> #REF! | M13: =IF(Simulações!#REF!="","",Simulações!#REF!) -> #REF! | N13: =IF(Simulações!#REF!="","",Simulações!#REF!) -> #REF! | O13: 1
A14: =Simulações!#REF! -> #REF! | B14: =Simulações!#REF! -> #REF! | C14: =Simulações!#REF! -> #REF! | D14: =Simulações!#REF! -> #REF! | E14: =Simulações!#REF! -> #REF! | F14: =Simulações!#REF! -> #REF! | G14: =Simulações!#REF! -> #REF! | H14: =Simulações!#REF! -> #REF! | I14: =IF(Simulações!#REF!="","",Simulações!#REF!) -> #REF! | J14: =IF(Simulações!#REF!="","",Simulações!#REF!) -> #REF! | K14: =Simulações!#REF! -> #REF! | L14: =Simulações!#REF! -> #REF! | M14: =IF(Simulações!#REF!="","",Simulações!#REF!) -> #REF! | N14: =IF(Simulações!#REF!="","",Simulações!#REF!) -> #REF! | O14: 1
A15: =Simulações!H14 -> Avenida Caio Martins | B15: =Simulações!DN14 -> Sim | C15: =Simulações!O14 -> 200 | D15: =Simulações!K14 -> C1 | E15: =Simulações!CL14 -> LEDSTAR | F15: =Simulações!CM14 -> SL VT 9.1 100W | G15: =Simulações!CR14 -> 100 | H15: =Simulações!CX14 -> Longo I | I15: =IF(Simulações!CY14="","",Simulações!CY14) | J15: =IF(Simulações!DB14="","",Simulações!DB14) | K15: =Simulações!AP14 -> 2 | L15: =Simulações!AW14 -> 0 | M15: =IF(Simulações!DC14="","",Simulações!DC14) | N15: =IF(Simulações!DD14="","",Simulações!DD14) | O15: 1
A16: =Simulações!#REF! -> #REF! | B16: =Simulações!#REF! -> #REF! | C16: =Simulações!#REF! -> #REF! | D16: =Simulações!#REF! -> #REF! | E16: =Simulações!#REF! -> #REF! | F16: =Simulações!#REF! -> #REF! | G16: =Simulações!#REF! -> #REF! | H16: =Simulações!#REF! -> #REF! | I16: =IF(Simulações!#REF!="","",Simulações!#REF!) -> #REF! | J16: =IF(Simulações!#REF!="","",Simulações!#REF!) -> #REF! | K16: =Simulações!#REF! -> #REF! | L16: =Simulações!#REF! -> #REF! | M16: =IF(Simulações!#REF!="","",Simulações!#REF!) -> #REF! | N16: =IF(Simulações!#REF!="","",Simulações!#REF!) -> #REF! | O16: 1
A17: =Simulações!#REF! -> #REF! | B17: =Simulações!#REF! -> #REF! | C17: =Simulações!#REF! -> #REF! | D17: =Simulações!#REF! -> #REF! | E17: =Simulações!#REF! -> #REF! | F17: =Simulações!#REF! -> #REF! | G17: =Simulações!#REF! -> #REF! | H17: =Simulações!#REF! -> #REF! | I17: =IF(Simulações!#REF!="","",Simulações!#REF!) -> #REF! | J17: =IF(Simulações!#REF!="","",Simulações!#REF!) -> #REF! | K17: =Simulações!#REF! -> #REF! | L17: =Simulações!#REF! -> #REF! | M17: =IF(Simulações!#REF!="","",Simulações!#REF!) -> #REF! | N17: =IF(Simulações!#REF!="","",Simulações!#REF!) -> #REF! | O17: 1
A18: =Simulações!H17 -> Rodovia Engenheiro Idsel Costa Martins | B18: =Simulações!DN17 -> Sim | C18: =Simulações!O17 -> 200 | D18: =Simulações!K17 -> C1 | E18: =Simulações!CL17 -> LEDSTAR | F18: =Simulações!CM17 -> SL VT 9.1 140W | G18: =Simulações!CR17 -> 140 | H18: =Simulações!CX17 -> Longo II | I18: =IF(Simulações!CY17="","",Simulações!CY17) | J18: =IF(Simulações!DB17="","",Simulações!DB17) | K18: =Simulações!AP17 -> 2 | L18: =Simulações!AW17 -> 0 | M18: =IF(Simulações!DC17="","",Simulações!DC17) | N18: =IF(Simulações!DD17="","",Simulações!DD17) | O18: 1
A19: =Simulações!#REF! -> #REF! | B19: =Simulações!#REF! -> #REF! | C19: =Simulações!#REF! -> #REF! | D19: =Simulações!#REF! -> #REF! | E19: =Simulações!#REF! -> #REF! | F19: =Simulações!#REF! -> #REF! | G19: =Simulações!#REF! -> #REF! | H19: =Simulações!#REF! -> #REF! | I19: =IF(Simulações!#REF!="","",Simulações!#REF!) -> #REF! | J19: =IF(Simulações!#REF!="","",Simulações!#REF!) -> #REF! | K19: =Simulações!#REF! -> #REF! | L19: =Simulações!#REF! -> #REF! | M19: =IF(Simulações!#REF!="","",Simulações!#REF!) -> #REF! | N19: =IF(Simulações!#REF!="","",Simulações!#REF!) -> #REF! | O19: 1
A20: =Simulações!#REF! -> #REF! | B20: =Simulações!#REF! -> #REF! | C20: =Simulações!#REF! -> #REF! | D20: =Simulações!#REF! -> #REF! | E20: =Simulações!#REF! -> #REF! | F20: =Simulações!#REF! -> #REF! | G20: =Simulações!#REF! -> #REF! | H20: =Simulações!#REF! -> #REF! | I20: =IF(Simulações!#REF!="","",Simulações!#REF!) -> #REF! | J20: =IF(Simulações!#REF!="","",Simulações!#REF!) -> #REF! | K20: =Simulações!#REF! -> #REF! | L20: =Simulações!#REF! -> #REF! | M20: =IF(Simulações!#REF!="","",Simulações!#REF!) -> #REF! | N20: =IF(Simulações!#REF!="","",Simulações!#REF!) -> #REF! | O20: 1
A21: =Simulações!H20 -> Avenida Bento Gonçalves | B21: =Simulações!DN20 -> Sim | C21: =Simulações!O20 -> 200 | D21: =Simulações!K20 -> C2 | E21: =Simulações!CL20 -> LEDSTAR | F21: =Simulações!CM20 -> SL VT 9.1 100W | G21: =Simulações!CR20 -> 100 | H21: =Simulações!CX20 -> Longo I | I21: =IF(Simulações!CY20="","",Simulações!CY20) | J21: =IF(Simulações!DB20="","",Simulações!DB20) | K21: =Simulações!AP20 -> 2 | L21: =Simulações!AW20 -> 0 | M21: =IF(Simulações!DC20="","",Simulações!DC20) | N21: =IF(Simulações!DD20="","",Simulações!DD20) | O21: 1
A22: =Simulações!#REF! -> #REF! | B22: =Simulações!#REF! -> #REF! | C22: =Simulações!#REF! -> #REF! | D22: =Simulações!#REF! -> #REF! | E22: =Simulações!#REF! -> #REF! | F22: =Simulações!#REF! -> #REF! | G22: =Simulações!#REF! -> #REF! | H22: =Simulações!#REF! -> #REF! | I22: =IF(Simulações!#REF!="","",Simulações!#REF!) -> #REF! | J22: =IF(Simulações!#REF!="","",Simulações!#REF!) -> #REF! | K22: =Simulações!#REF! -> #REF! | L22: =Simulações!#REF! -> #REF! | M22: =IF(Simulações!#REF!="","",Simulações!#REF!) -> #REF! | N22: =IF(Simulações!#REF!="","",Simulações!#REF!) -> #REF! | O22: 1
A23: =Simulações!#REF! -> #REF! | B23: =Simulações!#REF! -> #REF! | C23: =Simulações!#REF! -> #REF! | D23: =Simulações!#REF! -> #REF! | E23: =Simulações!#REF! -> #REF! | F23: =Simulações!#REF! -> #REF! | G23: =Simulações!#REF! -> #REF! | H23: =Simulações!#REF! -> #REF! | I23: =IF(Simulações!#REF!="","",Simulações!#REF!) -> #REF! | J23: =IF(Simulações!#REF!="","",Simulações!#REF!) -> #REF! | K23: =Simulações!#REF! -> #REF! | L23: =Simulações!#REF! -> #REF! | M23: =IF(Simulações!#REF!="","",Simulações!#REF!) -> #REF! | N23: =IF(Simulações!#REF!="","",Simulações!#REF!) -> #REF! | O23: 1
A24: =Simulações!H23 -> Avenida André Faveli | B24: =Simulações!DN23 -> Sim | C24: =Simulações!O23 -> 200 | D24: =Simulações!K23 -> C2 | E24: =Simulações!CL23 -> LEDSTAR | F24: =Simulações!CM23 -> SL VT 9.1 72W | G24: =Simulações!CR23 -> 72 | H24: =Simulações!CX23 -> Longo I | I24: =IF(Simulações!CY23="","",Simulações!CY23) | J24: =IF(Simulações!DB23="","",Simulações!DB23) | K24: =Simulações!AP23 -> 2 | L24: =Simulações!AW23 -> 0 | M24: =IF(Simulações!DC23="","",Simulações!DC23) | N24: =IF(Simulações!DD23="","",Simulações!DD23) | O24: 1
A25: =Simulações!#REF! -> #REF! | B25: =Simulações!#REF! -> #REF! | C25: =Simulações!#REF! -> #REF! | D25: =Simulações!#REF! -> #REF! | E25: =Simulações!#REF! -> #REF! | F25: =Simulações!#REF! -> #REF! | G25: =Simulações!#REF! -> #REF! | H25: =Simulações!#REF! -> #REF! | I25: =IF(Simulações!#REF!="","",Simulações!#REF!) -> #REF! | J25: =IF(Simulações!#REF!="","",Simulações!#REF!) -> #REF! | K25: =Simulações!#REF! -> #REF! | L25: =Simulações!#REF! -> #REF! | M25: =IF(Simulações!#REF!="","",Simulações!#REF!) -> #REF! | N25: =IF(Simulações!#REF!="","",Simulações!#REF!) -> #REF! | O25: 1
A26: =Simulações!#REF! -> #REF! | B26: =Simulações!#REF! -> #REF! | C26: =Simulações!#REF! -> #REF! | D26: =Simulações!#REF! -> #REF! | E26: =Simulações!#REF! -> #REF! | F26: =Simulações!#REF! -> #REF! | G26: =Simulações!#REF! -> #REF! | H26: =Simulações!#REF! -> #REF! | I26: =IF(Simulações!#REF!="","",Simulações!#REF!) -> #REF! | J26: =IF(Simulações!#REF!="","",Simulações!#REF!) -> #REF! | K26: =Simulações!#REF! -> #REF! | L26: =Simulações!#REF! -> #REF! | M26: =IF(Simulações!#REF!="","",Simulações!#REF!) -> #REF! | N26: =IF(Simulações!#REF!="","",Simulações!#REF!) -> #REF! | O26: 1
A27: =Simulações!H24 -> Avenida André Faveli | B27: =Simulações!DN24 -> Sim | C27: =Simulações!O24 -> 200 | D27: =Simulações!K24 -> C2 | E27: =Simulações!CL24 -> SX LIGHTING | F27: =Simulações!CM24 -> SX-INLPP070HF | G27: =Simulações!CR24 -> 70 | H27: =Simulações!CX24 -> Longo I | I27: =IF(Simulações!CY24="","",Simulações!CY24) | J27: =IF(Simulações!DB24="","",Simulações!DB24) | K27: =Simulações!AP24 -> 2 | L27: =Simulações!AW24 -> 0 | M27: =IF(Simulações!DC24="","",Simulações!DC24) | N27: =IF(Simulações!DD24="","",Simulações!DD24) | O27: 1
A28: =Simulações!H25 -> Avenida André Faveli | B28: =Simulações!DN25 -> Sim | C28: =Simulações!O25 -> 200 | D28: =Simulações!K25 -> C2 | E28: =Simulações!CL25 -> TECNOWATT | F28: =Simulações!CM25 -> SIGSAGPTLRRSSNDL_68W_83IBBRS | G28: =Simulações!CR25 -> 68 | H28: =Simulações!CX25 -> Longo I | I28: =IF(Simulações!CY25="","",Simulações!CY25) | J28: =IF(Simulações!DB25="","",Simulações!DB25) | K28: =Simulações!AP25 -> 2 | L28: =Simulações!AW25 -> 0 | M28: =IF(Simulações!DC25="","",Simulações!DC25) | N28: =IF(Simulações!DD25="","",Simulações!DD25) | O28: 1
A29: =Simulações!#REF! -> #REF! | B29: =Simulações!#REF! -> #REF! | C29: =Simulações!#REF! -> #REF! | D29: =Simulações!#REF! -> #REF! | E29: =Simulações!#REF! -> #REF! | F29: =Simulações!#REF! -> #REF! | G29: =Simulações!#REF! -> #REF! | H29: =Simulações!#REF! -> #REF! | I29: =IF(Simulações!#REF!="","",Simulações!#REF!) -> #REF! | J29: =IF(Simulações!#REF!="","",Simulações!#REF!) -> #REF! | K29: =Simulações!#REF! -> #REF! | L29: =Simulações!#REF! -> #REF! | M29: =IF(Simulações!#REF!="","",Simulações!#REF!) -> #REF! | N29: =IF(Simulações!#REF!="","",Simulações!#REF!) -> #REF! | O29: 1
A30: =Simulações!#REF! -> #REF! | B30: =Simulações!#REF! -> #REF! | C30: =Simulações!#REF! -> #REF! | D30: =Simulações!#REF! -> #REF! | E30: =Simulações!#REF! -> #REF! | F30: =Simulações!#REF! -> #REF! | G30: =Simulações!#REF! -> #REF! | H30: =Simulações!#REF! -> #REF! | I30: =IF(Simulações!#REF!="","",Simulações!#REF!) -> #REF! | J30: =IF(Simulações!#REF!="","",Simulações!#REF!) -> #REF! | K30: =Simulações!#REF! -> #REF! | L30: =Simulações!#REF! -> #REF! | M30: =IF(Simulações!#REF!="","",Simulações!#REF!) -> #REF! | N30: =IF(Simulações!#REF!="","",Simulações!#REF!) -> #REF! | O30: 1
A31: =Simulações!#REF! -> #REF! | B31: =Simulações!#REF! -> #REF! | C31: =Simulações!#REF! -> #REF! | D31: =Simulações!#REF! -> #REF! | E31: =Simulações!#REF! -> #REF! | F31: =Simulações!#REF! -> #REF! | G31: =Simulações!#REF! -> #REF! | H31: =Simulações!#REF! -> #REF! | I31: =IF(Simulações!#REF!="","",Simulações!#REF!) -> #REF! | J31: =IF(Simulações!#REF!="","",Simulações!#REF!) -> #REF! | K31: =Simulações!#REF! -> #REF! | L31: =Simulações!#REF! -> #REF! | M31: =IF(Simulações!#REF!="","",Simulações!#REF!) -> #REF! | N31: =IF(Simulações!#REF!="","",Simulações!#REF!) -> #REF! | O31: 1
A32: =Simulações!#REF! -> #REF! | B32: =Simulações!#REF! -> #REF! | C32: =Simulações!#REF! -> #REF! | D32: =Simulações!#REF! -> #REF! | E32: =Simulações!#REF! -> #REF! | F32: =Simulações!#REF! -> #REF! | G32: =Simulações!#REF! -> #REF! | H32: =Simulações!#REF! -> #REF! | I32: =IF(Simulações!#REF!="","",Simulações!#REF!) -> #REF! | J32: =IF(Simulações!#REF!="","",Simulações!#REF!) -> #REF! | K32: =Simulações!#REF! -> #REF! | L32: =Simulações!#REF! -> #REF! | M32: =IF(Simulações!#REF!="","",Simulações!#REF!) -> #REF! | N32: =IF(Simulações!#REF!="","",Simulações!#REF!) -> #REF! | O32: 1
A33: =Simulações!#REF! -> #REF! | B33: =Simulações!#REF! -> #REF! | C33: =Simulações!#REF! -> #REF! | D33: =Simulações!#REF! -> #REF! | E33: =Simulações!#REF! -> #REF! | F33: =Simulações!#REF! -> #REF! | G33: =Simulações!#REF! -> #REF! | H33: =Simulações!#REF! -> #REF! | I33: =IF(Simulações!#REF!="","",Simulações!#REF!) -> #REF! | J33: =IF(Simulações!#REF!="","",Simulações!#REF!) -> #REF! | K33: =Simulações!#REF! -> #REF! | L33: =Simulações!#REF! -> #REF! | M33: =IF(Simulações!#REF!="","",Simulações!#REF!) -> #REF! | N33: =IF(Simulações!#REF!="","",Simulações!#REF!) -> #REF! | O33: 1
A34: =Simulações!#REF! -> #REF! | B34: =Simulações!#REF! -> #REF! | C34: =Simulações!#REF! -> #REF! | D34: =Simulações!#REF! -> #REF! | E34: =Simulações!#REF! -> #REF! | F34: =Simulações!#REF! -> #REF! | G34: =Simulações!#REF! -> #REF! | H34: =Simulações!#REF! -> #REF! | I34: =IF(Simulações!#REF!="","",Simulações!#REF!) -> #REF! | J34: =IF(Simulações!#REF!="","",Simulações!#REF!) -> #REF! | K34: =Simulações!#REF! -> #REF! | L34: =Simulações!#REF! -> #REF! | M34: =IF(Simulações!#REF!="","",Simulações!#REF!) -> #REF! | N34: =IF(Simulações!#REF!="","",Simulações!#REF!) -> #REF! | O34: 1
A35: =Simulações!#REF! -> #REF! | B35: =Simulações!#REF! -> #REF! | C35: =Simulações!#REF! -> #REF! | D35: =Simulações!#REF! -> #REF! | E35: =Simulações!#REF! -> #REF! | F35: =Simulações!#REF! -> #REF! | G35: =Simulações!#REF! -> #REF! | H35: =Simulações!#REF! -> #REF! | I35: =IF(Simulações!#REF!="","",Simulações!#REF!) -> #REF! | J35: =IF(Simulações!#REF!="","",Simulações!#REF!) -> #REF! | K35: =Simulações!#REF! -> #REF! | L35: =Simulações!#REF! -> #REF! | M35: =IF(Simulações!#REF!="","",Simulações!#REF!) -> #REF! | N35: =IF(Simulações!#REF!="","",Simulações!#REF!) -> #REF! | O35: 1
A36: =Simulações!#REF! -> #REF! | B36: =Simulações!#REF! -> #REF! | C36: =Simulações!#REF! -> #REF! | D36: =Simulações!#REF! -> #REF! | E36: =Simulações!#REF! -> #REF! | F36: =Simulações!#REF! -> #REF! | G36: =Simulações!#REF! -> #REF! | H36: =Simulações!#REF! -> #REF! | I36: =IF(Simulações!#REF!="","",Simulações!#REF!) -> #REF! | J36: =IF(Simulações!#REF!="","",Simulações!#REF!) -> #REF! | K36: =Simulações!#REF! -> #REF! | L36: =Simulações!#REF! -> #REF! | M36: =IF(Simulações!#REF!="","",Simulações!#REF!) -> #REF! | N36: =IF(Simulações!#REF!="","",Simulações!#REF!) -> #REF! | O36: 1
A37: =Simulações!#REF! -> #REF! | B37: =Simulações!#REF! -> #REF! | C37: =Simulações!#REF! -> #REF! | D37: =Simulações!#REF! -> #REF! | E37: =Simulações!#REF! -> #REF! | F37: =Simulações!#REF! -> #REF! | G37: =Simulações!#REF! -> #REF! | H37: =Simulações!#REF! -> #REF! | I37: =IF(Simulações!#REF!="","",Simulações!#REF!) -> #REF! | J37: =IF(Simulações!#REF!="","",Simulações!#REF!) -> #REF! | K37: =Simulações!#REF! -> #REF! | L37: =Simulações!#REF! -> #REF! | M37: =IF(Simulações!#REF!="","",Simulações!#REF!) -> #REF! | N37: =IF(Simulações!#REF!="","",Simulações!#REF!) -> #REF! | O37: 1
A38: =Simulações!#REF! -> #REF! | B38: =Simulações!#REF! -> #REF! | C38: =Simulações!#REF! -> #REF! | D38: =Simulações!#REF! -> #REF! | E38: =Simulações!#REF! -> #REF! | F38: =Simulações!#REF! -> #REF! | G38: =Simulações!#REF! -> #REF! | H38: =Simulações!#REF! -> #REF! | I38: =IF(Simulações!#REF!="","",Simulações!#REF!) -> #REF! | J38: =IF(Simulações!#REF!="","",Simulações!#REF!) -> #REF! | K38: =Simulações!#REF! -> #REF! | L38: =Simulações!#REF! -> #REF! | M38: =IF(Simulações!#REF!="","",Simulações!#REF!) -> #REF! | N38: =IF(Simulações!#REF!="","",Simulações!#REF!) -> #REF! | O38: 1
A39: =Simulações!#REF! -> #REF! | B39: =Simulações!#REF! -> #REF! | C39: =Simulações!#REF! -> #REF! | D39: =Simulações!#REF! -> #REF! | E39: =Simulações!#REF! -> #REF! | F39: =Simulações!#REF! -> #REF! | G39: =Simulações!#REF! -> #REF! | H39: =Simulações!#REF! -> #REF! | I39: =IF(Simulações!#REF!="","",Simulações!#REF!) -> #REF! | J39: =IF(Simulações!#REF!="","",Simulações!#REF!) -> #REF! | K39: =Simulações!#REF! -> #REF! | L39: =Simulações!#REF! -> #REF! | M39: =IF(Simulações!#REF!="","",Simulações!#REF!) -> #REF! | N39: =IF(Simulações!#REF!="","",Simulações!#REF!) -> #REF! | O39: 1
A40: =Simulações!#REF! -> #REF! | B40: =Simulações!#REF! -> #REF! | C40: =Simulações!#REF! -> #REF! | D40: =Simulações!#REF! -> #REF! | E40: =Simulações!#REF! -> #REF! | F40: =Simulações!#REF! -> #REF! | G40: =Simulações!#REF! -> #REF! | H40: =Simulações!#REF! -> #REF! | I40: =IF(Simulações!#REF!="","",Simulações!#REF!) -> #REF! | J40: =IF(Simulações!#REF!="","",Simulações!#REF!) -> #REF! | K40: =Simulações!#REF! -> #REF! | L40: =Simulações!#REF! -> #REF! | M40: =IF(Simulações!#REF!="","",Simulações!#REF!) -> #REF! | N40: =IF(Simulações!#REF!="","",Simulações!#REF!) -> #REF! | O40: 1
... A103: =Simulações!#REF! -> #REF! | B103: =Simulações!#REF! -> #REF! | C103: =Simulações!#REF! -> #REF! | D103: =Simulações!#REF! -> #REF! | E103: =Simulações!#REF! -> #REF! | F103: =Simulações!#REF! -> #REF! | G103: =Simulações!#REF! -> #REF! | H103: =Simulações!#REF! -> #REF! | I103: =IF(Simulações!#REF!="","",Simulações!#REF!) -> #REF! | J103: =IF(Simulações!#REF!="","",Simulações!#REF!) -> #REF! | K103: =Simulações!#REF! -> #REF! | L103: =Simulações!#REF! -> #REF! | M103: =IF(Simulações!#REF!="","",Simulações!#REF!) -> #REF! | N103: =IF(Simulações!#REF!="","",Simulações!#REF!) -> #REF! | O103: 1
A104: =Simulações!#REF! -> #REF! | B104: Não | C104: =Simulações!#REF! -> #REF! | D104: =Simulações!#REF! -> #REF! | E104: =Simulações!#REF! -> #REF! | F104: =Simulações!#REF! -> #REF! | G104: =Simulações!#REF! -> #REF! | H104: =Simulações!#REF! -> #REF! | I104: =IF(Simulações!#REF!="","",Simulações!#REF!) -> #REF! | J104: =IF(Simulações!#REF!="","",Simulações!#REF!) -> #REF! | K104: =Simulações!#REF! -> #REF! | L104: =Simulações!#REF! -> #REF! | M104: =IF(Simulações!#REF!="","",Simulações!#REF!) -> #REF! | N104: =IF(Simulações!#REF!="","",Simulações!#REF!) -> #REF! | O104: 1
A105: =Simulações!#REF! -> #REF! | B105: Não | C105: =Simulações!#REF! -> #REF! | D105: =Simulações!#REF! -> #REF! | E105: =Simulações!#REF! -> #REF! | F105: =Simulações!#REF! -> #REF! | G105: =Simulações!#REF! -> #REF! | H105: =Simulações!#REF! -> #REF! | I105: =IF(Simulações!#REF!="","",Simulações!#REF!) -> #REF! | J105: =IF(Simulações!#REF!="","",Simulações!#REF!) -> #REF! | K105: =Simulações!#REF! -> #REF! | L105: =Simulações!#REF! -> #REF! | M105: =IF(Simulações!#REF!="","",Simulações!#REF!) -> #REF! | N105: =IF(Simulações!#REF!="","",Simulações!#REF!) -> #REF! | O105: 1
A106: =Simulações!#REF! -> #REF! | B106: Não | C106: =Simulações!#REF! -> #REF! | D106: =Simulações!#REF! -> #REF! | E106: =Simulações!#REF! -> #REF! | F106: =Simulações!#REF! -> #REF! | G106: =Simulações!#REF! -> #REF! | H106: =Simulações!#REF! -> #REF! | I106: =IF(Simulações!#REF!="","",Simulações!#REF!) -> #REF! | J106: =IF(Simulações!#REF!="","",Simulações!#REF!) -> #REF! | K106: =Simulações!#REF! -> #REF! | L106: =Simulações!#REF! -> #REF! | M106: =IF(Simulações!#REF!="","",Simulações!#REF!) -> #REF! | N106: =IF(Simulações!#REF!="","",Simulações!#REF!) -> #REF! | O106: 1
A107: =Simulações!#REF! -> #REF! | B107: =Simulações!#REF! -> #REF! | C107: =Simulações!#REF! -> #REF! | D107: =Simulações!#REF! -> #REF! | E107: =Simulações!#REF! -> #REF! | F107: =Simulações!#REF! -> #REF! | G107: =Simulações!#REF! -> #REF! | H107: =Simulações!#REF! -> #REF! | I107: =IF(Simulações!#REF!="","",Simulações!#REF!) -> #REF! | J107: =IF(Simulações!#REF!="","",Simulações!#REF!) -> #REF! | K107: =Simulações!#REF! -> #REF! | L107: =Simulações!#REF! -> #REF! | M107: =IF(Simulações!#REF!="","",Simulações!#REF!) -> #REF! | N107: =IF(Simulações!#REF!="","",Simulações!#REF!) -> #REF! | O107: 1
A108: =Simulações!#REF! -> #REF! | B108: =Simulações!#REF! -> #REF! | C108: =Simulações!#REF! -> #REF! | D108: =Simulações!#REF! -> #REF! | E108: =Simulações!#REF! -> #REF! | F108: =Simulações!#REF! -> #REF! | G108: =Simulações!#REF! -> #REF! | H108: =Simulações!#REF! -> #REF! | I108: =IF(Simulações!#REF!="","",Simulações!#REF!) -> #REF! | J108: =IF(Simulações!#REF!="","",Simulações!#REF!) -> #REF! | K108: =Simulações!#REF! -> #REF! | L108: =Simulações!#REF! -> #REF! | M108: =IF(Simulações!#REF!="","",Simulações!#REF!) -> #REF! | N108: =IF(Simulações!#REF!="","",Simulações!#REF!) -> #REF! | O108: 1
A109: =Simulações!#REF! -> #REF! | B109: =Simulações!#REF! -> #REF! | C109: =Simulações!#REF! -> #REF! | D109: =Simulações!#REF! -> #REF! | E109: =Simulações!#REF! -> #REF! | F109: =Simulações!#REF! -> #REF! | G109: =Simulações!#REF! -> #REF! | H109: =Simulações!#REF! -> #REF! | I109: =IF(Simulações!#REF!="","",Simulações!#REF!) -> #REF! | J109: =IF(Simulações!#REF!="","",Simulações!#REF!) -> #REF! | K109: =Simulações!#REF! -> #REF! | L109: =Simulações!#REF! -> #REF! | M109: =IF(Simulações!#REF!="","",Simulações!#REF!) -> #REF! | N109: =IF(Simulações!#REF!="","",Simulações!#REF!) -> #REF! | O109: 1
A110: =Simulações!#REF! -> #REF! | B110: =Simulações!#REF! -> #REF! | C110: =Simulações!#REF! -> #REF! | D110: =Simulações!#REF! -> #REF! | E110: =Simulações!#REF! -> #REF! | F110: =Simulações!#REF! -> #REF! | G110: =Simulações!#REF! -> #REF! | H110: =Simulações!#REF! -> #REF! | I110: =IF(Simulações!#REF!="","",Simulações!#REF!) -> #REF! | J110: =IF(Simulações!#REF!="","",Simulações!#REF!) -> #REF! | K110: =Simulações!#REF! -> #REF! | L110: =Simulações!#REF! -> #REF! | M110: =IF(Simulações!#REF!="","",Simulações!#REF!) -> #REF! | N110: =IF(Simulações!#REF!="","",Simulações!#REF!) -> #REF! | O110: 1
A111: =Simulações!#REF! -> #REF! | B111: =Simulações!#REF! -> #REF! | C111: =Simulações!#REF! -> #REF! | D111: =Simulações!#REF! -> #REF! | E111: =Simulações!#REF! -> #REF! | F111: =Simulações!#REF! -> #REF! | G111: =Simulações!#REF! -> #REF! | H111: =Simulações!#REF! -> #REF! | I111: =IF(Simulações!#REF!="","",Simulações!#REF!) -> #REF! | J111: =IF(Simulações!#REF!="","",Simulações!#REF!) -> #REF! | K111: =Simulações!#REF! -> #REF! | L111: =Simulações!#REF! -> #REF! | M111: =IF(Simulações!#REF!="","",Simulações!#REF!) -> #REF! | N111: =IF(Simulações!#REF!="","",Simulações!#REF!) -> #REF! | O111: 1
A112: =Simulações!#REF! -> #REF! | B112: =Simulações!#REF! -> #REF! | C112: =Simulações!#REF! -> #REF! | D112: =Simulações!#REF! -> #REF! | E112: =Simulações!#REF! -> #REF! | F112: =Simulações!#REF! -> #REF! | G112: =Simulações!#REF! -> #REF! | H112: =Simulações!#REF! -> #REF! | I112: =IF(Simulações!#REF!="","",Simulações!#REF!) -> #REF! | J112: =IF(Simulações!#REF!="","",Simulações!#REF!) -> #REF! | K112: =Simulações!#REF! -> #REF! | L112: =Simulações!#REF! -> #REF! | M112: =IF(Simulações!#REF!="","",Simulações!#REF!) -> #REF! | N112: =IF(Simulações!#REF!="","",Simulações!#REF!) -> #REF! | O112: 1
A113: =Simulações!#REF! -> #REF! | B113: =Simulações!#REF! -> #REF! | C113: =Simulações!#REF! -> #REF! | D113: =Simulações!#REF! -> #REF! | E113: =Simulações!#REF! -> #REF! | F113: =Simulações!#REF! -> #REF! | G113: =Simulações!#REF! -> #REF! | H113: =Simulações!#REF! -> #REF! | I113: =IF(Simulações!#REF!="","",Simulações!#REF!) -> #REF! | J113: =IF(Simulações!#REF!="","",Simulações!#REF!) -> #REF! | K113: =Simulações!#REF! -> #REF! | L113: =Simulações!#REF! -> #REF! | M113: =IF(Simulações!#REF!="","",Simulações!#REF!) -> #REF! | N113: =IF(Simulações!#REF!="","",Simulações!#REF!) -> #REF! | O113: 1
