Workbook
Name Banco_Tipologias: Banco_Tipologias!$C$4:$N$17
Name colunaclasses: Simulações!$BQ$2:$BQ$964
Name ilumatic: '[1]Banco de dados (2)'!#REF!
Name ilumatic: 'Banco de dados'!#REF!
Name philips: '[1]Banco de dados (2)'!#REF!
Name philips: 'Banco de dados'!#REF!
Name red_global: '[1]Banco de dados (2)'!#REF!
Name red_global: 'Banco de dados'!#REF!
Name red_juganu: '[1]Banco de dados (2)'!#REF!
Name red_juganu: 'Banco de dados'!#REF!
Name red_philips: '[1]Banco de dados (2)'!#REF!
Name red_philips: 'Banco de dados'!#REF!
Name red_repume: '[1]Banco de dados (2)'!#REF!
Name red_repume: 'Banco de dados'!#REF!
Name red_tecno: '[1]Banco de dados (2)'!#REF!
Name red_tecno: 'Banco de dados'!#REF!
Name redglobal: '[1]Banco de dados (2)'!#REF!
Name redglobal: 'Banco de dados'!#REF!
Name tecnowat: '[1]Banco de dados (2)'!#REF!
Name tecnowat: 'Banco de dados'!#REF!

Sheet DefiniçãoFornecedores
D2: Estruturas
B3: Definição | D3: V1 | E3: V2 | F3: V3 | G3: V4 | H3: V5 | I3: Observação
B4: Fornecedor L1 | C4: Conexled | D4: 0 | E4: 0 | F4: 0 | G4: 0 | H4: 0 | I4: Não possui orçamento
B5: Fornecedor L2 | C5: Ilumatic | D5: 0 | E5: 0 | F5: 0 | G5: 0 | H5: 0 | I5: Não possui orçamento
B6: Fornecedor L3 | C6: Juganu | D6: 0 | E6: 0 | F6: 0 | G6: 0 | H6: 0 | I6: Possui orçamento, definir qual classe melhor atende
B7: Fornecedor L4 | C7: Philips | D7: 1 | E7: 1 | F7: 1 | G7: 1 | H7: 1 | I7: Não possui orçamento
B8: Fornecedor L5 | C8: Repume | D8: 0 | E8: 0 | F8: 0 | G8: 0 | H8: 0 | I8: Não possui orçamento
B9: Fornecedor L6 | C9: Tecnowatt | D9: 1 | E9: 1 | F9: 1 | G9: 1 | H9: 1 | I9: Possui orçamento, definir qual classe melhor atende
B10: Fornecedor L7 | C10: Unicoba | D10: 1 | E10: 1 | F10: 1 | G10: 1 | H10: 1 | I10: Possui orçamento, definir qual classe melhor atende
B11: Fornecedor L8 | C11: SX Lighting | D11: 0 | E11: 0 | F11: 0 | G11: 0 | H11: 0 | I11: Não possui orçamento

Sheet Simulações
A1: Correção Classes | B1: Correção Canteiro Central | D1: ID | E1: Padrão | F1: Logradouro | G1: latitude | H1: longitude | I1: Classificação viária | J1: Classificação ciclovia | K1: Classificação pedonal | L1: Tipo de lâmpada | M1: Potencia da lâmpada | N1: Potência Reator | O1: Potencia 2o nivel | P1: POT TOTAL MALHA | Q1: Faixas de Rodagem | R1: Largura Passeio 1 | S1: Largura Via 1 | T1: largura Passeio Central 1 | U1: largura Passeio Central 2 | V1: Largura Via 2 | W1: largura Passeio 2 | X1: largura Canteiro Central | Y1: largura Ciclovia 1 | Z1: largura Ciclovia 2 | AA1: estacionamento 1 | AB1: estacionamento 2 | AC1: posteacao | AD1: Tipo de estrutura | AE1: distancia entre postes | AF1: altura da luminaria | AG1: qtd de Lampadas IP Princ | AH1: distancia Poste a via | AI1: projecao do braço | AJ1: Pendor | AK1: Altura de Instalação | AL1: Projeção Vertical | AM1: Exclusivo | AN1: Quantidade de pontos inspecionados IP Veic | AO1: qtd de Lampadas IP 2o nivel | AP1: Tipo de posteação 2o nivel | AQ1: Distanciamento 2o nivel | AR1: Altura da luminaria 2o nivel | AS1: Projecao 2o nivel | AT1: Distancia poste-via 2o nivel | AU1: Quantidade de pontos inspecionados IP Sec | AV1: informacoes Adicionais | AW1: Emed - Norma | AX1: U - Norma | AY1: Luminância Média Exigida | AZ1: Uo Uniformidade Global Exigida | BA1: Uniformidade Longitudinal Exigida | BB1: Incremento Linear Exigido | BC1: Atendimento pleno à norma | BD1: Excesso de iluminância média IV | BE1: Excesso de Uniformidade IV | BF1: Excesso de luminância média IV | BG1: Iluminância Média | BH1: Fator de Uniformidade | BI1: Luminância Média | BJ1: Uniformidade Longitudinal | BK1: Incremento Linear (TI) | BL1: EIR | BM1: ATENDE TUDO - RUA SIMU | BN1: Atende à Iluminância Média | BO1: Atende à Uniformidade Global Miníma | BP1: Atende à Luminância Média | BQ1: Classe IV | BR1: Classe IP | BS1: Excesso de iluminância média P1 | BT1: Iluminância Média | BU1: Iluminância mínima horizontal E (lux) | BV1: Iluminância Média (Exigida) | BW1: Iluminância mínima horizontal E (lux) | BX1: Atende à NBR 5101 - TUDO SIMU | BY1: Atende à Iluminância Média | BZ1: Atende à Iluminância mínima horizontal | CA1: Classe IP | CB1: Excesso de iluminância média P2 | CC1: Iluminância Média | CD1: Iluminância mínima horizontal E (lux) | CE1: Iluminância Média (Exigida) | CF1: Iluminância mínima horizontal E (lux) exigida | CG1: Atende à NBR 5101 - TUDO SIMU P2 | CH1: Atende à Iluminância Média | CI1: Atende à Iluminância mínima horizontal | CJ1: Fornecedor | CK1: Código Luminária 1 | CL1: Luminária Simulada (IP Principal) | CM1: Código Luminária 2 | CN1: Luminária Simulada (IP Secundário) | CO1: Pontos por poste (IP Principal) | CP1: Potência simulada - IP Principal (W) | CQ1: Potência simulada - IP Secundário (W) | CR1: Fluxo Luminoso - IP Principal (lm) | CS1: Fluxo Luminoso - IP Secundário (lm) | CT1: Ângulo antigo | CU1: Ângulo Simulado | CV1: Braço Antigo | CW1: Braço Novo | CX1: Projeção com alteração | CY1: Altura de luminária com alteração | CZ1: Correção de Ponto Escuro (CPE) | DA1: Quantidade de pontos adicionados para via de veículo | DB1: Quantidade de pontos adicionados para via de pedestres | DC1: Observação CPE (Reduçao entre postes e/ou Tipo de Posteação) | DD1: obs conferência | DE1: rev conferência | DF1: IP PRINC SIM | DG1: IP SEC SIM | DH1: TOTAL SIMULADO | DI1: Eficientização | DJ1: Simulação | DK1: Conferência | DL1: Considerar na Extrapolação | DM1: Inspeção | DO1: eficientização
C2: Carol | D2: 38 | E2: PVCP | F2: Avenida Beira-Mar, 1577 | G2: -29.992885 | H2: -50.12708 | I2: C1 | J2: - | K2: P5 | L2: LED | M2: 99 | N2: 0 | O2: 0 | P2: =M2*AG2*2 -> 198 | Q2: 2 | R2: 4.5 | S2: 8.5 | V2: 0 | W2: 5 | X2: 0 | Y2: 0 | Z2: 2.5 | AA2: 3 | AB2: 0 | AC2: Unilateral | AD2: Braço | AE2: 27.3 | AF2: 8.2 | AG2: 1 | AH2: 0.2 | AI2: 2.5 | AJ2: =AI2-AH2 -> 2.3 | AK2: - | AL2: - | AM2: Não | AN2: =IF(AC2="Unilateral",2*AG2,IF(AC2="Bilateral Alternada",3*AG2,IF(AC2="Bilateral Frontal",4*AG2,IF(AC2="Canteiro Central",2*AG2,"erro")))) -> 2 | AO2: 0 | AP2: 0 | AQ2: 0 | AR2: 0 | AS2: 0 | AT2: - | AU2: =IF(AO2=0,0,IF(AC2="Unilateral",2*AO2,IF(AC2="Bilateral Alternada",3*AO2,IF(AC2="Bilateral Frontal",4*AO2,IF(AC2="Canteiro Central",2*AO2,"erro"))))) -> 0 | AW2: =VLOOKUP(I2,ABNT5101!$I$3:$J$9,2) -> 30 | AX2: =VLOOKUP(I2,ABNT5101!$I$3:$M$9,5) -> 0.38 | AY2: =_xlfn.XLOOKUP(I2,ABNT5101!$I:$I,ABNT5101!$L:$L) -> - | AZ2: =_xlfn.XLOOKUP(I2,ABNT5101!$I:$I,ABNT5101!M:M) -> 0.38 | BA2: =_xlfn.XLOOKUP(I2,ABNT5101!$I:$I,ABNT5101!N:N) -> - | BB2: =_xlfn.XLOOKUP(I2,ABNT5101!$I:$I,ABNT5101!O:O) -> 14 | BC2: =IF(BM2="NÃO ATENDE","NÃO ATENDE",IF(BX2="NÃO ATENDE","NÃO ATENDE",IF(CG2="NÃO ATENDE","NÃO ATENDE","ATENDE"))) -> ATENDE | BD2: =BG2/AW2-1 -> 0.035666667 | BE2: =BH2/AX2-1 -> 0.47368421 | BF2: =IF($I2="M6",BI2/AY2-1,"-") -> - | BG2: 31.07 | BH2: 0.56 | BM2: =IF(OR(BN2="NÃO ATENDE",BO2="NÃO ATENDE",BP2="NÃO ATENDE"),"NÃO ATENDE","ATENDE") -> ATENDE | BN2: =IF(BG2>=AW2,"ATENDE",IF(BG2>=0.99*AW2,"ATENDIMENTO LIMIAR","NÃO ATENDE")) -> ATENDE | BO2: =IF(BH2>=AX2,"ATENDE",IF(BH2>=(AX2-0.02),"ATENDIMENTO LIMIAR","NÃO ATENDE")) -> ATENDE | BP2: =IF(AY2="-","ATENDE",IF(BI2>=AY2,"ATENDE",IF(BI2>=(AY2-0.02),"ATENDIMENTO LIMIAR","NÃO ATENDE"))) -> ATENDE | BQ2: =I2 -> C1 | BR2: =K2 -> P5 | BS2: =IF(BT2="-","-",BT2/BV2-1) -> 2.302 | BT2: 16.51 | BU2: 4.38 | BV2: =IF(BR2="-","-",_xlfn.XLOOKUP(BR2,ABNT5101!$B$4:$B$9,ABNT5101!$C$4:$C$9)) -> 5 | BW2: =IF(BR2="-","-",_xlfn.XLOOKUP(BR2,ABNT5101!$B$4:$B$9,ABNT5101!$D$4:$D$9)) -> 1 | BX2: =IF(BY2="-","-",IF(BY2="NÃO ATENDE","NÃO ATENDE",IF(BZ2="NÃO ATENDE","NÃO ATENDE","ATENDE"))) -> ATENDE | BY2: =IF(BR2="-","-",IF(BT2>=BV2,"ATENDE",IF(BT2>=(BV2*0.99),"ATENDIMENTO LIMIAR","NÃO ATENDE"))) -> ATENDE | BZ2: =IF(BR2="-","-",IF(BU2>=BW2,"ATENDE","NÃO ATENDE")) -> ATENDE | CA2: =BR2 -> P5 | CB2: =IF(CC2="-","-",CC2/CE2-1) -> 0.03 | CC2: 5.15 | CD2: 1.34 | CE2: =IF(CA2="-","-",_xlfn.XLOOKUP(CA2,ABNT5101!$B$4:$B$9,ABNT5101!$C$4:$C$9)) -> 5 | CF2: =IF(CA2="-","-",_xlfn.XLOOKUP(CA2,ABNT5101!$B$4:$B$9,ABNT5101!$D$4:$D$9)) -> 1 | CG2: =IF(CH2="-","-",IF(CH2="NÃO ATENDE","NÃO ATENDE",IF(CI2="NÃO ATENDE","NÃO ATENDE","ATENDE"))) -> ATENDE | CH2: =IF(CA2="-","-",IF(CC2>=(CE2),"ATENDE",IF(CC2>=(0.99*CE2),"ATENDIMENTO LIMIAR","NÃO ATENDE"))) -> ATENDE | CI2: =IF(CA2="-","-",IF(CD2>=CF2,"ATENDE","NÃO ATENDE")) -> ATENDE | CJ2: =_xlfn.XLOOKUP(CK2,'Banco de dados'!$B:$B,'Banco de dados'!$D:$D) -> LEDSTAR | CK2: SL VT 9.1 120W | CL2: =_xlfn.XLOOKUP(CK2,'Banco de dados'!$B:$B,'Banco de dados'!$E:$E) -> LUM LED SL VT 9.1 120W | CN2: =IF(CM2="-","-",_xlfn.XLOOKUP(CM2,'Banco de dados'!$B:$B,'Banco de dados'!$E:$E)) -> #N/A | CO2: =AG2 -> 1 | CP2: =_xlfn.XLOOKUP(CK2,'Banco de dados'!$B:$B,'Banco de dados'!$H:$H) -> 120 | CQ2: =_xlfn.XLOOKUP(CM2,'Banco de dados'!$B:$B,'Banco de dados'!$H:$H) -> 0 | CR2: =_xlfn.XLOOKUP(CK2,'Banco de dados'!$B:$B,'Banco de dados'!$F:$F) -> 18730 | CS2: =_xlfn.XLOOKUP(CM2,'Banco de dados'!$B:$B,'Banco de dados'!$F:$F) -> 0 | CT2: 0 | CU2: 5 | CV2: =IF(AI2<=0.5,"Curto I",IF(AND(AI2>='Braços de IP'!$B$9,AI2<='Braços de IP'!$D$9),'Braços de IP'!$E$9,IF(AND(AI2>='Braços de IP'!$B$10,AI2<='Braços de IP'!$D$10),'Braços de IP'!$E$10,IF(AND(AI2>='Braços de IP'!$B$11,AI2<='Braços de IP'!$D$11),'Braços de IP'!$E$11,IF(AND(AI2>='Braços de IP'!$B$12,AI2<='Braços de IP'!$D$12),'Braços de IP'!$E$12,IF(AND(AI2>='Braços de IP'!$B$13,AI2<='Braços de IP'!$D$13),'Braços de IP'!$E$13,IF(AND(AI2>='Braços de IP'!$B$14,AI2<='Braços de IP'!$D$14),'Braços de IP'!$E$14,"ERRO"))))))) -> Médio II | CX2: =IF($CW2="","",VLOOKUP($CW2,'Braços de IP'!$E$9:$I$15,2,0)) | CY2: =IF($CW2="","",VLOOKUP($CW2,'Braços de IP'!$E$9:$I$15,5,0)) | DF2: =CP2 -> 120 | DG2: =M2 -> 99 | DH2: =SUM(DF2:DG2)*CO2 -> 219 | DI2: =1-DF2/DG2 -> -0.21212121 | DL2: Sim | DO2: =((M2+N2)-CP2)/(M2+N2) -> -0.21212121 | DQ2: V4 | DR2: =COUNTIF(I:I,DQ2)/3 -> 0 | DS2: =DR2/$DR$434 -> #DIV/0! | DT2: =DR2/SUM($DR$326:$DR$353) -> #DIV/0!
C3: Carol | D3: 38 | E3: PVCP | F3: Avenida Beira-Mar, 1577 | G3: -29.992885 | H3: -50.12708 | I3: C1 | J3: - | K3: P5 | L3: LED | M3: 99 | N3: 0 | O3: 0 | P3: =M3*AG3*2 -> 198 | Q3: 2 | R3: 4.5 | S3: 8.5 | V3: 0 | W3: 5 | X3: 0 | Y3: 0 | Z3: 2.5 | AA3: 3 | AB3: 0 | AC3: Unilateral | AD3: Braço | AE3: 27.3 | AF3: 8.2 | AG3: 1 | AH3: 0.2 | AI3: 2.5 | AJ3: =AI3-AH3 -> 2.3 | AK3: - | AL3: - | AM3: Não | AN3: =IF(AC3="Unilateral",2*AG3,IF(AC3="Bilateral Alternada",3*AG3,IF(AC3="Bilateral Frontal",4*AG3,IF(AC3="Canteiro Central",2*AG3,"erro")))) -> 2 | AO3: 0 | AP3: 0 | AQ3: 0 | AR3: 0 | AS3: 0 | AT3: - | AU3: =IF(AO3=0,0,IF(AC3="Unilateral",2*AO3,IF(AC3="Bilateral Alternada",3*AO3,IF(AC3="Bilateral Frontal",4*AO3,IF(AC3="Canteiro Central",2*AO3,"erro"))))) -> 0 | AW3: =VLOOKUP(I3,ABNT5101!$I$3:$J$9,2) -> 30 | AX3: =VLOOKUP(I3,ABNT5101!$I$3:$M$9,5) -> 0.38 | AY3: =_xlfn.XLOOKUP(I3,ABNT5101!$I:$I,ABNT5101!$L:$L) -> - | AZ3: =_xlfn.XLOOKUP(I3,ABNT5101!$I:$I,ABNT5101!M:M) -> 0.38 | BA3: =_xlfn.XLOOKUP(I3,ABNT5101!$I:$I,ABNT5101!N:N) -> - | BB3: =_xlfn.XLOOKUP(I3,ABNT5101!$I:$I,ABNT5101!O:O) -> 14 | BC3: =IF(BM3="NÃO ATENDE","NÃO ATENDE",IF(BX3="NÃO ATENDE","NÃO ATENDE",IF(CG3="NÃO ATENDE","NÃO ATENDE","ATENDE"))) -> ATENDE | BD3: =BG3/AW3-1 -> 0.018 | BE3: =BH3/AX3-1 -> 0.34210526 | BF3: =IF($I3="M6",BI3/AY3-1,"-") -> - | BG3: 30.54 | BH3: 0.51 | BM3: =IF(OR(BN3="NÃO ATENDE",BO3="NÃO ATENDE",BP3="NÃO ATENDE"),"NÃO ATENDE","ATENDE") -> ATENDE | BN3: =IF(BG3>=AW3,"ATENDE",IF(BG3>=0.99*AW3,"ATENDIMENTO LIMIAR","NÃO ATENDE")) -> ATENDE | BO3: =IF(BH3>=AX3,"ATENDE",IF(BH3>=(AX3-0.02),"ATENDIMENTO LIMIAR","NÃO ATENDE")) -> ATENDE | BP3: =IF(AY3="-","ATENDE",IF(BI3>=AY3,"ATENDE",IF(BI3>=(AY3-0.02),"ATENDIMENTO LIMIAR","NÃO ATENDE"))) -> ATENDE | BQ3: =I3 -> C1 | BR3: =K3 -> P5 | BS3: =IF(BT3="-","-",BT3/BV3-1) -> 3.196 | BT3: 20.98 | BU3: 13.59 | BV3: =IF(BR3="-","-",_xlfn.XLOOKUP(BR3,ABNT5101!$B$4:$B$9,ABNT5101!$C$4:$C$9)) -> 5 | BW3: =IF(BR3="-","-",_xlfn.XLOOKUP(BR3,ABNT5101!$B$4:$B$9,ABNT5101!$D$4:$D$9)) -> 1 | BX3: =IF(BY3="-","-",IF(BY3="NÃO ATENDE","NÃO ATENDE",IF(BZ3="NÃO ATENDE","NÃO ATENDE","ATENDE"))) -> ATENDE | BY3: =IF(BR3="-","-",IF(BT3>=BV3,"ATENDE",IF(BT3>=(BV3*0.99),"ATENDIMENTO LIMIAR","NÃO ATENDE"))) -> ATENDE | BZ3: =IF(BR3="-","-",IF(BU3>=BW3,"ATENDE","NÃO ATENDE")) -> ATENDE | CA3: =BR3 -> P5 | CB3: =IF(CC3="-","-",CC3/CE3-1) -> 0.142 | CC3: 5.71 | CD3: 2.84 | CE3: =IF(CA3="-","-",_xlfn.XLOOKUP(CA3,ABNT5101!$B$4:$B$9,ABNT5101!$C$4:$C$9)) -> 5 | CF3: =IF(CA3="-","-",_xlfn.XLOOKUP(CA3,ABNT5101!$B$4:$B$9,ABNT5101!$D$4:$D$9)) -> 1 | CG3: =IF(CH3="-","-",IF(CH3="NÃO ATENDE","NÃO ATENDE",IF(CI3="NÃO ATENDE","NÃO ATENDE","ATENDE"))) -> ATENDE | CH3: =IF(CA3="-","-",IF(CC3>=(CE3),"ATENDE",IF(CC3>=(0.99*CE3),"ATENDIMENTO LIMIAR","NÃO ATENDE"))) -> ATENDE | CI3: =IF(CA3="-","-",IF(CD3>=CF3,"ATENDE","NÃO ATENDE")) -> ATENDE | CJ3: =_xlfn.XLOOKUP(CK3,'Banco de dados'!$B:$B,'Banco de dados'!$D:$D) -> SX LIGHTING | CK3: SX-INLPP120HF | CL3: =_xlfn.XLOOKUP(CK3,'Banco de dados'!$B:$B,'Banco de dados'!$E:$E) -> SXINLPP120K40L12CZF7PHF | CN3: =IF(CM3="-","-",_xlfn.XLOOKUP(CM3,'Banco de dados'!$B:$B,'Banco de dados'!$E:$E)) -> #N/A | CO3: =AG3 -> 1 | CP3: =_xlfn.XLOOKUP(CK3,'Banco de dados'!$B:$B,'Banco de dados'!$H:$H) -> 120 | CQ3: =_xlfn.XLOOKUP(CM3,'Banco de dados'!$B:$B,'Banco de dados'!$H:$H) -> #N/A | CR3: =_xlfn.XLOOKUP(CK3,'Banco de dados'!$B:$B,'Banco de dados'!$F:$F) -> 20748 | CS3: =_xlfn.XLOOKUP(CM3,'Banco de dados'!$B:$B,'Banco de dados'!$F:$F) -> 0 | CT3: 0 | CU3: 5 | CV3: =IF(AI3<=0.5,"Curto I",IF(AND(AI3>='Braços de IP'!$B$9,AI3<='Braços de IP'!$D$9),'Braços de IP'!$E$9,IF(AND(AI3>='Braços de IP'!$B$10,AI3<='Braços de IP'!$D$10),'Braços de IP'!$E$10,IF(AND(AI3>='Braços de IP'!$B$11,AI3<='Braços de IP'!$D$11),'Braços de IP'!$E$11,IF(AND(AI3>='Braços de IP'!$B$12,AI3<='Braços de IP'!$D$12),'Braços de IP'!$E$12,IF(AND(AI3>='Braços de IP'!$B$13,AI3<='Braços de IP'!$D$13),'Braços de IP'!$E$13,IF(AND(AI3>='Braços de IP'!$B$14,AI3<='Braços de IP'!$D$14),'Braços de IP'!$E$14,"ERRO"))))))) -> Médio II | CX3: =IF($CW3="","",VLOOKUP($CW3,'Braços de IP'!$E$9:$I$15,2,0)) | CY3: =IF($CW3="","",VLOOKUP($CW3,'Braços de IP'!$E$9:$I$15,5,0)) | DF3: =CP3 -> 120 | DG3: =M3 -> 99 | DH3: =SUM(DF3:DG3)*CO3 -> 219 | DI3: =1-DF3/DG3 -> -0.21212121 | DL3: Sim | DO3: =((M3+N3)-CP3)/(M3+N3) -> -0.21212121 | DQ3: V4 | DR3: =COUNTIF(I:I,DQ3)/3 -> 0 | DS3: =DR3/$DR$434 -> #DIV/0! | DT3: =DR3/SUM($DR$326:$DR$353) -> #DIV/0!
C4: Carol | D4: 38 | E4: PVCP | F4: Avenida Beira-Mar, 1577 | G4: -29.992885 | H4: -50.12708 | I4: C1 | J4: - | K4: P5 | L4: LED | M4: 99 | N4: 0 | O4: 0 | P4: =M4*AG4*2 -> 198 | Q4: 2 | R4: 4.5 | S4: 8.5 | V4: 0 | W4: 5 | X4: 0 | Y4: 0 | Z4: 2.5 | AA4: 3 | AB4: 0 | AC4: Unilateral | AD4: Braço | AE4: 27.3 | AF4: 8.2 | AG4: 1 | AH4: 0.2 | AI4: 2.5 | AJ4: =AI4-AH4 -> 2.3 | AK4: - | AL4: - | AM4: Não | AN4: =IF(AC4="Unilateral",2*AG4,IF(AC4="Bilateral Alternada",3*AG4,IF(AC4="Bilateral Frontal",4*AG4,IF(AC4="Canteiro Central",2*AG4,"erro")))) -> 2 | AO4: 0 | AP4: 0 | AQ4: 0 | AR4: 0 | AS4: 0 | AT4: - | AU4: =IF(AO4=0,0,IF(AC4="Unilateral",2*AO4,IF(AC4="Bilateral Alternada",3*AO4,IF(AC4="Bilateral Frontal",4*AO4,IF(AC4="Canteiro Central",2*AO4,"erro"))))) -> 0 | AW4: =VLOOKUP(I4,ABNT5101!$I$3:$J$9,2) -> 30 | AX4: =VLOOKUP(I4,ABNT5101!$I$3:$M$9,5) -> 0.38 | AY4: =_xlfn.XLOOKUP(I4,ABNT5101!$I:$I,ABNT5101!$L:$L) -> - | AZ4: =_xlfn.XLOOKUP(I4,ABNT5101!$I:$I,ABNT5101!M:M) -> 0.38 | BA4: =_xlfn.XLOOKUP(I4,ABNT5101!$I:$I,ABNT5101!N:N) -> - | BB4: =_xlfn.XLOOKUP(I4,ABNT5101!$I:$I,ABNT5101!O:O) -> 14 | BC4: =IF(BM4="NÃO ATENDE","NÃO ATENDE",IF(BX4="NÃO ATENDE","NÃO ATENDE",IF(CG4="NÃO ATENDE","NÃO ATENDE","ATENDE"))) -> ATENDE | BD4: =BG4/AW4-1 -> 0.049666667 | BE4: =BH4/AX4-1 -> 0.60526316 | BF4: =IF($I4="M6",BI4/AY4-1,"-") -> - | BG4: 31.49 | BH4: 0.61 | BM4: =IF(OR(BN4="NÃO ATENDE",BO4="NÃO ATENDE",BP4="NÃO ATENDE"),"NÃO ATENDE","ATENDE") -> ATENDE | BN4: =IF(BG4>=AW4,"ATENDE",IF(BG4>=0.99*AW4,"ATENDIMENTO LIMIAR","NÃO ATENDE")) -> ATENDE | BO4: =IF(BH4>=AX4,"ATENDE",IF(BH4>=(AX4-0.02),"ATENDIMENTO LIMIAR","NÃO ATENDE")) -> ATENDE | BP4: =IF(AY4="-","ATENDE",IF(BI4>=AY4,"ATENDE",IF(BI4>=(AY4-0.02),"ATENDIMENTO LIMIAR","NÃO ATENDE"))) -> ATENDE | BQ4: =I4 -> C1 | BR4: =K4 -> P5 | BS4: =IF(BT4="-","-",BT4/BV4-1) -> 1.554 | BT4: 12.77 | BU4: 7.92 | BV4: =IF(BR4="-","-",_xlfn.XLOOKUP(BR4,ABNT5101!$B$4:$B$9,ABNT5101!$C$4:$C$9)) -> 5 | BW4: =IF(BR4="-","-",_xlfn.XLOOKUP(BR4,ABNT5101!$B$4:$B$9,ABNT5101!$D$4:$D$9)) -> 1 | BX4: =IF(BY4="-","-",IF(BY4="NÃO ATENDE","NÃO ATENDE",IF(BZ4="NÃO ATENDE","NÃO ATENDE","ATENDE"))) -> ATENDE | BY4: =IF(BR4="-","-",IF(BT4>=BV4,"ATENDE",IF(BT4>=(BV4*0.99),"ATENDIMENTO LIMIAR","NÃO ATENDE"))) -> ATENDE | BZ4: =IF(BR4="-","-",IF(BU4>=BW4,"ATENDE","NÃO ATENDE")) -> ATENDE | CA4: =BR4 -> P5 | CB4: =IF(CC4="-","-",CC4/CE4-1) -> 0.454 | CC4: 7.27 | CD4: 4.22 | CE4: =IF(CA4="-","-",_xlfn.XLOOKUP(CA4,ABNT5101!$B$4:$B$9,ABNT5101!$C$4:$C$9)) -> 5 | CF4: =IF(CA4="-","-",_xlfn.XLOOKUP(CA4,ABNT5101!$B$4:$B$9,ABNT5101!$D$4:$D$9)) -> 1 | CG4: =IF(CH4="-","-",IF(CH4="NÃO ATENDE","NÃO ATENDE",IF(CI4="NÃO ATENDE","NÃO ATENDE","ATENDE"))) -> ATENDE | CH4: =IF(CA4="-","-",IF(CC4>=(CE4),"ATENDE",IF(CC4>=(0.99*CE4),"ATENDIMENTO LIMIAR","NÃO ATENDE"))) -> ATENDE | CI4: =IF(CA4="-","-",IF(CD4>=CF4,"ATENDE","NÃO ATENDE")) -> ATENDE | CJ4: =_xlfn.XLOOKUP(CK4,'Banco de dados'!$B:$B,'Banco de dados'!$D:$D) -> TECNOWATT | CK4: SIGMAGPTLRRSMNDL120W_82IBBR | CL4: =_xlfn.XLOOKUP(CK4,'Banco de dados'!$B:$B,'Banco de dados'!$E:$E) -> SIGMAGPTLRRSMNDL120W_82IBBR S1-10C1MUN6.5 | CN4: =IF(CM4="-","-",_xlfn.XLOOKUP(CM4,'Banco de dados'!$B:$B,'Banco de dados'!$E:$E)) -> #N/A | CO4: =AG4 -> 1 | CP4: =_xlfn.XLOOKUP(CK4,'Banco de dados'!$B:$B,'Banco de dados'!$H:$H) -> 120 | CQ4: =_xlfn.XLOOKUP(CM4,'Banco de dados'!$B:$B,'Banco de dados'!$H:$H) -> 0 | CR4: =_xlfn.XLOOKUP(CK4,'Banco de dados'!$B:$B,'Banco de dados'!$F:$F) -> 19640 | CS4: =_xlfn.XLOOKUP(CM4,'Banco de dados'!$B:$B,'Banco de dados'!$F:$F) -> 0 | CT4: 0 | CU4: 5 | CV4: =IF(AI4<=0.5,"Curto I",IF(AND(AI4>='Braços de IP'!$B$9,AI4<='Braços de IP'!$D$9),'Braços de IP'!$E$9,IF(AND(AI4>='Braços de IP'!$B$10,AI4<='Braços de IP'!$D$10),'Braços de IP'!$E$10,IF(AND(AI4>='Braços de IP'!$B$11,AI4<='Braços de IP'!$D$11),'Braços de IP'!$E$11,IF(AND(AI4>='Braços de IP'!$B$12,AI4<='Braços de IP'!$D$12),'Braços de IP'!$E$12,IF(AND(AI4>='Braços de IP'!$B$13,AI4<='Braços de IP'!$D$13),'Braços de IP'!$E$13,IF(AND(AI4>='Braços de IP'!$B$14,AI4<='Braços de IP'!$D$14),'Braços de IP'!$E$14,"ERRO"))))))) -> Médio II | CW4: Longo II | CX4: =IF($CW4="","",VLOOKUP($CW4,'Braços de IP'!$E$9:$I$15,2,0)) -> 3.5 | CY4: =IF($CW4="","",VLOOKUP($CW4,'Braços de IP'!$E$9:$I$15,5,0)) -> 8.5 | DF4: =CP4 -> 120 | DG4: =M4 -> 99 | DH4: =SUM(DF4:DG4)*CO4 -> 219 | DI4: =1-DF4/DG4 -> -0.21212121 | DL4: Sim | DO4: =((M4+N4)-CP4)/(M4+N4) -> -0.21212121 | DQ4: V4 | DR4: =COUNTIF(I:I,DQ4)/3 -> 0 | DS4: =DR4/$DR$434 -> #DIV/0! | DT4: =DR4/SUM($DR$326:$DR$353) -> #DIV/0!
C5: André | D5: 126 | E5: PCVP | F5: Avenida Beira-Mar, 500 [Q] | G5: -29.982797 | H5: -50.12266 | I5: C1 | J5: P3 | K5: P6 | L5: LED | M5: 99 | N5: 0 | O5: 0 | P5: =M5*AG5*2 -> 198 | Q5: 2 | R5: 3 | S5: 8.4 | V5: 0 | W5: 3 | X5: 0 | Y5: 2.5 | Z5: 0 | AA5: 0 | AB5: 0 | AC5: Bilateral alternada | AD5: Braço | AE5: 55.8 | AF5: 7.3 | AG5: 1 | AH5: 0.3 | AI5: 0.5 | AJ5: =AI5-AH5 -> 0.2 | AK5: - | AL5: - | AM5: Sim | AN5: =IF(AC5="Unilateral",2*AG5,IF(AC5="Bilateral Alternada",3*AG5,IF(AC5="Bilateral Frontal",4*AG5,IF(AC5="Canteiro Central",2*AG5,"erro")))) -> 3 | AO5: 0 | AP5: 0 | AQ5: 0 | AR5: 0 | AS5: 0 | AT5: - | AU5: =IF(AO5=0,0,IF(AC5="Unilateral",2*AO5,IF(AC5="Bilateral Alternada",3*AO5,IF(AC5="Bilateral Frontal",4*AO5,IF(AC5="Canteiro Central",2*AO5,"erro"))))) -> 0 | AW5: =VLOOKUP(I5,ABNT5101!$I$3:$J$9,2) -> 30 | AX5: =VLOOKUP(I5,ABNT5101!$I$3:$M$9,5) -> 0.38 | AY5: =_xlfn.XLOOKUP(I5,ABNT5101!$I:$I,ABNT5101!$L:$L) -> - | AZ5: =_xlfn.XLOOKUP(I5,ABNT5101!$I:$I,ABNT5101!M:M) -> 0.38 | BA5: =_xlfn.XLOOKUP(I5,ABNT5101!$I:$I,ABNT5101!N:N) -> - | BB5: =_xlfn.XLOOKUP(I5,ABNT5101!$I:$I,ABNT5101!O:O) -> 14 | BC5: =IF(BM5="NÃO ATENDE","NÃO ATENDE",IF(BX5="NÃO ATENDE","NÃO ATENDE",IF(CG5="NÃO ATENDE","NÃO ATENDE","ATENDE"))) -> ATENDE | BD5: =BG5/AW5-1 -> -0.004 | BE5: =BH5/AX5-1 -> 0.52631579 | BF5: =IF($I5="M6",BI5/AY5-1,"-") -> - | BG5: 29.88 | BH5: 0.58 | BM5: =IF(OR(BN5="NÃO ATENDE",BO5="NÃO ATENDE",BP5="NÃO ATENDE"),"NÃO ATENDE","ATENDE") -> ATENDE | BN5: =IF(BG5>=AW5,"ATENDE",IF(BG5>=0.99*AW5,"ATENDIMENTO LIMIAR","NÃO ATENDE")) -> ATENDIMENTO LIMIAR | BO5: =IF(BH5>=AX5,"ATENDE",IF(BH5>=(AX5-0.02),"ATENDIMENTO LIMIAR","NÃO ATENDE")) -> ATENDE | BP5: =IF(AY5="-","ATENDE",IF(BI5>=AY5,"ATENDE",IF(BI5>=(AY5-0.02),"ATENDIMENTO LIMIAR","NÃO ATENDE"))) -> ATENDE | BQ5: =I5 -> C1 | BR5: =K5 -> P6 | BS5: =IF(BT5="-","-",BT5/BV5-1) -> 6.4466667 | BT5: 22.34 | BU5: 0.63 | BV5: =IF(BR5="-","-",_xlfn.XLOOKUP(BR5,ABNT5101!$B$4:$B$9,ABNT5101!$C$4:$C$9)) -> 3 | BW5: =IF(BR5="-","-",_xlfn.XLOOKUP(BR5,ABNT5101!$B$4:$B$9,ABNT5101!$D$4:$D$9)) -> 0.6 | BX5: =IF(BY5="-","-",IF(BY5="NÃO ATENDE","NÃO ATENDE",IF(BZ5="NÃO ATENDE","NÃO ATENDE","ATENDE"))) -> ATENDE | BY5: =IF(BR5="-","-",IF(BT5>=BV5,"ATENDE",IF(BT5>=(BV5*0.99),"ATENDIMENTO LIMIAR","NÃO ATENDE"))) -> ATENDE | BZ5: =IF(BR5="-","-",IF(BU5>=BW5,"ATENDE","NÃO ATENDE")) -> ATENDE | CA5: =BR5 -> P6 | CB5: =IF(CC5="-","-",CC5/CE5-1) -> 4.2266667 | CC5: 15.68 | CD5: 9.94 | CE5: =IF(CA5="-","-",_xlfn.XLOOKUP(CA5,ABNT5101!$B$4:$B$9,ABNT5101!$C$4:$C$9)) -> 3 | CF5: =IF(CA5="-","-",_xlfn.XLOOKUP(CA5,ABNT5101!$B$4:$B$9,ABNT5101!$D$4:$D$9)) -> 0.6 | CG5: =IF(CH5="-","-",IF(CH5="NÃO ATENDE","NÃO ATENDE",IF(CI5="NÃO ATENDE","NÃO ATENDE","ATENDE"))) -> ATENDE | CH5: =IF(CA5="-","-",IF(CC5>=(CE5),"ATENDE",IF(CC5>=(0.99*CE5),"ATENDIMENTO LIMIAR","NÃO ATENDE"))) -> ATENDE | CI5: =IF(CA5="-","-",IF(CD5>=CF5,"ATENDE","NÃO ATENDE")) -> ATENDE | CJ5: =_xlfn.XLOOKUP(CK5,'Banco de dados'!$B:$B,'Banco de dados'!$D:$D) -> LEDSTAR | CK5: SL VT 9.1 120W | CL5: =_xlfn.XLOOKUP(CK5,'Banco de dados'!$B:$B,'Banco de dados'!$E:$E) -> LUM LED SL VT 9.1 120W | CN5: =IF(CM5="-","-",_xlfn.XLOOKUP(CM5,'Banco de dados'!$B:$B,'Banco de dados'!$E:$E)) -> #N/A | CO5: =AG5 -> 1 | CP5: =_xlfn.XLOOKUP(CK5,'Banco de dados'!$B:$B,'Banco de dados'!$H:$H) -> 120 | CQ5: =_xlfn.XLOOKUP(CM5,'Banco de dados'!$B:$B,'Banco de dados'!$H:$H) -> 0 | CR5: =_xlfn.XLOOKUP(CK5,'Banco de dados'!$B:$B,'Banco de dados'!$F:$F) -> 18730 | CS5: =_xlfn.XLOOKUP(CM5,'Banco de dados'!$B:$B,'Banco de dados'!$F:$F) -> 0 | CT5: 0 | CU5: 10 | CV5: =IF(AI5<=0.5,"Curto I",IF(AND(AI5>='Braços de IP'!$B$9,AI5<='Braços de IP'!$D$9),'Braços de IP'!$E$9,IF(AND(AI5>='Braços de IP'!$B$10,AI5<='Braços de IP'!$D$10),'Braços de IP'!$E$10,IF(AND(AI5>='Braços de IP'!$B$11,AI5<='Braços de IP'!$D$11),'Braços de IP'!$E$11,IF(AND(AI5>='Braços de IP'!$B$12,AI5<='Braços de IP'!$D$12),'Braços de IP'!$E$12,IF(AND(AI5>='Braços de IP'!$B$13,AI5<='Braços de IP'!$D$13),'Braços de IP'!$E$13,IF(AND(AI5>='Braços de IP'!$B$14,AI5<='Braços de IP'!$D$14),'Braços de IP'!$E$14,"ERRO"))))))) -> Curto I | CW5: Longo II | CX5: =IF($CW5="","",VLOOKUP($CW5,'Braços de IP'!$E$9:$I$15,2,0)) -> 3.5 | CY5: =IF($CW5="","",VLOOKUP($CW5,'Braços de IP'!$E$9:$I$15,5,0)) -> 8.5 | DF5: =CP5 -> 120 | DG5: =M5 -> 99 | DH5: =SUM(DF5:DG5)*CO5 -> 219 | DI5: =1-DF5/DG5 -> -0.21212121 | DL5: Sim | DO5: =((M5+N5)-CP5)/(M5+N5) -> -0.21212121
C6: André | D6: 126 | E6: PCVP | F6: Avenida Beira-Mar, 500 [Q] | G6: -29.982797 | H6: -50.12266 | I6: C1 | J6: P3 | K6: P6 | L6: LED | M6: 99 | N6: 0 | O6: 0 | P6: =M6*AG6*2 -> 198 | Q6: 2 | R6: 3 | S6: 8.4 | V6: 0 | W6: 3 | X6: 0 | Y6: 2.5 | Z6: 0 | AA6: 0 | AB6: 0 | AC6: Bilateral alternada | AD6: Braço | AE6: 55.8 | AF6: 7.3 | AG6: 1 | AH6: 0.3 | AI6: 0.5 | AJ6: =AI6-AH6 -> 0.2 | AK6: - | AL6: - | AM6: Sim | AN6: =IF(AC6="Unilateral",2*AG6,IF(AC6="Bilateral Alternada",3*AG6,IF(AC6="Bilateral Frontal",4*AG6,IF(AC6="Canteiro Central",2*AG6,"erro")))) -> 3 | AO6: 0 | AP6: 0 | AQ6: 0 | AR6: 0 | AS6: 0 | AT6: - | AU6: =IF(AO6=0,0,IF(AC6="Unilateral",2*AO6,IF(AC6="Bilateral Alternada",3*AO6,IF(AC6="Bilateral Frontal",4*AO6,IF(AC6="Canteiro Central",2*AO6,"erro"))))) -> 0 | AW6: =VLOOKUP(I6,ABNT5101!$I$3:$J$9,2) -> 30 | AX6: =VLOOKUP(I6,ABNT5101!$I$3:$M$9,5) -> 0.38 | AY6: =_xlfn.XLOOKUP(I6,ABNT5101!$I:$I,ABNT5101!$L:$L) -> - | AZ6: =_xlfn.XLOOKUP(I6,ABNT5101!$I:$I,ABNT5101!M:M) -> 0.38 | BA6: =_xlfn.XLOOKUP(I6,ABNT5101!$I:$I,ABNT5101!N:N) -> - | BB6: =_xlfn.XLOOKUP(I6,ABNT5101!$I:$I,ABNT5101!O:O) -> 14 | BC6: =IF(BM6="NÃO ATENDE","NÃO ATENDE",IF(BX6="NÃO ATENDE","NÃO ATENDE",IF(CG6="NÃO ATENDE","NÃO ATENDE","ATENDE"))) -> ATENDE | BD6: =BG6/AW6-1 -> 0.22533333 | BE6: =BH6/AX6-1 -> 0.57894737 | BF6: =IF($I6="M6",BI6/AY6-1,"-") -> - | BG6: 36.76 | BH6: 0.6 | BM6: =IF(OR(BN6="NÃO ATENDE",BO6="NÃO ATENDE",BP6="NÃO ATENDE"),"NÃO ATENDE","ATENDE") -> ATENDE | BN6: =IF(BG6>=AW6,"ATENDE",IF(BG6>=0.99*AW6,"ATENDIMENTO LIMIAR","NÃO ATENDE")) -> ATENDE | BO6: =IF(BH6>=AX6,"ATENDE",IF(BH6>=(AX6-0.02),"ATENDIMENTO LIMIAR","NÃO ATENDE")) -> ATENDE | BP6: =IF(AY6="-","ATENDE",IF(BI6>=AY6,"ATENDE",IF(BI6>=(AY6-0.02),"ATENDIMENTO LIMIAR","NÃO ATENDE"))) -> ATENDE | BQ6: =I6 -> C1 | BR6: =K6 -> P6 | BS6: =IF(BT6="-","-",BT6/BV6-1) -> 6.19 | BT6: 21.57 | BU6: 0.63 | BV6: =IF(BR6="-","-",_xlfn.XLOOKUP(BR6,ABNT5101!$B$4:$B$9,ABNT5101!$C$4:$C$9)) -> 3 | BW6: =IF(BR6="-","-",_xlfn.XLOOKUP(BR6,ABNT5101!$B$4:$B$9,ABNT5101!$D$4:$D$9)) -> 0.6 | BX6: =IF(BY6="-","-",IF(BY6="NÃO ATENDE","NÃO ATENDE",IF(BZ6="NÃO ATENDE","NÃO ATENDE","ATENDE"))) -> ATENDE | BY6: =IF(BR6="-","-",IF(BT6>=BV6,"ATENDE",IF(BT6>=(BV6*0.99),"ATENDIMENTO LIMIAR","NÃO ATENDE"))) -> ATENDE | BZ6: =IF(BR6="-","-",IF(BU6>=BW6,"ATENDE","NÃO ATENDE")) -> ATENDE | CA6: =BR6 -> P6 | CB6: =IF(CC6="-","-",CC6/CE6-1) -> 3.1066667 | CC6: 12.32 | CD6: 7.3 | CE6: =IF(CA6="-","-",_xlfn.XLOOKUP(CA6,ABNT5101!$B$4:$B$9,ABNT5101!$C$4:$C$9)) -> 3 | CF6: =IF(CA6="-","-",_xlfn.XLOOKUP(CA6,ABNT5101!$B$4:$B$9,ABNT5101!$D$4:$D$9)) -> 0.6 | CG6: =IF(CH6="-","-",IF(CH6="NÃO ATENDE","NÃO ATENDE",IF(CI6="NÃO ATENDE","NÃO ATENDE","ATENDE"))) -> ATENDE | CH6: =IF(CA6="-","-",IF(CC6>=(CE6),"ATENDE",IF(CC6>=(0.99*CE6),"ATENDIMENTO LIMIAR","NÃO ATENDE"))) -> ATENDE | CI6: =IF(CA6="-","-",IF(CD6>=CF6,"ATENDE","NÃO ATENDE")) -> ATENDE | CJ6: =_xlfn.XLOOKUP(CK6,'Banco de dados'!$B:$B,'Banco de dados'!$D:$D) -> SX LIGHTING | CK6: SX-INLPP120HF | CL6: =_xlfn.XLOOKUP(CK6,'Banco de dados'!$B:$B,'Banco de dados'!$E:$E) -> SXINLPP120K40L12CZF7PHF | CN6: =IF(CM6="-","-",_xlfn.XLOOKUP(CM6,'Banco de dados'!$B:$B,'Banco de dados'!$E:$E)) -> #N/A | CO6: =AG6 -> 1 | CP6: =_xlfn.XLOOKUP(CK6,'Banco de dados'!$B:$B,'Banco de dados'!$H:$H) -> 120 | CQ6: =_xlfn.XLOOKUP(CM6,'Banco de dados'!$B:$B,'Banco de dados'!$H:$H) -> #N/A | CR6: =_xlfn.XLOOKUP(CK6,'Banco de dados'!$B:$B,'Banco de dados'!$F:$F) -> 20748 | CS6: =_xlfn.XLOOKUP(CM6,'Banco de dados'!$B:$B,'Banco de dados'!$F:$F) -> 0 | CT6: 0 | CU6: 10 | CV6: =IF(AI6<=0.5,"Curto I",IF(AND(AI6>='Braços de IP'!$B$9,AI6<='Braços de IP'!$D$9),'Braços de IP'!$E$9,IF(AND(AI6>='Braços de IP'!$B$10,AI6<='Braços de IP'!$D$10),'Braços de IP'!$E$10,IF(AND(AI6>='Braços de IP'!$B$11,AI6<='Braços de IP'!$D$11),'Braços de IP'!$E$11,IF(AND(AI6>='Braços de IP'!$B$12,AI6<='Braços de IP'!$D$12),'Braços de IP'!$E$12,IF(AND(AI6>='Braços de IP'!$B$13,AI6<='Braços de IP'!$D$13),'Braços de IP'!$E$13,IF(AND(AI6>='Braços de IP'!$B$14,AI6<='Braços de IP'!$D$14),'Braços de IP'!$E$14,"ERRO"))))))) -> Curto I | CW6: Longo I | CX6: =IF($CW6="","",VLOOKUP($CW6,'Braços de IP'!$E$9:$I$15,2,0)) -> 2.8 | CY6: =IF($CW6="","",VLOOKUP($CW6,'Braços de IP'!$E$9:$I$15,5,0)) -> 8 | DF6: =CP6 -> 120 | DG6: =M6 -> 99 | DH6: =SUM(DF6:DG6)*CO6 -> 219 | DI6: =1-DF6/DG6 -> -0.21212121 | DL6: Sim | DO6: =((M6+N6)-CP6)/(M6+N6) -> -0.21212121
C7: André | D7: 126 | E7: PCVP | F7: Avenida Beira-Mar, 500 [Q] | G7: -29.982797 | H7: -50.12266 | I7: C1 | J7: P3 | K7: P6 | L7: LED | M7: 99 | N7: 0 | O7: 0 | P7: =M7*AG7*2 -> 198 | Q7: 2 | R7: 3 | S7: 8.4 | V7: 0 | W7: 3 | X7: 0 | Y7: 2.5 | Z7: 0 | AA7: 0 | AB7: 0 | AC7: Bilateral alternada | AD7: Braço | AE7: 55.8 | AF7: 7.3 | AG7: 1 | AH7: 0.3 | AI7: 0.5 | AJ7: =AI7-AH7 -> 0.2 | AK7: - | AL7: - | AM7: Sim | AN7: =IF(AC7="Unilateral",2*AG7,IF(AC7="Bilateral Alternada",3*AG7,IF(AC7="Bilateral Frontal",4*AG7,IF(AC7="Canteiro Central",2*AG7,"erro")))) -> 3 | AO7: 0 | AP7: 0 | AQ7: 0 | AR7: 0 | AS7: 0 | AT7: - | AU7: =IF(AO7=0,0,IF(AC7="Unilateral",2*AO7,IF(AC7="Bilateral Alternada",3*AO7,IF(AC7="Bilateral Frontal",4*AO7,IF(AC7="Canteiro Central",2*AO7,"erro"))))) -> 0 | AW7: =VLOOKUP(I7,ABNT5101!$I$3:$J$9,2) -> 30 | AX7: =VLOOKUP(I7,ABNT5101!$I$3:$M$9,5) -> 0.38 | AY7: =_xlfn.XLOOKUP(I7,ABNT5101!$I:$I,ABNT5101!$L:$L) -> - | AZ7: =_xlfn.XLOOKUP(I7,ABNT5101!$I:$I,ABNT5101!M:M) -> 0.38 | BA7: =_xlfn.XLOOKUP(I7,ABNT5101!$I:$I,ABNT5101!N:N) -> - | BB7: =_xlfn.XLOOKUP(I7,ABNT5101!$I:$I,ABNT5101!O:O) -> 14 | BC7: =IF(BM7="NÃO ATENDE","NÃO ATENDE",IF(BX7="NÃO ATENDE","NÃO ATENDE",IF(CG7="NÃO ATENDE","NÃO ATENDE","ATENDE"))) -> ATENDE | BD7: =BG7/AW7-1 -> 0.027 | BE7: =BH7/AX7-1 -> 0.68421053 | BF7: =IF($I7="M6",BI7/AY7-1,"-") -> - | BG7: 30.81 | BH7: 0.64 | BM7: =IF(OR(BN7="NÃO ATENDE",BO7="NÃO ATENDE",BP7="NÃO ATENDE"),"NÃO ATENDE","ATENDE") -> ATENDE | BN7: =IF(BG7>=AW7,"ATENDE",IF(BG7>=0.99*AW7,"ATENDIMENTO LIMIAR","NÃO ATENDE")) -> ATENDE | BO7: =IF(BH7>=AX7,"ATENDE",IF(BH7>=(AX7-0.02),"ATENDIMENTO LIMIAR","NÃO ATENDE")) -> ATENDE | BP7: =IF(AY7="-","ATENDE",IF(BI7>=AY7,"ATENDE",IF(BI7>=(AY7-0.02),"ATENDIMENTO LIMIAR","NÃO ATENDE"))) -> ATENDE | BQ7: =I7 -> C1 | BR7: =K7 -> P6 | BS7: =IF(BT7="-","-",BT7/BV7-1) -> 5.2466667 | BT7: 18.74 | BU7: 0.69 | BV7: =IF(BR7="-","-",_xlfn.XLOOKUP(BR7,ABNT5101!$B$4:$B$9,ABNT5101!$C$4:$C$9)) -> 3 | BW7: =IF(BR7="-","-",_xlfn.XLOOKUP(BR7,ABNT5101!$B$4:$B$9,ABNT5101!$D$4:$D$9)) -> 0.6 | BX7: =IF(BY7="-","-",IF(BY7="NÃO ATENDE","NÃO ATENDE",IF(BZ7="NÃO ATENDE","NÃO ATENDE","ATENDE"))) -> ATENDE | BY7: =IF(BR7="-","-",IF(BT7>=BV7,"ATENDE",IF(BT7>=(BV7*0.99),"ATENDIMENTO LIMIAR","NÃO ATENDE"))) -> ATENDE | BZ7: =IF(BR7="-","-",IF(BU7>=BW7,"ATENDE","NÃO ATENDE")) -> ATENDE | CA7: =BR7 -> P6 | CB7: =IF(CC7="-","-",CC7/CE7-1) -> 3.0033333 | CC7: 12.01 | CD7: 8.72 | CE7: =IF(CA7="-","-",_xlfn.XLOOKUP(CA7,ABNT5101!$B$4:$B$9,ABNT5101!$C$4:$C$9)) -> 3 | CF7: =IF(CA7="-","-",_xlfn.XLOOKUP(CA7,ABNT5101!$B$4:$B$9,ABNT5101!$D$4:$D$9)) -> 0.6 | CG7: =IF(CH7="-","-",IF(CH7="NÃO ATENDE","NÃO ATENDE",IF(CI7="NÃO ATENDE","NÃO ATENDE","ATENDE"))) -> ATENDE | CH7: =IF(CA7="-","-",IF(CC7>=(CE7),"ATENDE",IF(CC7>=(0.99*CE7),"ATENDIMENTO LIMIAR","NÃO ATENDE"))) -> ATENDE | CI7: =IF(CA7="-","-",IF(CD7>=CF7,"ATENDE","NÃO ATENDE")) -> ATENDE | CJ7: =_xlfn.XLOOKUP(CK7,'Banco de dados'!$B:$B,'Banco de dados'!$D:$D) -> TECNOWATT | CK7: SIGMAGPTLRRSMNDL120W_82IBBR | CL7: =_xlfn.XLOOKUP(CK7,'Banco de dados'!$B:$B,'Banco de dados'!$E:$E) -> SIGMAGPTLRRSMNDL120W_82IBBR S1-10C1MUN6.5 | CN7: =IF(CM7="-","-",_xlfn.XLOOKUP(CM7,'Banco de dados'!$B:$B,'Banco de dados'!$E:$E)) -> #N/A | CO7: =AG7 -> 1 | CP7: =_xlfn.XLOOKUP(CK7,'Banco de dados'!$B:$B,'Banco de dados'!$H:$H) -> 120 | CQ7: =_xlfn.XLOOKUP(CM7,'Banco de dados'!$B:$B,'Banco de dados'!$H:$H) -> 0 | CR7: =_xlfn.XLOOKUP(CK7,'Banco de dados'!$B:$B,'Banco de dados'!$F:$F) -> 19640 | CS7: =_xlfn.XLOOKUP(CM7,'Banco de dados'!$B:$B,'Banco de dados'!$F:$F) -> 0 | CT7: 0 | CU7: 10 | CV7: =IF(AI7<=0.5,"Curto I",IF(AND(AI7>='Braços de IP'!$B$9,AI7<='Braços de IP'!$D$9),'Braços de IP'!$E$9,IF(AND(AI7>='Braços de IP'!$B$10,AI7<='Braços de IP'!$D$10),'Braços de IP'!$E$10,IF(AND(AI7>='Braços de IP'!$B$11,AI7<='Braços de IP'!$D$11),'Braços de IP'!$E$11,IF(AND(AI7>='Braços de IP'!$B$12,AI7<='Braços de IP'!$D$12),'Braços de IP'!$E$12,IF(AND(AI7>='Braços de IP'!$B$13,AI7<='Braços de IP'!$D$13),'Braços de IP'!$E$13,IF(AND(AI7>='Braços de IP'!$B$14,AI7<='Braços de IP'!$D$14),'Braços de IP'!$E$14,"ERRO"))))))) -> Curto I | CW7: Longo II | CX7: =IF($CW7="","",VLOOKUP($CW7,'Braços de IP'!$E$9:$I$15,2,0)) -> 3.5 | CY7: =IF($CW7="","",VLOOKUP($CW7,'Braços de IP'!$E$9:$I$15,5,0)) -> 8.5 | DF7: =CP7 -> 120 | DG7: =M7 -> 99 | DH7: =SUM(DF7:DG7)*CO7 -> 219 | DI7: =1-DF7/DG7 -> -0.21212121 | DL7: Sim | DO7: =((M7+N7)-CP7)/(M7+N7) -> -0.21212121
C8: Carol | D8: 1 | E8: PVP | F8: Condominio Maritimo | G8: -29.995958 | H8: -50.194662 | I8: C5 | J8: - | K8: P6 | L8: LED | M8: 50 | N8: 0 | O8: 0 | P8: =M8*AG8*2 -> 100 | Q8: 2 | R8: 1.2 | S8: 5.8 | V8: 0 | W8: 1.2 | X8: 0 | Y8: 0 | Z8: 0 | AA8: 0 | AB8: 0 | AC8: Unilateral | AD8: Braço | AE8: 25.6 | AF8: 8.1 | AG8: 1 | AH8: 0.3 | AI8: 2.5 | AJ8: =AI8-AH8 -> 2.2 | AK8: - | AL8: - | AM8: Não | AN8: =IF(AC8="Unilateral",2*AG8,IF(AC8="Bilateral Alternada",3*AG8,IF(AC8="Bilateral Frontal",4*AG8,IF(AC8="Canteiro Central",2*AG8,"erro")))) -> 2 | AO8: 0 | AP8: 0 | AQ8: 0 | AR8: 0 | AS8: 0 | AT8: - | AU8: =IF(AO8=0,0,IF(AC8="Unilateral",2*AO8,IF(AC8="Bilateral Alternada",3*AO8,IF(AC8="Bilateral Frontal",4*AO8,IF(AC8="Canteiro Central",2*AO8,"erro"))))) -> 0 | AW8: =VLOOKUP(I8,ABNT5101!$I$3:$J$9,2) -> 7.5 | AX8: =VLOOKUP(I8,ABNT5101!$I$3:$M$9,5) -> 0.18 | AY8: =_xlfn.XLOOKUP(I8,ABNT5101!$I:$I,ABNT5101!$L:$L) -> - | AZ8: =_xlfn.XLOOKUP(I8,ABNT5101!$I:$I,ABNT5101!M:M) -> 0.18 | BA8: =_xlfn.XLOOKUP(I8,ABNT5101!$I:$I,ABNT5101!N:N) -> - | BB8: =_xlfn.XLOOKUP(I8,ABNT5101!$I:$I,ABNT5101!O:O) -> 16 | BC8: =IF(BM8="NÃO ATENDE","NÃO ATENDE",IF(BX8="NÃO ATENDE","NÃO ATENDE",IF(CG8="NÃO ATENDE","NÃO ATENDE","ATENDE"))) -> ATENDE | BD8: =BG8/AW8-1 -> 0.14133333 | BE8: =BH8/AX8-1 -> 2.2777778 | BF8: =IF($I8="M6",BI8/AY8-1,"-") -> - | BG8: 8.56 | BH8: 0.59 | BM8: =IF(OR(BN8="NÃO ATENDE",BO8="NÃO ATENDE",BP8="NÃO ATENDE"),"NÃO ATENDE","ATENDE") -> ATENDE | BN8: =IF(BG8>=AW8,"ATENDE",IF(BG8>=0.99*AW8,"ATENDIMENTO LIMIAR","NÃO ATENDE")) -> ATENDE | BO8: =IF(BH8>=AX8,"ATENDE",IF(BH8>=(AX8-0.02),"ATENDIMENTO LIMIAR","NÃO ATENDE")) -> ATENDE | BP8: =IF(AY8="-","ATENDE",IF(BI8>=AY8,"ATENDE",IF(BI8>=(AY8-0.02),"ATENDIMENTO LIMIAR","NÃO ATENDE"))) -> ATENDE | BQ8: =I8 -> C5 | BR8: =K8 -> P6 | BS8: =IF(BT8="-","-",BT8/BV8-1) -> 1.7233333 | BT8: 8.17 | BU8: 5.58 | BV8: =IF(BR8="-","-",_xlfn.XLOOKUP(BR8,ABNT5101!$B$4:$B$9,ABNT5101!$C$4:$C$9)) -> 3 | BW8: =IF(BR8="-","-",_xlfn.XLOOKUP(BR8,ABNT5101!$B$4:$B$9,ABNT5101!$D$4:$D$9)) -> 0.6 | BX8: =IF(BY8="-","-",IF(BY8="NÃO ATENDE","NÃO ATENDE",IF(BZ8="NÃO ATENDE","NÃO ATENDE","ATENDE"))) -> ATENDE | BY8: =IF(BR8="-","-",IF(BT8>=BV8,"ATENDE",IF(BT8>=(BV8*0.99),"ATENDIMENTO LIMIAR","NÃO ATENDE"))) -> ATENDE | BZ8: =IF(BR8="-","-",IF(BU8>=BW8,"ATENDE","NÃO ATENDE")) -> ATENDE | CA8: =BR8 -> P6 | CB8: =IF(CC8="-","-",CC8/CE8-1) -> 1.1666667 | CC8: 6.5 | CD8: 4.38 | CE8: =IF(CA8="-","-",_xlfn.XLOOKUP(CA8,ABNT5101!$B$4:$B$9,ABNT5101!$C$4:$C$9)) -> 3 | CF8: =IF(CA8="-","-",_xlfn.XLOOKUP(CA8,ABNT5101!$B$4:$B$9,ABNT5101!$D$4:$D$9)) -> 0.6 | CG8: =IF(CH8="-","-",IF(CH8="NÃO ATENDE","NÃO ATENDE",IF(CI8="NÃO ATENDE","NÃO ATENDE","ATENDE"))) -> ATENDE | CH8: =IF(CA8="-","-",IF(CC8>=(CE8),"ATENDE",IF(CC8>=(0.99*CE8),"ATENDIMENTO LIMIAR","NÃO ATENDE"))) -> ATENDE | CI8: =IF(CA8="-","-",IF(CD8>=CF8,"ATENDE","NÃO ATENDE")) -> ATENDE | CJ8: =_xlfn.XLOOKUP(CK8,'Banco de dados'!$B:$B,'Banco de dados'!$D:$D) -> LEDSTAR | CK8: SL VT 9.1 28W | CL8: =_xlfn.XLOOKUP(CK8,'Banco de dados'!$B:$B,'Banco de dados'!$E:$E) -> LUM LED SL VT 9.1 28W | CN8: =IF(CM8="-","-",_xlfn.XLOOKUP(CM8,'Banco de dados'!$B:$B,'Banco de dados'!$E:$E)) -> #N/A | CO8: =AG8 -> 1 | CP8: =_xlfn.XLOOKUP(CK8,'Banco de dados'!$B:$B,'Banco de dados'!$H:$H) -> 28 | CQ8: =_xlfn.XLOOKUP(CM8,'Banco de dados'!$B:$B,'Banco de dados'!$H:$H) -> #N/A | CR8: =_xlfn.XLOOKUP(CK8,'Banco de dados'!$B:$B,'Banco de dados'!$F:$F) -> 4927.35 | CS8: =_xlfn.XLOOKUP(CM8,'Banco de dados'!$B:$B,'Banco de dados'!$F:$F) -> 0 | CT8: 0 | CV8: =IF(AI8<=0.5,"Curto I",IF(AND(AI8>='Braços de IP'!$B$9,AI8<='Braços de IP'!$D$9),'Braços de IP'!$E$9,IF(AND(AI8>='Braços de IP'!$B$10,AI8<='Braços de IP'!$D$10),'Braços de IP'!$E$10,IF(AND(AI8>='Braços de IP'!$B$11,AI8<='Braços de IP'!$D$11),'Braços de IP'!$E$11,IF(AND(AI8>='Braços de IP'!$B$12,AI8<='Braços de IP'!$D$12),'Braços de IP'!$E$12,IF(AND(AI8>='Braços de IP'!$B$13,AI8<='Braços de IP'!$D$13),'Braços de IP'!$E$13,IF(AND(AI8>='Braços de IP'!$B$14,AI8<='Braços de IP'!$D$14),'Braços de IP'!$E$14,"ERRO"))))))) -> Médio II | CX8: =IF($CW8="","",VLOOKUP($CW8,'Braços de IP'!$E$9:$I$15,2,0)) | CY8: =IF($CW8="","",VLOOKUP($CW8,'Braços de IP'!$E$9:$I$15,5,0)) | DF8: =CP8 -> 28 | DG8: =M8 -> 50 | DH8: =SUM(DF8:DG8)*CO8 -> 78 | DI8: =1-DF8/DG8 -> 0.44 | DL8: Não | DO8: =((M8+N8)-CP8)/(M8+N8) -> 0.44 | DQ8: Classe | DR8: Quantidade | DS8: %
C9: Carol | D9: 1 | E9: PVP | F9: Condominio Maritimo | G9: -29.995958 | H9: -50.194662 | I9: C5 | J9: - | K9: P6 | L9: LED | M9: 50 | N9: 0 | O9: 0 | P9: =M9*AG9*2 -> 100 | Q9: 2 | R9: 1.2 | S9: 5.8 | V9: 0 | W9: 1.2 | X9: 0 | Y9: 0 | Z9: 0 | AA9: 0 | AB9: 0 | AC9: Unilateral | AD9: Braço | AE9: 25.6 | AF9: 8.1 | AG9: 1 | AH9: 0.3 | AI9: 2.5 | AJ9: =AI9-AH9 -> 2.2 | AK9: - | AL9: - | AM9: Não | AN9: =IF(AC9="Unilateral",2*AG9,IF(AC9="Bilateral Alternada",3*AG9,IF(AC9="Bilateral Frontal",4*AG9,IF(AC9="Canteiro Central",2*AG9,"erro")))) -> 2 | AO9: 0 | AP9: 0 | AQ9: 0 | AR9: 0 | AS9: 0 | AT9: - | AU9: =IF(AO9=0,0,IF(AC9="Unilateral",2*AO9,IF(AC9="Bilateral Alternada",3*AO9,IF(AC9="Bilateral Frontal",4*AO9,IF(AC9="Canteiro Central",2*AO9,"erro"))))) -> 0 | AW9: =VLOOKUP(I9,ABNT5101!$I$3:$J$9,2) -> 7.5 | AX9: =VLOOKUP(I9,ABNT5101!$I$3:$M$9,5) -> 0.18 | AY9: =_xlfn.XLOOKUP(I9,ABNT5101!$I:$I,ABNT5101!$L:$L) -> - | AZ9: =_xlfn.XLOOKUP(I9,ABNT5101!$I:$I,ABNT5101!M:M) -> 0.18 | BA9: =_xlfn.XLOOKUP(I9,ABNT5101!$I:$I,ABNT5101!N:N) -> - | BB9: =_xlfn.XLOOKUP(I9,ABNT5101!$I:$I,ABNT5101!O:O) -> 16 | BC9: =IF(BM9="NÃO ATENDE","NÃO ATENDE",IF(BX9="NÃO ATENDE","NÃO ATENDE",IF(CG9="NÃO ATENDE","NÃO ATENDE","ATENDE"))) -> ATENDE | BD9: =BG9/AW9-1 -> 0.40666667 | BE9: =BH9/AX9-1 -> 3 | BF9: =IF($I9="M6",BI9/AY9-1,"-") -> - | BG9: 10.55 | BH9: 0.72 | BM9: =IF(OR(BN9="NÃO ATENDE",BO9="NÃO ATENDE",BP9="NÃO ATENDE"),"NÃO ATENDE","ATENDE") -> ATENDE | BN9: =IF(BG9>=AW9,"ATENDE",IF(BG9>=0.99*AW9,"ATENDIMENTO LIMIAR","NÃO ATENDE")) -> ATENDE | BO9: =IF(BH9>=AX9,"ATENDE",IF(BH9>=(AX9-0.02),"ATENDIMENTO LIMIAR","NÃO ATENDE")) -> ATENDE | BP9: =IF(AY9="-","ATENDE",IF(BI9>=AY9,"ATENDE",IF(BI9>=(AY9-0.02),"ATENDIMENTO LIMIAR","NÃO ATENDE"))) -> ATENDE | BQ9: =I9 -> C5 | BR9: =K9 -> P6 | BS9: =IF(BT9="-","-",BT9/BV9-1) -> 2.4533333 | BT9: 10.36 | BU9: 9.07 | BV9: =IF(BR9="-","-",_xlfn.XLOOKUP(BR9,ABNT5101!$B$4:$B$9,ABNT5101!$C$4:$C$9)) -> 3 | BW9: =IF(BR9="-","-",_xlfn.XLOOKUP(BR9,ABNT5101!$B$4:$B$9,ABNT5101!$D$4:$D$9)) -> 0.6 | BX9: =IF(BY9="-","-",IF(BY9="NÃO ATENDE","NÃO ATENDE",IF(BZ9="NÃO ATENDE","NÃO ATENDE","ATENDE"))) -> ATENDE | BY9: =IF(BR9="-","-",IF(BT9>=BV9,"ATENDE",IF(BT9>=(BV9*0.99),"ATENDIMENTO LIMIAR","NÃO ATENDE"))) -> ATENDE | BZ9: =IF(BR9="-","-",IF(BU9>=BW9,"ATENDE","NÃO ATENDE")) -> ATENDE | CA9: =BR9 -> P6 | CB9: =IF(CC9="-","-",CC9/CE9-1) -> 1.4666667 | CC9: 7.4 | CD9: 5.84 | CE9: =IF(CA9="-","-",_xlfn.XLOOKUP(CA9,ABNT5101!$B$4:$B$9,ABNT5101!$C$4:$C$9)) -> 3 | CF9: =IF(CA9="-","-",_xlfn.XLOOKUP(CA9,ABNT5101!$B$4:$B$9,ABNT5101!$D$4:$D$9)) -> 0.6 | CG9: =IF(CH9="-","-",IF(CH9="NÃO ATENDE","NÃO ATENDE",IF(CI9="NÃO ATENDE","NÃO ATENDE","ATENDE"))) -> ATENDE | CH9: =IF(CA9="-","-",IF(CC9>=(CE9),"ATENDE",IF(CC9>=(0.99*CE9),"ATENDIMENTO LIMIAR","NÃO ATENDE"))) -> ATENDE | CI9: =IF(CA9="-","-",IF(CD9>=CF9,"ATENDE","NÃO ATENDE")) -> ATENDE | CJ9: =_xlfn.XLOOKUP(CK9,'Banco de dados'!$B:$B,'Banco de dados'!$D:$D) -> SX LIGHTING | CK9: SX-INEVO030HF | CL9: =_xlfn.XLOOKUP(CK9,'Banco de dados'!$B:$B,'Banco de dados'!$E:$E) -> SXINEVO030K40L12CZF7PHF | CN9: =IF(CM9="-","-",_xlfn.XLOOKUP(CM9,'Banco de dados'!$B:$B,'Banco de dados'!$E:$E)) -> #N/A | CO9: =AG9 -> 1 | CP9: =_xlfn.XLOOKUP(CK9,'Banco de dados'!$B:$B,'Banco de dados'!$H:$H) -> 31 | CQ9: =_xlfn.XLOOKUP(CM9,'Banco de dados'!$B:$B,'Banco de dados'!$H:$H) -> 0 | CR9: =_xlfn.XLOOKUP(CK9,'Banco de dados'!$B:$B,'Banco de dados'!$F:$F) -> 5270 | CS9: =_xlfn.XLOOKUP(CM9,'Banco de dados'!$B:$B,'Banco de dados'!$F:$F) -> 0 | CT9: 0 | CV9: =IF(AI9<=0.5,"Curto I",IF(AND(AI9>='Braços de IP'!$B$9,AI9<='Braços de IP'!$D$9),'Braços de IP'!$E$9,IF(AND(AI9>='Braços de IP'!$B$10,AI9<='Braços de IP'!$D$10),'Braços de IP'!$E$10,IF(AND(AI9>='Braços de IP'!$B$11,AI9<='Braços de IP'!$D$11),'Braços de IP'!$E$11,IF(AND(AI9>='Braços de IP'!$B$12,AI9<='Braços de IP'!$D$12),'Braços de IP'!$E$12,IF(AND(AI9>='Braços de IP'!$B$13,AI9<='Braços de IP'!$D$13),'Braços de IP'!$E$13,IF(AND(AI9>='Braços de IP'!$B$14,AI9<='Braços de IP'!$D$14),'Braços de IP'!$E$14,"ERRO"))))))) -> Médio II | CX9: =IF($CW9="","",VLOOKUP($CW9,'Braços de IP'!$E$9:$I$15,2,0)) | CY9: =IF($CW9="","",VLOOKUP($CW9,'Braços de IP'!$E$9:$I$15,5,0)) | DF9: =CP9 -> 31 | DG9: =M9 -> 50 | DH9: =SUM(DF9:DG9)*CO9 -> 81 | DI9: =1-DF9/DG9 -> 0.38 | DL9: Não | DO9: =((M9+N9)-CP9)/(M9+N9) -> 0.38 | DQ9: Classe | DR9: Quantidade | DS9: %
C10: Carol | D10: 1 | E10: PVP | F10: Condominio Maritimo | G10: -29.995958 | H10: -50.194662 | I10: C5 | J10: - | K10: P6 | L10: LED | M10: 50 | N10: 0 | O10: 0 | P10: =M10*AG10*2 -> 100 | Q10: 2 | R10: 1.2 | S10: 5.8 | V10: 0 | W10: 1.2 | X10: 0 | Y10: 0 | Z10: 0 | AA10: 0 | AB10: 0 | AC10: Unilateral | AD10: Braço | AE10: 25.6 | AF10: 8.1 | AG10: 1 | AH10: 0.3 | AI10: 2.5 | AJ10: =AI10-AH10 -> 2.2 | AK10: - | AL10: - | AM10: Não | AN10: =IF(AC10="Unilateral",2*AG10,IF(AC10="Bilateral Alternada",3*AG10,IF(AC10="Bilateral Frontal",4*AG10,IF(AC10="Canteiro Central",2*AG10,"erro")))) -> 2 | AO10: 0 | AP10: 0 | AQ10: 0 | AR10: 0 | AS10: 0 | AT10: - | AU10: =IF(AO10=0,0,IF(AC10="Unilateral",2*AO10,IF(AC10="Bilateral Alternada",3*AO10,IF(AC10="Bilateral Frontal",4*AO10,IF(AC10="Canteiro Central",2*AO10,"erro"))))) -> 0 | AW10: =VLOOKUP(I10,ABNT5101!$I$3:$J$9,2) -> 7.5 | AX10: =VLOOKUP(I10,ABNT5101!$I$3:$M$9,5) -> 0.18 | AY10: =_xlfn.XLOOKUP(I10,ABNT5101!$I:$I,ABNT5101!$L:$L) -> - | AZ10: =_xlfn.XLOOKUP(I10,ABNT5101!$I:$I,ABNT5101!M:M) -> 0.18 | BA10: =_xlfn.XLOOKUP(I10,ABNT5101!$I:$I,ABNT5101!N:N) -> - | BB10: =_xlfn.XLOOKUP(I10,ABNT5101!$I:$I,ABNT5101!O:O) -> 16 | BC10: =IF(BM10="NÃO ATENDE","NÃO ATENDE",IF(BX10="NÃO ATENDE","NÃO ATENDE",IF(CG10="NÃO ATENDE","NÃO ATENDE","ATENDE"))) -> ATENDE | BD10: =BG10/AW10-1 -> 0.428 | BE10: =BH10/AX10-1 -> 2.7777778 | BF10: =IF($I10="M6",BI10/AY10-1,"-") -> - | BG10: 10.71 | BH10: 0.68 | BM10: =IF(OR(BN10="NÃO ATENDE",BO10="NÃO ATENDE",BP10="NÃO ATENDE"),"NÃO ATENDE","ATENDE") -> ATENDE | BN10: =IF(BG10>=AW10,"ATENDE",IF(BG10>=0.99*AW10,"ATENDIMENTO LIMIAR","NÃO ATENDE")) -> ATENDE | BO10: =IF(BH10>=AX10,"ATENDE",IF(BH10>=(AX10-0.02),"ATENDIMENTO LIMIAR","NÃO ATENDE")) -> ATENDE | BP10: =IF(AY10="-","ATENDE",IF(BI10>=AY10,"ATENDE",IF(BI10>=(AY10-0.02),"ATENDIMENTO LIMIAR","NÃO ATENDE"))) -> ATENDE | BQ10: =I10 -> C5 | BR10: =K10 -> P6 | BS10: =IF(BT10="-","-",BT10/BV10-1) -> 2.3166667 | BT10: 9.95 | BU10: 8.58 | BV10: =IF(BR10="-","-",_xlfn.XLOOKUP(BR10,ABNT5101!$B$4:$B$9,ABNT5101!$C$4:$C$9)) -> 3 | BW10: =IF(BR10="-","-",_xlfn.XLOOKUP(BR10,ABNT5101!$B$4:$B$9,ABNT5101!$D$4:$D$9)) -> 0.6 | BX10: =IF(BY10="-","-",IF(BY10="NÃO ATENDE","NÃO ATENDE",IF(BZ10="NÃO ATENDE","NÃO ATENDE","ATENDE"))) -> ATENDE | BY10: =IF(BR10="-","-",IF(BT10>=BV10,"ATENDE",IF(BT10>=(BV10*0.99),"ATENDIMENTO LIMIAR","NÃO ATENDE"))) -> ATENDE | BZ10: =IF(BR10="-","-",IF(BU10>=BW10,"ATENDE","NÃO ATENDE")) -> ATENDE | CA10: =BR10 -> P6 | CB10: =IF(CC10="-","-",CC10/CE10-1) -> 1.4833333 | CC10: 7.45 | CD10: 5.83 | CE10: =IF(CA10="-","-",_xlfn.XLOOKUP(CA10,ABNT5101!$B$4:$B$9,ABNT5101!$C$4:$C$9)) -> 3 | CF10: =IF(CA10="-","-",_xlfn.XLOOKUP(CA10,ABNT5101!$B$4:$B$9,ABNT5101!$D$4:$D$9)) -> 0.6 | CG10: =IF(CH10="-","-",IF(CH10="NÃO ATENDE","NÃO ATENDE",IF(CI10="NÃO ATENDE","NÃO ATENDE","ATENDE"))) -> ATENDE | CH10: =IF(CA10="-","-",IF(CC10>=(CE10),"ATENDE",IF(CC10>=(0.99*CE10),"ATENDIMENTO LIMIAR","NÃO ATENDE"))) -> ATENDE | CI10: =IF(CA10="-","-",IF(CD10>=CF10,"ATENDE","NÃO ATENDE")) -> ATENDE | CJ10: =_xlfn.XLOOKUP(CK10,'Banco de dados'!$B:$B,'Banco de dados'!$D:$D) -> TECNOWATT | CK10: SIGSAGPTLRRSSNDL_30W_38IBBRS | CL10: =_xlfn.XLOOKUP(CK10,'Banco de dados'!$B:$B,'Banco de dados'!$E:$E) -> SIGSAGPTLRRSSNDL_30W_38IBBRS 1-10C1MUN6.5 | CN10: =IF(CM10="-","-",_xlfn.XLOOKUP(CM10,'Banco de dados'!$B:$B,'Banco de dados'!$E:$E)) -> #N/A | CO10: =AG10 -> 1 | CP10: =_xlfn.XLOOKUP(CK10,'Banco de dados'!$B:$B,'Banco de dados'!$H:$H) -> 30 | CQ10: =_xlfn.XLOOKUP(CM10,'Banco de dados'!$B:$B,'Banco de dados'!$H:$H) -> 0 | CR10: =_xlfn.XLOOKUP(CK10,'Banco de dados'!$B:$B,'Banco de dados'!$F:$F) -> 5266 | CS10: =_xlfn.XLOOKUP(CM10,'Banco de dados'!$B:$B,'Banco de dados'!$F:$F) -> 0 | CT10: 0 | CV10: =IF(AI10<=0.5,"Curto I",IF(AND(AI10>='Braços de IP'!$B$9,AI10<='Braços de IP'!$D$9),'Braços de IP'!$E$9,IF(AND(AI10>='Braços de IP'!$B$10,AI10<='Braços de IP'!$D$10),'Braços de IP'!$E$10,IF(AND(AI10>='Braços de IP'!$B$11,AI10<='Braços de IP'!$D$11),'Braços de IP'!$E$11,IF(AND(AI10>='Braços de IP'!$B$12,AI10<='Braços de IP'!$D$12),'Braços de IP'!$E$12,IF(AND(AI10>='Braços de IP'!$B$13,AI10<='Braços de IP'!$D$13),'Braços de IP'!$E$13,IF(AND(AI10>='Braços de IP'!$B$14,AI10<='Braços de IP'!$D$14),'Braços de IP'!$E$14,"ERRO"))))))) -> Médio II | CX10: =IF($CW10="","",VLOOKUP($CW10,'Braços de IP'!$E$9:$I$15,2,0)) | CY10: =IF($CW10="","",VLOOKUP($CW10,'Braços de IP'!$E$9:$I$15,5,0)) | DF10: =CP10 -> 30 | DG10: =M10 -> 50 | DH10: =SUM(DF10:DG10)*CO10 -> 80 | DI10: =1-DF10/DG10 -> 0.4 | DL10: Não | DO10: =((M10+N10)-CP10)/(M10+N10) -> 0.4 | DQ10: Classe | DR10: Quantidade | DS10: %
C11: Carol | D11: 2 | E11: PVP | F11: Marina Park Residence | G11: -29.997438 | H11: -50.185203 | I11: C5 | J11: - | K11: P6 | L11: LED | M11: 50 | N11: 0 | O11: 0 | P11: =M11*AG11*2 -> 100 | Q11: 2 | R11: 3 | S11: 7 | V11: 0 | W11: 3 | X11: 0 | Y11: 0 | Z11: 0 | AA11: 0 | AB11: 0 | AC11: Unilateral | AD11: Braço | AE11: 33.9 | AF11: 6.8 | AG11: 1 | AH11: 0.2 | AI11: 1.3 | AJ11: =AI11-AH11 -> 1.1 | AK11: - | AL11: - | AM11: Não | AN11: =IF(AC11="Unilateral",2*AG11,IF(AC11="Bilateral Alternada",3*AG11,IF(AC11="Bilateral Frontal",4*AG11,IF(AC11="Canteiro Central",2*AG11,"erro")))) -> 2 | AO11: 0 | AP11: 0 | AQ11: 0 | AR11: 0 | AS11: 0 | AT11: - | AU11: =IF(AO11=0,0,IF(AC11="Unilateral",2*AO11,IF(AC11="Bilateral Alternada",3*AO11,IF(AC11="Bilateral Frontal",4*AO11,IF(AC11="Canteiro Central",2*AO11,"erro"))))) -> 0 | AW11: =VLOOKUP(I11,ABNT5101!$I$3:$J$9,2) -> 7.5 | AX11: =VLOOKUP(I11,ABNT5101!$I$3:$M$9,5) -> 0.18 | AY11: =_xlfn.XLOOKUP(I11,ABNT5101!$I:$I,ABNT5101!$L:$L) -> - | AZ11: =_xlfn.XLOOKUP(I11,ABNT5101!$I:$I,ABNT5101!M:M) -> 0.18 | BA11: =_xlfn.XLOOKUP(I11,ABNT5101!$I:$I,ABNT5101!N:N) -> - | BB11: =_xlfn.XLOOKUP(I11,ABNT5101!$I:$I,ABNT5101!O:O) -> 16 | BC11: =IF(BM11="NÃO ATENDE","NÃO ATENDE",IF(BX11="NÃO ATENDE","NÃO ATENDE",IF(CG11="NÃO ATENDE","NÃO ATENDE","ATENDE"))) -> ATENDE | BD11: =BG11/AW11-1 -> 0.26266667 | BE11: =BH11/AX11-1 -> 1.0555556 | BF11: =IF($I11="M6",BI11/AY11-1,"-") -> - | BG11: 9.47 | BH11: 0.37 | BM11: =IF(OR(BN11="NÃO ATENDE",BO11="NÃO ATENDE",BP11="NÃO ATENDE"),"NÃO ATENDE","ATENDE") -> ATENDE | BN11: =IF(BG11>=AW11,"ATENDE",IF(BG11>=0.99*AW11,"ATENDIMENTO LIMIAR","NÃO ATENDE")) -> ATENDE | BO11: =IF(BH11>=AX11,"ATENDE",IF(BH11>=(AX11-0.02),"ATENDIMENTO LIMIAR","NÃO ATENDE")) -> ATENDE | BP11: =IF(AY11="-","ATENDE",IF(BI11>=AY11,"ATENDE",IF(BI11>=(AY11-0.02),"ATENDIMENTO LIMIAR","NÃO ATENDE"))) -> ATENDE | BQ11: =I11 -> C5 | BR11: =K11 -> P6 | BS11: =IF(BT11="-","-",BT11/BV11-1) -> 1.3033333 | BT11: 6.91 | BU11: 2.18 | BV11: =IF(BR11="-","-",_xlfn.XLOOKUP(BR11,ABNT5101!$B$4:$B$9,ABNT5101!$C$4:$C$9)) -> 3 | BW11: =IF(BR11="-","-",_xlfn.XLOOKUP(BR11,ABNT5101!$B$4:$B$9,ABNT5101!$D$4:$D$9)) -> 0.6 | BX11: =IF(BY11="-","-",IF(BY11="NÃO ATENDE","NÃO ATENDE",IF(BZ11="NÃO ATENDE","NÃO ATENDE","ATENDE"))) -> ATENDE | BY11: =IF(BR11="-","-",IF(BT11>=BV11,"ATENDE",IF(BT11>=(BV11*0.99),"ATENDIMENTO LIMIAR","NÃO ATENDE"))) -> ATENDE | BZ11: =IF(BR11="-","-",IF(BU11>=BW11,"ATENDE","NÃO ATENDE")) -> ATENDE | CA11: =BR11 -> P6 | CB11: =IF(CC11="-","-",CC11/CE11-1) -> 0.67333333 | CC11: 5.02 | CD11: 2.09 | CE11: =IF(CA11="-","-",_xlfn.XLOOKUP(CA11,ABNT5101!$B$4:$B$9,ABNT5101!$C$4:$C$9)) -> 3 | CF11: =IF(CA11="-","-",_xlfn.XLOOKUP(CA11,ABNT5101!$B$4:$B$9,ABNT5101!$D$4:$D$9)) -> 0.6 | CG11: =IF(CH11="-","-",IF(CH11="NÃO ATENDE","NÃO ATENDE",IF(CI11="NÃO ATENDE","NÃO ATENDE","ATENDE"))) -> ATENDE | CH11: =IF(CA11="-","-",IF(CC11>=(CE11),"ATENDE",IF(CC11>=(0.99*CE11),"ATENDIMENTO LIMIAR","NÃO ATENDE"))) -> ATENDE | CI11: =IF(CA11="-","-",IF(CD11>=CF11,"ATENDE","NÃO ATENDE")) -> ATENDE | CJ11: =_xlfn.XLOOKUP(CK11,'Banco de dados'!$B:$B,'Banco de dados'!$D:$D) -> LEDSTAR | CK11: SL VT 9.1 35W | CL11: =_xlfn.XLOOKUP(CK11,'Banco de dados'!$B:$B,'Banco de dados'!$E:$E) -> LUM LED SL VT 9.1 35W | CN11: =IF(CM11="-","-",_xlfn.XLOOKUP(CM11,'Banco de dados'!$B:$B,'Banco de dados'!$E:$E)) -> #N/A | CO11: =AG11 -> 1 | CP11: =_xlfn.XLOOKUP(CK11,'Banco de dados'!$B:$B,'Banco de dados'!$H:$H) -> 35 | CQ11: =_xlfn.XLOOKUP(CM11,'Banco de dados'!$B:$B,'Banco de dados'!$H:$H) -> #N/A | CR11: =_xlfn.XLOOKUP(CK11,'Banco de dados'!$B:$B,'Banco de dados'!$F:$F) -> 5955.62 | CS11: =_xlfn.XLOOKUP(CM11,'Banco de dados'!$B:$B,'Banco de dados'!$F:$F) -> 0 | CT11: 0 | CV11: =IF(AI11<=0.5,"Curto I",IF(AND(AI11>='Braços de IP'!$B$9,AI11<='Braços de IP'!$D$9),'Braços de IP'!$E$9,IF(AND(AI11>='Braços de IP'!$B$10,AI11<='Braços de IP'!$D$10),'Braços de IP'!$E$10,IF(AND(AI11>='Braços de IP'!$B$11,AI11<='Braços de IP'!$D$11),'Braços de IP'!$E$11,IF(AND(AI11>='Braços de IP'!$B$12,AI11<='Braços de IP'!$D$12),'Braços de IP'!$E$12,IF(AND(AI11>='Braços de IP'!$B$13,AI11<='Braços de IP'!$D$13),'Braços de IP'!$E$13,IF(AND(AI11>='Braços de IP'!$B$14,AI11<='Braços de IP'!$D$14),'Braços de IP'!$E$14,"ERRO"))))))) -> Curto II | CX11: =IF($CW11="","",VLOOKUP($CW11,'Braços de IP'!$E$9:$I$15,2,0)) | CY11: =IF($CW11="","",VLOOKUP($CW11,'Braços de IP'!$E$9:$I$15,5,0)) | DF11: =CP11 -> 35 | DG11: =M11 -> 50 | DH11: =SUM(DF11:DG11)*CO11 -> 85 | DI11: =1-DF11/DG11 -> 0.3 | DL11: Não | DO11: =((M11+N11)-CP11)/(M11+N11) -> 0.3 | DQ11: Classe | DR11: Quantidade | DS11: %
C12: Carol | D12: 2 | E12: PVP | F12: Marina Park Residence | G12: -29.997438 | H12: -50.185203 | I12: C5 | J12: - | K12: P6 | L12: LED | M12: 50 | N12: 0 | O12: 0 | P12: =M12*AG12*2 -> 100 | Q12: 2 | R12: 3 | S12: 7 | V12: 0 | W12: 3 | X12: 0 | Y12: 0 | Z12: 0 | AA12: 0 | AB12: 0 | AC12: Unilateral | AD12: Braço | AE12: 33.9 | AF12: 6.8 | AG12: 1 | AH12: 0.2 | AI12: 1.3 | AJ12: =AI12-AH12 -> 1.1 | AK12: - | AL12: - | AM12: Não | AN12: =IF(AC12="Unilateral",2*AG12,IF(AC12="Bilateral Alternada",3*AG12,IF(AC12="Bilateral Frontal",4*AG12,IF(AC12="Canteiro Central",2*AG12,"erro")))) -> 2 | AO12: 0 | AP12: 0 | AQ12: 0 | AR12: 0 | AS12: 0 | AT12: - | AU12: =IF(AO12=0,0,IF(AC12="Unilateral",2*AO12,IF(AC12="Bilateral Alternada",3*AO12,IF(AC12="Bilateral Frontal",4*AO12,IF(AC12="Canteiro Central",2*AO12,"erro"))))) -> 0 | AW12: =VLOOKUP(I12,ABNT5101!$I$3:$J$9,2) -> 7.5 | AX12: =VLOOKUP(I12,ABNT5101!$I$3:$M$9,5) -> 0.18 | AY12: =_xlfn.XLOOKUP(I12,ABNT5101!$I:$I,ABNT5101!$L:$L) -> - | AZ12: =_xlfn.XLOOKUP(I12,ABNT5101!$I:$I,ABNT5101!M:M) -> 0.18 | BA12: =_xlfn.XLOOKUP(I12,ABNT5101!$I:$I,ABNT5101!N:N) -> - | BB12: =_xlfn.XLOOKUP(I12,ABNT5101!$I:$I,ABNT5101!O:O) -> 16 | BC12: =IF(BM12="NÃO ATENDE","NÃO ATENDE",IF(BX12="NÃO ATENDE","NÃO ATENDE",IF(CG12="NÃO ATENDE","NÃO ATENDE","ATENDE"))) -> ATENDE | BD12: =BG12/AW12-1 -> 0.21866667 | BE12: =BH12/AX12-1 -> 1.0555556 | BF12: =IF($I12="M6",BI12/AY12-1,"-") -> - | BG12: 9.14 | BH12: 0.37 | BM12: =IF(OR(BN12="NÃO ATENDE",BO12="NÃO ATENDE",BP12="NÃO ATENDE"),"NÃO ATENDE","ATENDE") -> ATENDE | BN12: =IF(BG12>=AW12,"ATENDE",IF(BG12>=0.99*AW12,"ATENDIMENTO LIMIAR","NÃO ATENDE")) -> ATENDE | BO12: =IF(BH12>=AX12,"ATENDE",IF(BH12>=(AX12-0.02),"ATENDIMENTO LIMIAR","NÃO ATENDE")) -> ATENDE | BP12: =IF(AY12="-","ATENDE",IF(BI12>=AY12,"ATENDE",IF(BI12>=(AY12-0.02),"ATENDIMENTO LIMIAR","NÃO ATENDE"))) -> ATENDE | BQ12: =I12 -> C5 | BR12: =K12 -> P6 | BS12: =IF(BT12="-","-",BT12/BV12-1) -> 1.0633333 | BT12: 6.19 | BU12: 1.1 | BV12: =IF(BR12="-","-",_xlfn.XLOOKUP(BR12,ABNT5101!$B$4:$B$9,ABNT5101!$C$4:$C$9)) -> 3 | BW12: =IF(BR12="-","-",_xlfn.XLOOKUP(BR12,ABNT5101!$B$4:$B$9,ABNT5101!$D$4:$D$9)) -> 0.6 | BX12: =IF(BY12="-","-",IF(BY12="NÃO ATENDE","NÃO ATENDE",IF(BZ12="NÃO ATENDE","NÃO ATENDE","ATENDE"))) -> ATENDE | BY12: =IF(BR12="-","-",IF(BT12>=BV12,"ATENDE",IF(BT12>=(BV12*0.99),"ATENDIMENTO LIMIAR","NÃO ATENDE"))) -> ATENDE | BZ12: =IF(BR12="-","-",IF(BU12>=BW12,"ATENDE","NÃO ATENDE")) -> ATENDE | CA12: =BR12 -> P6 | CB12: =IF(CC12="-","-",CC12/CE12-1) -> 0.34 | CC12: 4.02 | CD12: 1.7 | CE12: =IF(CA12="-","-",_xlfn.XLOOKUP(CA12,ABNT5101!$B$4:$B$9,ABNT5101!$C$4:$C$9)) -> 3 | CF12: =IF(CA12="-","-",_xlfn.XLOOKUP(CA12,ABNT5101!$B$4:$B$9,ABNT5101!$D$4:$D$9)) -> 0.6 | CG12: =IF(CH12="-","-",IF(CH12="NÃO ATENDE","NÃO ATENDE",IF(CI12="NÃO ATENDE","NÃO ATENDE","ATENDE"))) -> ATENDE | CH12: =IF(CA12="-","-",IF(CC12>=(CE12),"ATENDE",IF(CC12>=(0.99*CE12),"ATENDIMENTO LIMIAR","NÃO ATENDE"))) -> ATENDE | CI12: =IF(CA12="-","-",IF(CD12>=CF12,"ATENDE","NÃO ATENDE")) -> ATENDE | CJ12: =_xlfn.XLOOKUP(CK12,'Banco de dados'!$B:$B,'Banco de dados'!$D:$D) -> SX LIGHTING | CK12: SX-INEVO030HF | CL12: =_xlfn.XLOOKUP(CK12,'Banco de dados'!$B:$B,'Banco de dados'!$E:$E) -> SXINEVO030K40L12CZF7PHF | CN12: =IF(CM12="-","-",_xlfn.XLOOKUP(CM12,'Banco de dados'!$B:$B,'Banco de dados'!$E:$E)) -> #N/A | CO12: =AG12 -> 1 | CP12: =_xlfn.XLOOKUP(CK12,'Banco de dados'!$B:$B,'Banco de dados'!$H:$H) -> 31 | CQ12: =_xlfn.XLOOKUP(CM12,'Banco de dados'!$B:$B,'Banco de dados'!$H:$H) -> #N/A | CR12: =_xlfn.XLOOKUP(CK12,'Banco de dados'!$B:$B,'Banco de dados'!$F:$F) -> 5270 | CS12: =_xlfn.XLOOKUP(CM12,'Banco de dados'!$B:$B,'Banco de dados'!$F:$F) -> 0 | CT12: 0 | CV12: =IF(AI12<=0.5,"Curto I",IF(AND(AI12>='Braços de IP'!$B$9,AI12<='Braços de IP'!$D$9),'Braços de IP'!$E$9,IF(AND(AI12>='Braços de IP'!$B$10,AI12<='Braços de IP'!$D$10),'Braços de IP'!$E$10,IF(AND(AI12>='Braços de IP'!$B$11,AI12<='Braços de IP'!$D$11),'Braços de IP'!$E$11,IF(AND(AI12>='Braços de IP'!$B$12,AI12<='Braços de IP'!$D$12),'Braços de IP'!$E$12,IF(AND(AI12>='Braços de IP'!$B$13,AI12<='Braços de IP'!$D$13),'Braços de IP'!$E$13,IF(AND(AI12>='Braços de IP'!$B$14,AI12<='Braços de IP'!$D$14),'Braços de IP'!$E$14,"ERRO"))))))) -> Curto II | CX12: =IF($CW12="","",VLOOKUP($CW12,'Braços de IP'!$E$9:$I$15,2,0)) | CY12: =IF($CW12="","",VLOOKUP($CW12,'Braços de IP'!$E$9:$I$15,5,0)) | DF12: =CP12 -> 31 | DG12: =M12 -> 50 | DH12: =SUM(DF12:DG12)*CO12 -> 81 | DI12: =1-DF12/DG12 -> 0.38 | DL12: Não | DO12: =((M12+N12)-CP12)/(M12+N12) -> 0.38 | DQ12: Classe | DR12: Quantidade | DS12: %
C13: Carol | D13: 2 | E13: PVP | F13: Marina Park Residence | G13: -29.997438 | H13: -50.185203 | I13: C5 | J13: - | K13: P6 | L13: LED | M13: 50 | N13: 0 | O13: 0 | P13: =M13*AG13*2 -> 100 | Q13: 2 | R13: 3 | S13: 7 | V13: 0 | W13: 3 | X13: 0 | Y13: 0 | Z13: 0 | AA13: 0 | AB13: 0 | AC13: Unilateral | AD13: Braço | AE13: 33.9 | AF13: 6.8 | AG13: 1 | AH13: 0.2 | AI13: 1.3 | AJ13: =AI13-AH13 -> 1.1 | AK13: - | AL13: - | AM13: Não | AN13: =IF(AC13="Unilateral",2*AG13,IF(AC13="Bilateral Alternada",3*AG13,IF(AC13="Bilateral Frontal",4*AG13,IF(AC13="Canteiro Central",2*AG13,"erro")))) -> 2 | AO13: 0 | AP13: 0 | AQ13: 0 | AR13: 0 | AS13: 0 | AT13: - | AU13: =IF(AO13=0,0,IF(AC13="Unilateral",2*AO13,IF(AC13="Bilateral Alternada",3*AO13,IF(AC13="Bilateral Frontal",4*AO13,IF(AC13="Canteiro Central",2*AO13,"erro"))))) -> 0 | AW13: =VLOOKUP(I13,ABNT5101!$I$3:$J$9,2) -> 7.5 | AX13: =VLOOKUP(I13,ABNT5101!$I$3:$M$9,5) -> 0.18 | AY13: =_xlfn.XLOOKUP(I13,ABNT5101!$I:$I,ABNT5101!$L:$L) -> - | AZ13: =_xlfn.XLOOKUP(I13,ABNT5101!$I:$I,ABNT5101!M:M) -> 0.18 | BA13: =_xlfn.XLOOKUP(I13,ABNT5101!$I:$I,ABNT5101!N:N) -> - | BB13: =_xlfn.XLOOKUP(I13,ABNT5101!$I:$I,ABNT5101!O:O) -> 16 | BC13: =IF(BM13="NÃO ATENDE","NÃO ATENDE",IF(BX13="NÃO ATENDE","NÃO ATENDE",IF(CG13="NÃO ATENDE","NÃO ATENDE","ATENDE"))) -> ATENDE | BD13: =BG13/AW13-1 -> 0.2 | BE13: =BH13/AX13-1 -> 1.5555556 | BF13: =IF($I13="M6",BI13/AY13-1,"-") -> - | BG13: 9 | BH13: 0.46 | BM13: =IF(OR(BN13="NÃO ATENDE",BO13="NÃO ATENDE",BP13="NÃO ATENDE"),"NÃO ATENDE","ATENDE") -> ATENDE | BN13: =IF(BG13>=AW13,"ATENDE",IF(BG13>=0.99*AW13,"ATENDIMENTO LIMIAR","NÃO ATENDE")) -> ATENDE | BO13: =IF(BH13>=AX13,"ATENDE",IF(BH13>=(AX13-0.02),"ATENDIMENTO LIMIAR","NÃO ATENDE")) -> ATENDE | BP13: =IF(AY13="-","ATENDE",IF(BI13>=AY13,"ATENDE",IF(BI13>=(AY13-0.02),"ATENDIMENTO LIMIAR","NÃO ATENDE"))) -> ATENDE | BQ13: =I13 -> C5 | BR13: =K13 -> P6 | BS13: =IF(BT13="-","-",BT13/BV13-1) -> 1.11 | BT13: 6.33 | BU13: 2.47 | BV13: =IF(BR13="-","-",_xlfn.XLOOKUP(BR13,ABNT5101!$B$4:$B$9,ABNT5101!$C$4:$C$9)) -> 3 | BW13: =IF(BR13="-","-",_xlfn.XLOOKUP(BR13,ABNT5101!$B$4:$B$9,ABNT5101!$D$4:$D$9)) -> 0.6 | BX13: =IF(BY13="-","-",IF(BY13="NÃO ATENDE","NÃO ATENDE",IF(BZ13="NÃO ATENDE","NÃO ATENDE","ATENDE"))) -> ATENDE | BY13: =IF(BR13="-","-",IF(BT13>=BV13,"ATENDE",IF(BT13>=(BV13*0.99),"ATENDIMENTO LIMIAR","NÃO ATENDE"))) -> ATENDE | BZ13: =IF(BR13="-","-",IF(BU13>=BW13,"ATENDE","NÃO ATENDE")) -> ATENDE | CA13: =BR13 -> P6 | CB13: =IF(CC13="-","-",CC13/CE13-1) -> 0.27 | CC13: 3.81 | CD13: 2.27 | CE13: =IF(CA13="-","-",_xlfn.XLOOKUP(CA13,ABNT5101!$B$4:$B$9,ABNT5101!$C$4:$C$9)) -> 3 | CF13: =IF(CA13="-","-",_xlfn.XLOOKUP(CA13,ABNT5101!$B$4:$B$9,ABNT5101!$D$4:$D$9)) -> 0.6 | CG13: =IF(CH13="-","-",IF(CH13="NÃO ATENDE","NÃO ATENDE",IF(CI13="NÃO ATENDE","NÃO ATENDE","ATENDE"))) -> ATENDE | CH13: =IF(CA13="-","-",IF(CC13>=(CE13),"ATENDE",IF(CC13>=(0.99*CE13),"ATENDIMENTO LIMIAR","NÃO ATENDE"))) -> ATENDE | CI13: =IF(CA13="-","-",IF(CD13>=CF13,"ATENDE","NÃO ATENDE")) -> ATENDE | CJ13: =_xlfn.XLOOKUP(CK13,'Banco de dados'!$B:$B,'Banco de dados'!$D:$D) -> TECNOWATT | CK13: SIGSAGPTLRRSSNDL_30W_38IBBRS | CL13: =_xlfn.XLOOKUP(CK13,'Banco de dados'!$B:$B,'Banco de dados'!$E:$E) -> SIGSAGPTLRRSSNDL_30W_38IBBRS 1-10C1MUN6.5 | CN13: =IF(CM13="-","-",_xlfn.XLOOKUP(CM13,'Banco de dados'!$B:$B,'Banco de dados'!$E:$E)) -> #N/A | CO13: =AG13 -> 1 | CP13: =_xlfn.XLOOKUP(CK13,'Banco de dados'!$B:$B,'Banco de dados'!$H:$H) -> 30 | CQ13: =_xlfn.XLOOKUP(CM13,'Banco de dados'!$B:$B,'Banco de dados'!$H:$H) -> #N/A | CR13: =_xlfn.XLOOKUP(CK13,'Banco de dados'!$B:$B,'Banco de dados'!$F:$F) -> 5266 | CS13: =_xlfn.XLOOKUP(CM13,'Banco de dados'!$B:$B,'Banco de dados'!$F:$F) -> 0 | CT13: 0 | CV13: =IF(AI13<=0.5,"Curto I",IF(AND(AI13>='Braços de IP'!$B$9,AI13<='Braços de IP'!$D$9),'Braços de IP'!$E$9,IF(AND(AI13>='Braços de IP'!$B$10,AI13<='Braços de IP'!$D$10),'Braços de IP'!$E$10,IF(AND(AI13>='Braços de IP'!$B$11,AI13<='Braços de IP'!$D$11),'Braços de IP'!$E$11,IF(AND(AI13>='Braços de IP'!$B$12,AI13<='Braços de IP'!$D$12),'Braços de IP'!$E$12,IF(AND(AI13>='Braços de IP'!$B$13,AI13<='Braços de IP'!$D$13),'Braços de IP'!$E$13,IF(AND(AI13>='Braços de IP'!$B$14,AI13<='Braços de IP'!$D$14),'Braços de IP'!$E$14,"ERRO"))))))) -> Curto II | CX13: =IF($CW13="","",VLOOKUP($CW13,'Braços de IP'!$E$9:$I$15,2,0)) | CY13: =IF($CW13="","",VLOOKUP($CW13,'Braços de IP'!$E$9:$I$15,5,0)) | DF13: =CP13 -> 30 | DG13: =M13 -> 50 | DH13: =SUM(DF13:DG13)*CO13 -> 80 | DI13: =1-DF13/DG13 -> 0.4 | DL13: Não | DO13: =((M13+N13)-CP13)/(M13+N13) -> 0.4 | DQ13: Classe | DR13: Quantidade | DS13: %
B14: Corrigida | C14: Carol | D14: 3 | E14: VP | F14: Avenida Central Jardim do Eden, 497 | G14: -30.069249 | H14: -50.164009 | I14: C5 | J14: - | K14: P6 | L14: Vapor de sódio | M14: 250 | N14: 30 | O14: 0 | P14: =M14*AG14*2 -> 1000 | Q14: 2 | R14: 0 | S14: 7 | V14: 0 | W14: 3 | X14: 7.5 | Y14: 0 | Z14: 0 | AA14: 0 | AB14: 0 | AC14: Canteiro central | AD14: Braço | AE14: 35.3 | AF14: 7 | AG14: 2 | AH14: 3.1 | AI14: 1.3 | AJ14: =AI14-AH14 -> -1.8 | AK14: - | AL14: - | AM14: Não | AN14: =IF(AC14="Unilateral",2*AG14,IF(AC14="Bilateral Alternada",3*AG14,IF(AC14="Bilateral Frontal",4*AG14,IF(AC14="Canteiro Central",2*AG14,"erro")))) -> 4 | AO14: 0 | AP14: 0 | AQ14: 0 | AR14: 0 | AS14: 0 | AT14: - | AU14: =IF(AO14=0,0,IF(AC14="Unilateral",2*AO14,IF(AC14="Bilateral Alternada",3*AO14,IF(AC14="Bilateral Frontal",4*AO14,IF(AC14="Canteiro Central",2*AO14,"erro"))))) -> 0 | AW14: =VLOOKUP(I14,ABNT5101!$I$3:$J$9,2) -> 7.5 | AX14: =VLOOKUP(I14,ABNT5101!$I$3:$M$9,5) -> 0.18 | AY14: =_xlfn.XLOOKUP(I14,ABNT5101!$I:$I,ABNT5101!$L:$L) -> - | AZ14: =_xlfn.XLOOKUP(I14,ABNT5101!$I:$I,ABNT5101!M:M) -> 0.18 | BA14: =_xlfn.XLOOKUP(I14,ABNT5101!$I:$I,ABNT5101!N:N) -> - | BB14: =_xlfn.XLOOKUP(I14,ABNT5101!$I:$I,ABNT5101!O:O) -> 16 | BC14: =IF(BM14="NÃO ATENDE","NÃO ATENDE",IF(BX14="NÃO ATENDE","NÃO ATENDE",IF(CG14="NÃO ATENDE","NÃO ATENDE","ATENDE"))) -> ATENDE | BD14: =BG14/AW14-1 -> 0.089333333 | BE14: =BH14/AX14-1 -> 1.1111111 | BF14: =IF($I14="M6",BI14/AY14-1,"-") -> - | BG14: 8.17 | BH14: 0.38 | BM14: =IF(OR(BN14="NÃO ATENDE",BO14="NÃO ATENDE",BP14="NÃO ATENDE"),"NÃO ATENDE","ATENDE") -> ATENDE | BN14: =IF(BG14>=AW14,"ATENDE",IF(BG14>=0.99*AW14,"ATENDIMENTO LIMIAR","NÃO ATENDE")) -> ATENDE | BO14: =IF(BH14>=AX14,"ATENDE",IF(BH14>=(AX14-0.02),"ATENDIMENTO LIMIAR","NÃO ATENDE")) -> ATENDE | BP14: =IF(AY14="-","ATENDE",IF(BI14>=AY14,"ATENDE",IF(BI14>=(AY14-0.02),"ATENDIMENTO LIMIAR","NÃO ATENDE"))) -> ATENDE | BQ14: =I14 -> C5 | BR14: - | BS14: =IF(BT14="-","-",BT14/BV14-1) -> #VALUE! | BV14: =IF(BR14="-","-",_xlfn.XLOOKUP(BR14,ABNT5101!$B$4:$B$9,ABNT5101!$C$4:$C$9)) -> - | BW14: =IF(BR14="-","-",_xlfn.XLOOKUP(BR14,ABNT5101!$B$4:$B$9,ABNT5101!$D$4:$D$9)) -> - | BX14: =IF(BY14="-","-",IF(BY14="NÃO ATENDE","NÃO ATENDE",IF(BZ14="NÃO ATENDE","NÃO ATENDE","ATENDE"))) -> - | BY14: =IF(BR14="-","-",IF(BT14>=BV14,"ATENDE",IF(BT14>=(BV14*0.99),"ATENDIMENTO LIMIAR","NÃO ATENDE"))) -> - | BZ14: =IF(BR14="-","-",IF(BU14>=BW14,"ATENDE","NÃO ATENDE")) -> - | CA14: P6 | CB14: =IF(CC14="-","-",CC14/CE14-1) -> 0.17 | CC14: 3.51 | CD14: 2.02 | CE14: =IF(CA14="-","-",_xlfn.XLOOKUP(CA14,ABNT5101!$B$4:$B$9,ABNT5101!$C$4:$C$9)) -> 3 | CF14: =IF(CA14="-","-",_xlfn.XLOOKUP(CA14,ABNT5101!$B$4:$B$9,ABNT5101!$D$4:$D$9)) -> 0.6 | CG14: =IF(CH14="-","-",IF(CH14="NÃO ATENDE","NÃO ATENDE",IF(CI14="NÃO ATENDE","NÃO ATENDE","ATENDE"))) -> ATENDE | CH14: =IF(CA14="-","-",IF(CC14>=(CE14),"ATENDE",IF(CC14>=(0.99*CE14),"ATENDIMENTO LIMIAR","NÃO ATENDE"))) -> ATENDE | CI14: =IF(CA14="-","-",IF(CD14>=CF14,"ATENDE","NÃO ATENDE")) -> ATENDE | CJ14: =_xlfn.XLOOKUP(CK14,'Banco de dados'!$B:$B,'Banco de dados'!$D:$D) -> LEDSTAR | CK14: SL VT 9.1 35W | CL14: =_xlfn.XLOOKUP(CK14,'Banco de dados'!$B:$B,'Banco de dados'!$E:$E) -> LUM LED SL VT 9.1 35W | CN14: =IF(CM14="-","-",_xlfn.XLOOKUP(CM14,'Banco de dados'!$B:$B,'Banco de dados'!$E:$E)) -> 0 | CO14: =AG14 -> 2 | CP14: =_xlfn.XLOOKUP(CK14,'Banco de dados'!$B:$B,'Banco de dados'!$H:$H) -> 35 | CQ14: =_xlfn.XLOOKUP(CM14,'Banco de dados'!$B:$B,'Banco de dados'!$H:$H) -> 0 | CR14: =_xlfn.XLOOKUP(CK14,'Banco de dados'!$B:$B,'Banco de dados'!$F:$F) -> 5955.62 | CS14: =_xlfn.XLOOKUP(CM14,'Banco de dados'!$B:$B,'Banco de dados'!$F:$F) -> 0 | CT14: 0 | CU14: 10 | CV14: =IF(AI14<=0.5,"Curto I",IF(AND(AI14>='Braços de IP'!$B$9,AI14<='Braços de IP'!$D$9),'Braços de IP'!$E$9,IF(AND(AI14>='Braços de IP'!$B$10,AI14<='Braços de IP'!$D$10),'Braços de IP'!$E$10,IF(AND(AI14>='Braços de IP'!$B$11,AI14<='Braços de IP'!$D$11),'Braços de IP'!$E$11,IF(AND(AI14>='Braços de IP'!$B$12,AI14<='Braços de IP'!$D$12),'Braços de IP'!$E$12,IF(AND(AI14>='Braços de IP'!$B$13,AI14<='Braços de IP'!$D$13),'Braços de IP'!$E$13,IF(AND(AI14>='Braços de IP'!$B$14,AI14<='Braços de IP'!$D$14),'Braços de IP'!$E$14,"ERRO"))))))) -> Curto II | CX14: =IF($CW14="","",VLOOKUP($CW14,'Braços de IP'!$E$9:$I$15,2,0)) | CY14: =IF($CW14="","",VLOOKUP($CW14,'Braços de IP'!$E$9:$I$15,5,0)) | DF14: =CP14 -> 35 | DG14: =M14 -> 250 | DH14: =SUM(DF14:DG14)*CO14 -> 570 | DI14: =1-DF14/DG14 -> 0.86 | DL14: Sim | DO14: =((M14+N14)-CP14)/(M14+N14) -> 0.875 | DQ14: Classe | DR14: Quantidade | DS14: %
B15: Corrigida | C15: Carol | D15: 3 | E15: VP | F15: Avenida Central Jardim do Eden, 497 | G15: -30.069249 | H15: -50.164009 | I15: C5 | J15: - | K15: P6 | L15: Vapor de sódio | M15: 250 | N15: 30 | O15: 0 | P15: =M15*AG15*2 -> 1000 | Q15: 2 | R15: 0 | S15: 7 | V15: 0 | W15: 3 | X15: 7.5 | Y15: 0 | Z15: 0 | AA15: 0 | AB15: 0 | AC15: Canteiro central | AD15: Braço | AE15: 35.3 | AF15: 7 | AG15: 2 | AH15: 3.1 | AI15: 1.3 | AJ15: =AI15-AH15 -> -1.8 | AK15: - | AL15: - | AM15: Não | AN15: =IF(AC15="Unilateral",2*AG15,IF(AC15="Bilateral Alternada",3*AG15,IF(AC15="Bilateral Frontal",4*AG15,IF(AC15="Canteiro Central",2*AG15,"erro")))) -> 4 | AO15: 0 | AP15: 0 | AQ15: 0 | AR15: 0 | AS15: 0 | AT15: - | AU15: =IF(AO15=0,0,IF(AC15="Unilateral",2*AO15,IF(AC15="Bilateral Alternada",3*AO15,IF(AC15="Bilateral Frontal",4*AO15,IF(AC15="Canteiro Central",2*AO15,"erro"))))) -> 0 | AW15: =VLOOKUP(I15,ABNT5101!$I$3:$J$9,2) -> 7.5 | AX15: =VLOOKUP(I15,ABNT5101!$I$3:$M$9,5) -> 0.18 | AY15: =_xlfn.XLOOKUP(I15,ABNT5101!$I:$I,ABNT5101!$L:$L) -> - | AZ15: =_xlfn.XLOOKUP(I15,ABNT5101!$I:$I,ABNT5101!M:M) -> 0.18 | BA15: =_xlfn.XLOOKUP(I15,ABNT5101!$I:$I,ABNT5101!N:N) -> - | BB15: =_xlfn.XLOOKUP(I15,ABNT5101!$I:$I,ABNT5101!O:O) -> 16 | BC15: =IF(BM15="NÃO ATENDE","NÃO ATENDE",IF(BX15="NÃO ATENDE","NÃO ATENDE",IF(CG15="NÃO ATENDE","NÃO ATENDE","ATENDE"))) -> ATENDE | BD15: =BG15/AW15-1 -> 0.188 | BE15: =BH15/AX15-1 -> 1.8333333 | BF15: =IF($I15="M6",BI15/AY15-1,"-") -> - | BG15: 8.91 | BH15: 0.51 | BM15: =IF(OR(BN15="NÃO ATENDE",BO15="NÃO ATENDE",BP15="NÃO ATENDE"),"NÃO ATENDE","ATENDE") -> ATENDE | BN15: =IF(BG15>=AW15,"ATENDE",IF(BG15>=0.99*AW15,"ATENDIMENTO LIMIAR","NÃO ATENDE")) -> ATENDE | BO15: =IF(BH15>=AX15,"ATENDE",IF(BH15>=(AX15-0.02),"ATENDIMENTO LIMIAR","NÃO ATENDE")) -> ATENDE | BP15: =IF(AY15="-","ATENDE",IF(BI15>=AY15,"ATENDE",IF(BI15>=(AY15-0.02),"ATENDIMENTO LIMIAR","NÃO ATENDE"))) -> ATENDE | BQ15: =I15 -> C5 | BR15: - | BS15: =IF(BT15="-","-",BT15/BV15-1) -> #VALUE! | BV15: =IF(BR15="-","-",_xlfn.XLOOKUP(BR15,ABNT5101!$B$4:$B$9,ABNT5101!$C$4:$C$9)) -> - | BW15: =IF(BR15="-","-",_xlfn.XLOOKUP(BR15,ABNT5101!$B$4:$B$9,ABNT5101!$D$4:$D$9)) -> - | BX15: =IF(BY15="-","-",IF(BY15="NÃO ATENDE","NÃO ATENDE",IF(BZ15="NÃO ATENDE","NÃO ATENDE","ATENDE"))) -> - | BY15: =IF(BR15="-","-",IF(BT15>=BV15,"ATENDE",IF(BT15>=(BV15*0.99),"ATENDIMENTO LIMIAR","NÃO ATENDE"))) -> - | BZ15: =IF(BR15="-","-",IF(BU15>=BW15,"ATENDE","NÃO ATENDE")) -> - | CA15: P6 | CB15: =IF(CC15="-","-",CC15/CE15-1) -> 0.20666667 | CC15: 3.62 | CD15: 2.42 | CE15: =IF(CA15="-","-",_xlfn.XLOOKUP(CA15,ABNT5101!$B$4:$B$9,ABNT5101!$C$4:$C$9)) -> 3 | CF15: =IF(CA15="-","-",_xlfn.XLOOKUP(CA15,ABNT5101!$B$4:$B$9,ABNT5101!$D$4:$D$9)) -> 0.6 | CG15: =IF(CH15="-","-",IF(CH15="NÃO ATENDE","NÃO ATENDE",IF(CI15="NÃO ATENDE","NÃO ATENDE","ATENDE"))) -> ATENDE | CH15: =IF(CA15="-","-",IF(CC15>=(CE15),"ATENDE",IF(CC15>=(0.99*CE15),"ATENDIMENTO LIMIAR","NÃO ATENDE"))) -> ATENDE | CI15: =IF(CA15="-","-",IF(CD15>=CF15,"ATENDE","NÃO ATENDE")) -> ATENDE | CJ15: =_xlfn.XLOOKUP(CK15,'Banco de dados'!$B:$B,'Banco de dados'!$D:$D) -> SX LIGHTING | CK15: SX-INEVO040HF | CL15: =_xlfn.XLOOKUP(CK15,'Banco de dados'!$B:$B,'Banco de dados'!$E:$E) -> SXINEVO040K40L12CZF7PHF | CN15: =IF(CM15="-","-",_xlfn.XLOOKUP(CM15,'Banco de dados'!$B:$B,'Banco de dados'!$E:$E)) -> 0 | CO15: =AG15 -> 2 | CP15: =_xlfn.XLOOKUP(CK15,'Banco de dados'!$B:$B,'Banco de dados'!$H:$H) -> 39 | CQ15: =_xlfn.XLOOKUP(CM15,'Banco de dados'!$B:$B,'Banco de dados'!$H:$H) -> 0 | CR15: =_xlfn.XLOOKUP(CK15,'Banco de dados'!$B:$B,'Banco de dados'!$F:$F) -> 6552 | CS15: =_xlfn.XLOOKUP(CM15,'Banco de dados'!$B:$B,'Banco de dados'!$F:$F) -> 0 | CT15: 0 | CU15: 10 | CV15: =IF(AI15<=0.5,"Curto I",IF(AND(AI15>='Braços de IP'!$B$9,AI15<='Braços de IP'!$D$9),'Braços de IP'!$E$9,IF(AND(AI15>='Braços de IP'!$B$10,AI15<='Braços de IP'!$D$10),'Braços de IP'!$E$10,IF(AND(AI15>='Braços de IP'!$B$11,AI15<='Braços de IP'!$D$11),'Braços de IP'!$E$11,IF(AND(AI15>='Braços de IP'!$B$12,AI15<='Braços de IP'!$D$12),'Braços de IP'!$E$12,IF(AND(AI15>='Braços de IP'!$B$13,AI15<='Braços de IP'!$D$13),'Braços de IP'!$E$13,IF(AND(AI15>='Braços de IP'!$B$14,AI15<='Braços de IP'!$D$14),'Braços de IP'!$E$14,"ERRO"))))))) -> Curto II | CX15: =IF($CW15="","",VLOOKUP($CW15,'Braços de IP'!$E$9:$I$15,2,0)) | CY15: =IF($CW15="","",VLOOKUP($CW15,'Braços de IP'!$E$9:$I$15,5,0)) | DF15: =CP15 -> 39 | DG15: =M15 -> 250 | DH15: =SUM(DF15:DG15)*CO15 -> 578 | DI15: =1-DF15/DG15 -> 0.844 | DL15: Sim | DO15: =((M15+N15)-CP15)/(M15+N15) -> 0.86071429 | DQ15: Classe | DR15: Quantidade | DS15: %
B16: Corrigida | C16: Carol | D16: 3 | E16: VP | F16: Avenida Central Jardim do Eden, 497 | G16: -30.069249 | H16: -50.164009 | I16: C5 | J16: - | K16: P6 | L16: Vapor de sódio | M16: 250 | N16: 30 | O16: 0 | P16: =M16*AG16*2 -> 1000 | Q16: 2 | R16: 0 | S16: 7 | V16: 0 | W16: 3 | X16: 7.5 | Y16: 0 | Z16: 0 | AA16: 0 | AB16: 0 | AC16: Canteiro central | AD16: Braço | AE16: 35.3 | AF16: 7 | AG16: 2 | AH16: 3.1 | AI16: 1.3 | AJ16: =AI16-AH16 -> -1.8 | AK16: - | AL16: - | AM16: Não | AN16: =IF(AC16="Unilateral",2*AG16,IF(AC16="Bilateral Alternada",3*AG16,IF(AC16="Bilateral Frontal",4*AG16,IF(AC16="Canteiro Central",2*AG16,"erro")))) -> 4 | AO16: 0 | AP16: 0 | AQ16: 0 | AR16: 0 | AS16: 0 | AT16: - | AU16: =IF(AO16=0,0,IF(AC16="Unilateral",2*AO16,IF(AC16="Bilateral Alternada",3*AO16,IF(AC16="Bilateral Frontal",4*AO16,IF(AC16="Canteiro Central",2*AO16,"erro"))))) -> 0 | AW16: =VLOOKUP(I16,ABNT5101!$I$3:$J$9,2) -> 7.5 | AX16: =VLOOKUP(I16,ABNT5101!$I$3:$M$9,5) -> 0.18 | AY16: =_xlfn.XLOOKUP(I16,ABNT5101!$I:$I,ABNT5101!$L:$L) -> - | AZ16: =_xlfn.XLOOKUP(I16,ABNT5101!$I:$I,ABNT5101!M:M) -> 0.18 | BA16: =_xlfn.XLOOKUP(I16,ABNT5101!$I:$I,ABNT5101!N:N) -> - | BB16: =_xlfn.XLOOKUP(I16,ABNT5101!$I:$I,ABNT5101!O:O) -> 16 | BC16: =IF(BM16="NÃO ATENDE","NÃO ATENDE",IF(BX16="NÃO ATENDE","NÃO ATENDE",IF(CG16="NÃO ATENDE","NÃO ATENDE","ATENDE"))) -> ATENDE | BD16: =BG16/AW16-1 -> 0.37066667 | BE16: =BH16/AX16-1 -> 1.2222222 | BF16: =IF($I16="M6",BI16/AY16-1,"-") -> - | BG16: 10.28 | BH16: 0.4 | BM16: =IF(OR(BN16="NÃO ATENDE",BO16="NÃO ATENDE",BP16="NÃO ATENDE"),"NÃO ATENDE","ATENDE") -> ATENDE | BN16: =IF(BG16>=AW16,"ATENDE",IF(BG16>=0.99*AW16,"ATENDIMENTO LIMIAR","NÃO ATENDE")) -> ATENDE | BO16: =IF(BH16>=AX16,"ATENDE",IF(BH16>=(AX16-0.02),"ATENDIMENTO LIMIAR","NÃO ATENDE")) -> ATENDE | BP16: =IF(AY16="-","ATENDE",IF(BI16>=AY16,"ATENDE",IF(BI16>=(AY16-0.02),"ATENDIMENTO LIMIAR","NÃO ATENDE"))) -> ATENDE | BQ16: =I16 -> C5 | BR16: - | BS16: =IF(BT16="-","-",BT16/BV16-1) -> #VALUE! | BV16: =IF(BR16="-","-",_xlfn.XLOOKUP(BR16,ABNT5101!$B$4:$B$9,ABNT5101!$C$4:$C$9)) -> - | BW16: =IF(BR16="-","-",_xlfn.XLOOKUP(BR16,ABNT5101!$B$4:$B$9,ABNT5101!$D$4:$D$9)) -> - | BX16: =IF(BY16="-","-",IF(BY16="NÃO ATENDE","NÃO ATENDE",IF(BZ16="NÃO ATENDE","NÃO ATENDE","ATENDE"))) -> - | BY16: =IF(BR16="-","-",IF(BT16>=BV16,"ATENDE",IF(BT16>=(BV16*0.99),"ATENDIMENTO LIMIAR","NÃO ATENDE"))) -> - | BZ16: =IF(BR16="-","-",IF(BU16>=BW16,"ATENDE","NÃO ATENDE")) -> - | CA16: P6 | CB16: =IF(CC16="-","-",CC16/CE16-1) -> 0.04 | CC16: 3.12 | CD16: 2.01 | CE16: =IF(CA16="-","-",_xlfn.XLOOKUP(CA16,ABNT5101!$B$4:$B$9,ABNT5101!$C$4:$C$9)) -> 3 | CF16: =IF(CA16="-","-",_xlfn.XLOOKUP(CA16,ABNT5101!$B$4:$B$9,ABNT5101!$D$4:$D$9)) -> 0.6 | CG16: =IF(CH16="-","-",IF(CH16="NÃO ATENDE","NÃO ATENDE",IF(CI16="NÃO ATENDE","NÃO ATENDE","ATENDE"))) -> ATENDE | CH16: =IF(CA16="-","-",IF(CC16>=(CE16),"ATENDE",IF(CC16>=(0.99*CE16),"ATENDIMENTO LIMIAR","NÃO ATENDE"))) -> ATENDE | CI16: =IF(CA16="-","-",IF(CD16>=CF16,"ATENDE","NÃO ATENDE")) -> ATENDE | CJ16: =_xlfn.XLOOKUP(CK16,'Banco de dados'!$B:$B,'Banco de dados'!$D:$D) -> TECNOWATT | CK16: SIGSAGPTLRRSSNDL_40W_50IBBRS | CL16: =_xlfn.XLOOKUP(CK16,'Banco de dados'!$B:$B,'Banco de dados'!$E:$E) -> SIGSAGPTLRRSSNDL_40W_50IBBRS 1-10C1MUN6.5 | CN16: =IF(CM16="-","-",_xlfn.XLOOKUP(CM16,'Banco de dados'!$B:$B,'Banco de dados'!$E:$E)) -> 0 | CO16: =AG16 -> 2 | CP16: =_xlfn.XLOOKUP(CK16,'Banco de dados'!$B:$B,'Banco de dados'!$H:$H) -> 40 | CQ16: =_xlfn.XLOOKUP(CM16,'Banco de dados'!$B:$B,'Banco de dados'!$H:$H) -> 0 | CR16: =_xlfn.XLOOKUP(CK16,'Banco de dados'!$B:$B,'Banco de dados'!$F:$F) -> 6641 | CS16: =_xlfn.XLOOKUP(CM16,'Banco de dados'!$B:$B,'Banco de dados'!$F:$F) -> 0 | CT16: 0 | CV16: =IF(AI16<=0.5,"Curto I",IF(AND(AI16>='Braços de IP'!$B$9,AI16<='Braços de IP'!$D$9),'Braços de IP'!$E$9,IF(AND(AI16>='Braços de IP'!$B$10,AI16<='Braços de IP'!$D$10),'Braços de IP'!$E$10,IF(AND(AI16>='Braços de IP'!$B$11,AI16<='Braços de IP'!$D$11),'Braços de IP'!$E$11,IF(AND(AI16>='Braços de IP'!$B$12,AI16<='Braços de IP'!$D$12),'Braços de IP'!$E$12,IF(AND(AI16>='Braços de IP'!$B$13,AI16<='Braços de IP'!$D$13),'Braços de IP'!$E$13,IF(AND(AI16>='Braços de IP'!$B$14,AI16<='Braços de IP'!$D$14),'Braços de IP'!$E$14,"ERRO"))))))) -> Curto II | CX16: =IF($CW16="","",VLOOKUP($CW16,'Braços de IP'!$E$9:$I$15,2,0)) | CY16: =IF($CW16="","",VLOOKUP($CW16,'Braços de IP'!$E$9:$I$15,5,0)) | DF16: =CP16 -> 40 | DG16: =M16 -> 250 | DH16: =SUM(DF16:DG16)*CO16 -> 580 | DI16: =1-DF16/DG16 -> 0.84 | DL16: Sim | DO16: =((M16+N16)-CP16)/(M16+N16) -> 0.85714286 | DQ16: Classe | DR16: Quantidade | DS16: %
C17: Carol | D17: 4 | E17: PVP | F17: Rua A-Tres Boca-de-Leao, 220 | G17: -30.06529 | H17: -50.160902 | I17: C5 | J17: - | K17: P6 | L17: Vapor de sódio | M17: 100 | N17: 17 | O17: 0 | P17: =M17*AG17*2 -> 200 | Q17: 2 | R17: 3 | S17: 6.9 | V17: 0 | W17: 3 | X17: 0 | Y17: 0 | Z17: 0 | AA17: 0 | AB17: 0 | AC17: Unilateral | AD17: Braço | AE17: 32.2 | AF17: 7 | AG17: 1 | AH17: 0.6 | AI17: 1.3 | AJ17: =AI17-AH17 -> 0.7 | AK17: - | AL17: - | AM17: Não | AN17: =IF(AC17="Unilateral",2*AG17,IF(AC17="Bilateral Alternada",3*AG17,IF(AC17="Bilateral Frontal",4*AG17,IF(AC17="Canteiro Central",2*AG17,"erro")))) -> 2 | AO17: 0 | AP17: 0 | AQ17: 0 | AR17: 0 | AS17: 0 | AT17: - | AU17: =IF(AO17=0,0,IF(AC17="Unilateral",2*AO17,IF(AC17="Bilateral Alternada",3*AO17,IF(AC17="Bilateral Frontal",4*AO17,IF(AC17="Canteiro Central",2*AO17,"erro"))))) -> 0 | AW17: =VLOOKUP(I17,ABNT5101!$I$3:$J$9,2) -> 7.5 | AX17: =VLOOKUP(I17,ABNT5101!$I$3:$M$9,5) -> 0.18 | AY17: =_xlfn.XLOOKUP(I17,ABNT5101!$I:$I,ABNT5101!$L:$L) -> - | AZ17: =_xlfn.XLOOKUP(I17,ABNT5101!$I:$I,ABNT5101!M:M) -> 0.18 | BA17: =_xlfn.XLOOKUP(I17,ABNT5101!$I:$I,ABNT5101!N:N) -> - | BB17: =_xlfn.XLOOKUP(I17,ABNT5101!$I:$I,ABNT5101!O:O) -> 16 | BC17: =IF(BM17="NÃO ATENDE","NÃO ATENDE",IF(BX17="NÃO ATENDE","NÃO ATENDE",IF(CG17="NÃO ATENDE","NÃO ATENDE","ATENDE"))) -> ATENDE | BD17: =BG17/AW17-1 -> 0.28666667 | BE17: =BH17/AX17-1 -> 1.4444444 | BF17: =IF($I17="M6",BI17/AY17-1,"-") -> - | BG17: 9.65 | BH17: 0.44 | BM17: =IF(OR(BN17="NÃO ATENDE",BO17="NÃO ATENDE",BP17="NÃO ATENDE"),"NÃO ATENDE","ATENDE") -> ATENDE | BN17: =IF(BG17>=AW17,"ATENDE",IF(BG17>=0.99*AW17,"ATENDIMENTO LIMIAR","NÃO ATENDE")) -> ATENDE | BO17: =IF(BH17>=AX17,"ATENDE",IF(BH17>=(AX17-0.02),"ATENDIMENTO LIMIAR","NÃO ATENDE")) -> ATENDE | BP17: =IF(AY17="-","ATENDE",IF(BI17>=AY17,"ATENDE",IF(BI17>=(AY17-0.02),"ATENDIMENTO LIMIAR","NÃO ATENDE"))) -> ATENDE | BQ17: =I17 -> C5 | BR17: =K17 -> P6 | BS17: =IF(BT17="-","-",BT17/BV17-1) -> 1.5933333 | BT17: 7.78 | BU17: 2.89 | BV17: =IF(BR17="-","-",_xlfn.XLOOKUP(BR17,ABNT5101!$B$4:$B$9,ABNT5101!$C$4:$C$9)) -> 3 | BW17: =IF(BR17="-","-",_xlfn.XLOOKUP(BR17,ABNT5101!$B$4:$B$9,ABNT5101!$D$4:$D$9)) -> 0.6 | BX17: =IF(BY17="-","-",IF(BY17="NÃO ATENDE","NÃO ATENDE",IF(BZ17="NÃO ATENDE","NÃO ATENDE","ATENDE"))) -> ATENDE | BY17: =IF(BR17="-","-",IF(BT17>=BV17,"ATENDE",IF(BT17>=(BV17*0.99),"ATENDIMENTO LIMIAR","NÃO ATENDE"))) -> ATENDE | BZ17: =IF(BR17="-","-",IF(BU17>=BW17,"ATENDE","NÃO ATENDE")) -> ATENDE | CA17: =BR17 -> P6 | CB17: =IF(CC17="-","-",CC17/CE17-1) -> 0.67666667 | CC17: 5.03 | CD17: 2.4 | CE17: =IF(CA17="-","-",_xlfn.XLOOKUP(CA17,ABNT5101!$B$4:$B$9,ABNT5101!$C$4:$C$9)) -> 3 | CF17: =IF(CA17="-","-",_xlfn.XLOOKUP(CA17,ABNT5101!$B$4:$B$9,ABNT5101!$D$4:$D$9)) -> 0.6 | CG17: =IF(CH17="-","-",IF(CH17="NÃO ATENDE","NÃO ATENDE",IF(CI17="NÃO ATENDE","NÃO ATENDE","ATENDE"))) -> ATENDE | CH17: =IF(CA17="-","-",IF(CC17>=(CE17),"ATENDE",IF(CC17>=(0.99*CE17),"ATENDIMENTO LIMIAR","NÃO ATENDE"))) -> ATENDE | CI17: =IF(CA17="-","-",IF(CD17>=CF17,"ATENDE","NÃO ATENDE")) -> ATENDE | CJ17: =_xlfn.XLOOKUP(CK17,'Banco de dados'!$B:$B,'Banco de dados'!$D:$D) -> LEDSTAR | CK17: SL VT 9.1 35W | CL17: =_xlfn.XLOOKUP(CK17,'Banco de dados'!$B:$B,'Banco de dados'!$E:$E) -> LUM LED SL VT 9.1 35W | CN17: =IF(CM17="-","-",_xlfn.XLOOKUP(CM17,'Banco de dados'!$B:$B,'Banco de dados'!$E:$E)) -> 0 | CO17: =AG17 -> 1 | CP17: =_xlfn.XLOOKUP(CK17,'Banco de dados'!$B:$B,'Banco de dados'!$H:$H) -> 35 | CQ17: =_xlfn.XLOOKUP(CM17,'Banco de dados'!$B:$B,'Banco de dados'!$H:$H) -> 0 | CR17: =_xlfn.XLOOKUP(CK17,'Banco de dados'!$B:$B,'Banco de dados'!$F:$F) -> 5955.62 | CS17: =_xlfn.XLOOKUP(CM17,'Banco de dados'!$B:$B,'Banco de dados'!$F:$F) -> 0 | CT17: 0 | CV17: =IF(AI17<=0.5,"Curto I",IF(AND(AI17>='Braços de IP'!$B$9,AI17<='Braços de IP'!$D$9),'Braços de IP'!$E$9,IF(AND(AI17>='Braços de IP'!$B$10,AI17<='Braços de IP'!$D$10),'Braços de IP'!$E$10,IF(AND(AI17>='Braços de IP'!$B$11,AI17<='Braços de IP'!$D$11),'Braços de IP'!$E$11,IF(AND(AI17>='Braços de IP'!$B$12,AI17<='Braços de IP'!$D$12),'Braços de IP'!$E$12,IF(AND(AI17>='Braços de IP'!$B$13,AI17<='Braços de IP'!$D$13),'Braços de IP'!$E$13,IF(AND(AI17>='Braços de IP'!$B$14,AI17<='Braços de IP'!$D$14),'Braços de IP'!$E$14,"ERRO"))))))) -> Curto II | CX17: =IF($CW17="","",VLOOKUP($CW17,'Braços de IP'!$E$9:$I$15,2,0)) | CY17: =IF($CW17="","",VLOOKUP($CW17,'Braços de IP'!$E$9:$I$15,5,0)) | DF17: =CP17 -> 35 | DG17: =M17 -> 100 | DH17: =SUM(DF17:DG17)*CO17 -> 135 | DI17: =1-DF17/DG17 -> 0.65 | DL17: Sim | DO17: =((M17+N17)-CP17)/(M17+N17) -> 0.7008547 | DQ17: Classe | DR17: Quantidade | DS17: %
C18: Carol | D18: 4 | E18: PVP | F18: Rua A-Tres Boca-de-Leao, 220 | G18: -30.06529 | H18: -50.160902 | I18: C5 | J18: - | K18: P6 | L18: Vapor de sódio | M18: 100 | N18: 17 | O18: 0 | P18: =M18*AG18*2 -> 200 | Q18: 2 | R18: 3 | S18: 6.9 | V18: 0 | W18: 3 | X18: 0 | Y18: 0 | Z18: 0 | AA18: 0 | AB18: 0 | AC18: Unilateral | AD18: Braço | AE18: 32.2 | AF18: 7 | AG18: 1 | AH18: 0.6 | AI18: 1.3 | AJ18: =AI18-AH18 -> 0.7 | AK18: - | AL18: - | AM18: Não | AN18: =IF(AC18="Unilateral",2*AG18,IF(AC18="Bilateral Alternada",3*AG18,IF(AC18="Bilateral Frontal",4*AG18,IF(AC18="Canteiro Central",2*AG18,"erro")))) -> 2 | AO18: 0 | AP18: 0 | AQ18: 0 | AR18: 0 | AS18: 0 | AT18: - | AU18: =IF(AO18=0,0,IF(AC18="Unilateral",2*AO18,IF(AC18="Bilateral Alternada",3*AO18,IF(AC18="Bilateral Frontal",4*AO18,IF(AC18="Canteiro Central",2*AO18,"erro"))))) -> 0 | AW18: =VLOOKUP(I18,ABNT5101!$I$3:$J$9,2) -> 7.5 | AX18: =VLOOKUP(I18,ABNT5101!$I$3:$M$9,5) -> 0.18 | AY18: =_xlfn.XLOOKUP(I18,ABNT5101!$I:$I,ABNT5101!$L:$L) -> - | AZ18: =_xlfn.XLOOKUP(I18,ABNT5101!$I:$I,ABNT5101!M:M) -> 0.18 | BA18: =_xlfn.XLOOKUP(I18,ABNT5101!$I:$I,ABNT5101!N:N) -> - | BB18: =_xlfn.XLOOKUP(I18,ABNT5101!$I:$I,ABNT5101!O:O) -> 16 | BC18: =IF(BM18="NÃO ATENDE","NÃO ATENDE",IF(BX18="NÃO ATENDE","NÃO ATENDE",IF(CG18="NÃO ATENDE","NÃO ATENDE","ATENDE"))) -> ATENDE | BD18: =BG18/AW18-1 -> 0.24133333 | BE18: =BH18/AX18-1 -> 1.8888889 | BF18: =IF($I18="M6",BI18/AY18-1,"-") -> - | BG18: 9.31 | BH18: 0.52 | BM18: =IF(OR(BN18="NÃO ATENDE",BO18="NÃO ATENDE",BP18="NÃO ATENDE"),"NÃO ATENDE","ATENDE") -> ATENDE | BN18: =IF(BG18>=AW18,"ATENDE",IF(BG18>=0.99*AW18,"ATENDIMENTO LIMIAR","NÃO ATENDE")) -> ATENDE | BO18: =IF(BH18>=AX18,"ATENDE",IF(BH18>=(AX18-0.02),"ATENDIMENTO LIMIAR","NÃO ATENDE")) -> ATENDE | BP18: =IF(AY18="-","ATENDE",IF(BI18>=AY18,"ATENDE",IF(BI18>=(AY18-0.02),"ATENDIMENTO LIMIAR","NÃO ATENDE"))) -> ATENDE | BQ18: =I18 -> C5 | BR18: =K18 -> P6 | BS18: =IF(BT18="-","-",BT18/BV18-1) -> 1.3833333 | BT18: 7.15 | BU18: 1.97 | BV18: =IF(BR18="-","-",_xlfn.XLOOKUP(BR18,ABNT5101!$B$4:$B$9,ABNT5101!$C$4:$C$9)) -> 3 | BW18: =IF(BR18="-","-",_xlfn.XLOOKUP(BR18,ABNT5101!$B$4:$B$9,ABNT5101!$D$4:$D$9)) -> 0.6 | BX18: =IF(BY18="-","-",IF(BY18="NÃO ATENDE","NÃO ATENDE",IF(BZ18="NÃO ATENDE","NÃO ATENDE","ATENDE"))) -> ATENDE | BY18: =IF(BR18="-","-",IF(BT18>=BV18,"ATENDE",IF(BT18>=(BV18*0.99),"ATENDIMENTO LIMIAR","NÃO ATENDE"))) -> ATENDE | BZ18: =IF(BR18="-","-",IF(BU18>=BW18,"ATENDE","NÃO ATENDE")) -> ATENDE | CA18: =BR18 -> P6 | CB18: =IF(CC18="-","-",CC18/CE18-1) -> 0.33 | CC18: 3.99 | CD18: 2.14 | CE18: =IF(CA18="-","-",_xlfn.XLOOKUP(CA18,ABNT5101!$B$4:$B$9,ABNT5101!$C$4:$C$9)) -> 3 | CF18: =IF(CA18="-","-",_xlfn.XLOOKUP(CA18,ABNT5101!$B$4:$B$9,ABNT5101!$D$4:$D$9)) -> 0.6 | CG18: =IF(CH18="-","-",IF(CH18="NÃO ATENDE","NÃO ATENDE",IF(CI18="NÃO ATENDE","NÃO ATENDE","ATENDE"))) -> ATENDE | CH18: =IF(CA18="-","-",IF(CC18>=(CE18),"ATENDE",IF(CC18>=(0.99*CE18),"ATENDIMENTO LIMIAR","NÃO ATENDE"))) -> ATENDE | CI18: =IF(CA18="-","-",IF(CD18>=CF18,"ATENDE","NÃO ATENDE")) -> ATENDE | CJ18: =_xlfn.XLOOKUP(CK18,'Banco de dados'!$B:$B,'Banco de dados'!$D:$D) -> SX LIGHTING | CK18: SX-INEVO030HF | CL18: =_xlfn.XLOOKUP(CK18,'Banco de dados'!$B:$B,'Banco de dados'!$E:$E) -> SXINEVO030K40L12CZF7PHF | CN18: =IF(CM18="-","-",_xlfn.XLOOKUP(CM18,'Banco de dados'!$B:$B,'Banco de dados'!$E:$E)) -> #N/A | CO18: =AG18 -> 1 | CP18: =_xlfn.XLOOKUP(CK18,'Banco de dados'!$B:$B,'Banco de dados'!$H:$H) -> 31 | CQ18: =_xlfn.XLOOKUP(CM18,'Banco de dados'!$B:$B,'Banco de dados'!$H:$H) -> 0 | CR18: =_xlfn.XLOOKUP(CK18,'Banco de dados'!$B:$B,'Banco de dados'!$F:$F) -> 5270 | CS18: =_xlfn.XLOOKUP(CM18,'Banco de dados'!$B:$B,'Banco de dados'!$F:$F) -> 0 | CT18: 0 | CV18: =IF(AI18<=0.5,"Curto I",IF(AND(AI18>='Braços de IP'!$B$9,AI18<='Braços de IP'!$D$9),'Braços de IP'!$E$9,IF(AND(AI18>='Braços de IP'!$B$10,AI18<='Braços de IP'!$D$10),'Braços de IP'!$E$10,IF(AND(AI18>='Braços de IP'!$B$11,AI18<='Braços de IP'!$D$11),'Braços de IP'!$E$11,IF(AND(AI18>='Braços de IP'!$B$12,AI18<='Braços de IP'!$D$12),'Braços de IP'!$E$12,IF(AND(AI18>='Braços de IP'!$B$13,AI18<='Braços de IP'!$D$13),'Braços de IP'!$E$13,IF(AND(AI18>='Braços de IP'!$B$14,AI18<='Braços de IP'!$D$14),'Braços de IP'!$E$14,"ERRO"))))))) -> Curto II | CX18: =IF($CW18="","",VLOOKUP($CW18,'Braços de IP'!$E$9:$I$15,2,0)) | CY18: =IF($CW18="","",VLOOKUP($CW18,'Braços de IP'!$E$9:$I$15,5,0)) | DF18: =CP18 -> 31 | DG18: =M18 -> 100 | DH18: =SUM(DF18:DG18)*CO18 -> 131 | DI18: =1-DF18/DG18 -> 0.69 | DL18: Sim | DO18: =((M18+N18)-CP18)/(M18+N18) -> 0.73504274 | DQ18: Classe | DR18: Quantidade | DS18: %
C19: Carol | D19: 4 | E19: PVP | F19: Rua A-Tres Boca-de-Leao, 220 | G19: -30.06529 | H19: -50.160902 | I19: C5 | J19: - | K19: P6 | L19: Vapor de sódio | M19: 100 | N19: 17 | O19: 0 | P19: =M19*AG19*2 -> 200 | Q19: 2 | R19: 3 | S19: 6.9 | V19: 0 | W19: 3 | X19: 0 | Y19: 0 | Z19: 0 | AA19: 0 | AB19: 0 | AC19: Unilateral | AD19: Braço | AE19: 32.2 | AF19: 7 | AG19: 1 | AH19: 0.6 | AI19: 1.3 | AJ19: =AI19-AH19 -> 0.7 | AK19: - | AL19: - | AM19: Não | AN19: =IF(AC19="Unilateral",2*AG19,IF(AC19="Bilateral Alternada",3*AG19,IF(AC19="Bilateral Frontal",4*AG19,IF(AC19="Canteiro Central",2*AG19,"erro")))) -> 2 | AO19: 0 | AP19: 0 | AQ19: 0 | AR19: 0 | AS19: 0 | AT19: - | AU19: =IF(AO19=0,0,IF(AC19="Unilateral",2*AO19,IF(AC19="Bilateral Alternada",3*AO19,IF(AC19="Bilateral Frontal",4*AO19,IF(AC19="Canteiro Central",2*AO19,"erro"))))) -> 0 | AW19: =VLOOKUP(I19,ABNT5101!$I$3:$J$9,2) -> 7.5 | AX19: =VLOOKUP(I19,ABNT5101!$I$3:$M$9,5) -> 0.18 | AY19: =_xlfn.XLOOKUP(I19,ABNT5101!$I:$I,ABNT5101!$L:$L) -> - | AZ19: =_xlfn.XLOOKUP(I19,ABNT5101!$I:$I,ABNT5101!M:M) -> 0.18 | BA19: =_xlfn.XLOOKUP(I19,ABNT5101!$I:$I,ABNT5101!N:N) -> - | BB19: =_xlfn.XLOOKUP(I19,ABNT5101!$I:$I,ABNT5101!O:O) -> 16 | BC19: =IF(BM19="NÃO ATENDE","NÃO ATENDE",IF(BX19="NÃO ATENDE","NÃO ATENDE",IF(CG19="NÃO ATENDE","NÃO ATENDE","ATENDE"))) -> ATENDE | BD19: =BG19/AW19-1 -> 0.22 | BE19: =BH19/AX19-1 -> 2.1666667 | BF19: =IF($I19="M6",BI19/AY19-1,"-") -> - | BG19: 9.15 | BH19: 0.57 | BM19: =IF(OR(BN19="NÃO ATENDE",BO19="NÃO ATENDE",BP19="NÃO ATENDE"),"NÃO ATENDE","ATENDE") -> ATENDE | BN19: =IF(BG19>=AW19,"ATENDE",IF(BG19>=0.99*AW19,"ATENDIMENTO LIMIAR","NÃO ATENDE")) -> ATENDE | BO19: =IF(BH19>=AX19,"ATENDE",IF(BH19>=(AX19-0.02),"ATENDIMENTO LIMIAR","NÃO ATENDE")) -> ATENDE | BP19: =IF(AY19="-","ATENDE",IF(BI19>=AY19,"ATENDE",IF(BI19>=(AY19-0.02),"ATENDIMENTO LIMIAR","NÃO ATENDE"))) -> ATENDE | BQ19: =I19 -> C5 | BR19: =K19 -> P6 | BS19: =IF(BT19="-","-",BT19/BV19-1) -> 1.4033333 | BT19: 7.21 | BU19: 3.38 | BV19: =IF(BR19="-","-",_xlfn.XLOOKUP(BR19,ABNT5101!$B$4:$B$9,ABNT5101!$C$4:$C$9)) -> 3 | BW19: =IF(BR19="-","-",_xlfn.XLOOKUP(BR19,ABNT5101!$B$4:$B$9,ABNT5101!$D$4:$D$9)) -> 0.6 | BX19: =IF(BY19="-","-",IF(BY19="NÃO ATENDE","NÃO ATENDE",IF(BZ19="NÃO ATENDE","NÃO ATENDE","ATENDE"))) -> ATENDE | BY19: =IF(BR19="-","-",IF(BT19>=BV19,"ATENDE",IF(BT19>=(BV19*0.99),"ATENDIMENTO LIMIAR","NÃO ATENDE"))) -> ATENDE | BZ19: =IF(BR19="-","-",IF(BU19>=BW19,"ATENDE","NÃO ATENDE")) -> ATENDE | CA19: =BR19 -> P6 | CB19: =IF(CC19="-","-",CC19/CE19-1) -> 0.26666667 | CC19: 3.8 | CD19: 2.41 | CE19: =IF(CA19="-","-",_xlfn.XLOOKUP(CA19,ABNT5101!$B$4:$B$9,ABNT5101!$C$4:$C$9)) -> 3 | CF19: =IF(CA19="-","-",_xlfn.XLOOKUP(CA19,ABNT5101!$B$4:$B$9,ABNT5101!$D$4:$D$9)) -> 0.6 | CG19: =IF(CH19="-","-",IF(CH19="NÃO ATENDE","NÃO ATENDE",IF(CI19="NÃO ATENDE","NÃO ATENDE","ATENDE"))) -> ATENDE | CH19: =IF(CA19="-","-",IF(CC19>=(CE19),"ATENDE",IF(CC19>=(0.99*CE19),"ATENDIMENTO LIMIAR","NÃO ATENDE"))) -> ATENDE | CI19: =IF(CA19="-","-",IF(CD19>=CF19,"ATENDE","NÃO ATENDE")) -> ATENDE | CJ19: =_xlfn.XLOOKUP(CK19,'Banco de dados'!$B:$B,'Banco de dados'!$D:$D) -> TECNOWATT | CK19: SIGSAGPTLRRSSNDL_30W_38IBBRS | CL19: =_xlfn.XLOOKUP(CK19,'Banco de dados'!$B:$B,'Banco de dados'!$E:$E) -> SIGSAGPTLRRSSNDL_30W_38IBBRS 1-10C1MUN6.5 | CN19: =IF(CM19="-","-",_xlfn.XLOOKUP(CM19,'Banco de dados'!$B:$B,'Banco de dados'!$E:$E)) -> #N/A | CO19: =AG19 -> 1 | CP19: =_xlfn.XLOOKUP(CK19,'Banco de dados'!$B:$B,'Banco de dados'!$H:$H) -> 30 | CQ19: =_xlfn.XLOOKUP(CM19,'Banco de dados'!$B:$B,'Banco de dados'!$H:$H) -> 0 | CR19: =_xlfn.XLOOKUP(CK19,'Banco de dados'!$B:$B,'Banco de dados'!$F:$F) -> 5266 | CS19: =_xlfn.XLOOKUP(CM19,'Banco de dados'!$B:$B,'Banco de dados'!$F:$F) -> 0 | CT19: 0 | CV19: =IF(AI19<=0.5,"Curto I",IF(AND(AI19>='Braços de IP'!$B$9,AI19<='Braços de IP'!$D$9),'Braços de IP'!$E$9,IF(AND(AI19>='Braços de IP'!$B$10,AI19<='Braços de IP'!$D$10),'Braços de IP'!$E$10,IF(AND(AI19>='Braços de IP'!$B$11,AI19<='Braços de IP'!$D$11),'Braços de IP'!$E$11,IF(AND(AI19>='Braços de IP'!$B$12,AI19<='Braços de IP'!$D$12),'Braços de IP'!$E$12,IF(AND(AI19>='Braços de IP'!$B$13,AI19<='Braços de IP'!$D$13),'Braços de IP'!$E$13,IF(AND(AI19>='Braços de IP'!$B$14,AI19<='Braços de IP'!$D$14),'Braços de IP'!$E$14,"ERRO"))))))) -> Curto II | CX19: =IF($CW19="","",VLOOKUP($CW19,'Braços de IP'!$E$9:$I$15,2,0)) | CY19: =IF($CW19="","",VLOOKUP($CW19,'Braços de IP'!$E$9:$I$15,5,0)) | DF19: =CP19 -> 30 | DG19: =M19 -> 100 | DH19: =SUM(DF19:DG19)*CO19 -> 130 | DI19: =1-DF19/DG19 -> 0.7 | DL19: Sim | DO19: =((M19+N19)-CP19)/(M19+N19) -> 0.74358974 | DQ19: Classe | DR19: Quantidade | DS19: %
C20: Carol | D20: 7 | E20: PV | F20: Marina Park Residence | G20: -29.996541 | H20: -50.18724 | I20: C4 | J20: - | K20: P6 | L20: LED | M20: 50 | N20: 0 | O20: 0 | P20: =M20*AG20*2 -> 100 | Q20: 2 | R20: 2 | S20: 7 | V20: 0 | W20: 0 | X20: 0 | Y20: 0 | Z20: 0 | AA20: 0 | AB20: 0 | AC20: Unilateral | AD20: Braço | AE20: 33.5 | AF20: 7 | AG20: 1 | AH20: 0.2 | AI20: 2.5 | AJ20: =AI20-AH20 -> 2.3 | AK20: - | AL20: - | AM20: Não | AN20: =IF(AC20="Unilateral",2*AG20,IF(AC20="Bilateral Alternada",3*AG20,IF(AC20="Bilateral Frontal",4*AG20,IF(AC20="Canteiro Central",2*AG20,"erro")))) -> 2 | AO20: 0 | AP20: 0 | AQ20: 0 | AR20: 0 | AS20: 0 | AT20: - | AU20: =IF(AO20=0,0,IF(AC20="Unilateral",2*AO20,IF(AC20="Bilateral Alternada",3*AO20,IF(AC20="Bilateral Frontal",4*AO20,IF(AC20="Canteiro Central",2*AO20,"erro"))))) -> 0 | AW20: =VLOOKUP(I20,ABNT5101!$I$3:$J$9,2) -> 10 | AX20: =VLOOKUP(I20,ABNT5101!$I$3:$M$9,5) -> 0.18 | AY20: =_xlfn.XLOOKUP(I20,ABNT5101!$I:$I,ABNT5101!$L:$L) -> - | AZ20: =_xlfn.XLOOKUP(I20,ABNT5101!$I:$I,ABNT5101!M:M) -> 0.18 | BA20: =_xlfn.XLOOKUP(I20,ABNT5101!$I:$I,ABNT5101!N:N) -> - | BB20: =_xlfn.XLOOKUP(I20,ABNT5101!$I:$I,ABNT5101!O:O) -> 16 | BC20: =IF(BM20="NÃO ATENDE","NÃO ATENDE",IF(BX20="NÃO ATENDE","NÃO ATENDE",IF(CG20="NÃO ATENDE","NÃO ATENDE","ATENDE"))) -> ATENDE | BD20: =BG20/AW20-1 -> 0.128 | BE20: =BH20/AX20-1 -> 0.94444444 | BF20: =IF($I20="M6",BI20/AY20-1,"-") -> - | BG20: 11.28 | BH20: 0.35 | BM20: =IF(OR(BN20="NÃO ATENDE",BO20="NÃO ATENDE",BP20="NÃO ATENDE"),"NÃO ATENDE","ATENDE") -> ATENDE | BN20: =IF(BG20>=AW20,"ATENDE",IF(BG20>=0.99*AW20,"ATENDIMENTO LIMIAR","NÃO ATENDE")) -> ATENDE | BO20: =IF(BH20>=AX20,"ATENDE",IF(BH20>=(AX20-0.02),"ATENDIMENTO LIMIAR","NÃO ATENDE")) -> ATENDE | BP20: =IF(AY20="-","ATENDE",IF(BI20>=AY20,"ATENDE",IF(BI20>=(AY20-0.02),"ATENDIMENTO LIMIAR","NÃO ATENDE"))) -> ATENDE | BQ20: =I20 -> C4 | BR20: =K20 -> P6 | BS20: =IF(BT20="-","-",BT20/BV20-1) -> 1.4233333 | BT20: 7.27 | BU20: 3.01 | BV20: =IF(BR20="-","-",_xlfn.XLOOKUP(BR20,ABNT5101!$B$4:$B$9,ABNT5101!$C$4:$C$9)) -> 3 | BW20: =IF(BR20="-","-",_xlfn.XLOOKUP(BR20,ABNT5101!$B$4:$B$9,ABNT5101!$D$4:$D$9)) -> 0.6 | BX20: =IF(BY20="-","-",IF(BY20="NÃO ATENDE","NÃO ATENDE",IF(BZ20="NÃO ATENDE","NÃO ATENDE","ATENDE"))) -> ATENDE | BY20: =IF(BR20="-","-",IF(BT20>=BV20,"ATENDE",IF(BT20>=(BV20*0.99),"ATENDIMENTO LIMIAR","NÃO ATENDE"))) -> ATENDE | BZ20: =IF(BR20="-","-",IF(BU20>=BW20,"ATENDE","NÃO ATENDE")) -> ATENDE | CA20: - | CB20: =IF(CC20="-","-",CC20/CE20-1) -> #VALUE! | CE20: =IF(CA20="-","-",_xlfn.XLOOKUP(CA20,ABNT5101!$B$4:$B$9,ABNT5101!$C$4:$C$9)) -> - | CF20: =IF(CA20="-","-",_xlfn.XLOOKUP(CA20,ABNT5101!$B$4:$B$9,ABNT5101!$D$4:$D$9)) -> - | CG20: =IF(CH20="-","-",IF(CH20="NÃO ATENDE","NÃO ATENDE",IF(CI20="NÃO ATENDE","NÃO ATENDE","ATENDE"))) -> - | CH20: =IF(CA20="-","-",IF(CC20>=(CE20),"ATENDE",IF(CC20>=(0.99*CE20),"ATENDIMENTO LIMIAR","NÃO ATENDE"))) -> - | CI20: =IF(CA20="-","-",IF(CD20>=CF20,"ATENDE","NÃO ATENDE")) -> - | CJ20: =_xlfn.XLOOKUP(CK20,'Banco de dados'!$B:$B,'Banco de dados'!$D:$D) -> LEDSTAR | CK20: SL VT 9.1 44W | CL20: =_xlfn.XLOOKUP(CK20,'Banco de dados'!$B:$B,'Banco de dados'!$E:$E) -> LUM LED SL VT 9.1 44W | CN20: =IF(CM20="-","-",_xlfn.XLOOKUP(CM20,'Banco de dados'!$B:$B,'Banco de dados'!$E:$E)) -> 0 | CO20: =AG20 -> 1 | CP20: =_xlfn.XLOOKUP(CK20,'Banco de dados'!$B:$B,'Banco de dados'!$H:$H) -> 44 | CQ20: =_xlfn.XLOOKUP(CM20,'Banco de dados'!$B:$B,'Banco de dados'!$H:$H) -> 0 | CR20: =_xlfn.XLOOKUP(CK20,'Banco de dados'!$B:$B,'Banco de dados'!$F:$F) -> 7657.99 | CS20: =_xlfn.XLOOKUP(CM20,'Banco de dados'!$B:$B,'Banco de dados'!$F:$F) -> 0 | CT20: 0 | CV20: =IF(AI20<=0.5,"Curto I",IF(AND(AI20>='Braços de IP'!$B$9,AI20<='Braços de IP'!$D$9),'Braços de IP'!$E$9,IF(AND(AI20>='Braços de IP'!$B$10,AI20<='Braços de IP'!$D$10),'Braços de IP'!$E$10,IF(AND(AI20>='Braços de IP'!$B$11,AI20<='Braços de IP'!$D$11),'Braços de IP'!$E$11,IF(AND(AI20>='Braços de IP'!$B$12,AI20<='Braços de IP'!$D$12),'Braços de IP'!$E$12,IF(AND(AI20>='Braços de IP'!$B$13,AI20<='Braços de IP'!$D$13),'Braços de IP'!$E$13,IF(AND(AI20>='Braços de IP'!$B$14,AI20<='Braços de IP'!$D$14),'Braços de IP'!$E$14,"ERRO"))))))) -> Médio II | CX20: =IF($CW20="","",VLOOKUP($CW20,'Braços de IP'!$E$9:$I$15,2,0)) | CY20: =IF($CW20="","",VLOOKUP($CW20,'Braços de IP'!$E$9:$I$15,5,0)) | DF20: =CP20 -> 44 | DG20: =M20 -> 50 | DH20: =SUM(DF20:DG20)*CO20 -> 94 | DI20: =1-DF20/DG20 -> 0.12 | DL20: Não | DO20: =((M20+N20)-CP20)/(M20+N20) -> 0.12 | DQ20: Classe | DR20: Quantidade | DS20: %
C21: Carol | D21: 7 | E21: PV | F21: Marina Park Residence | G21: -29.996541 | H21: -50.18724 | I21: C4 | J21: - | K21: P6 | L21: LED | M21: 50 | N21: 0 | O21: 0 | P21: =M21*AG21*2 -> 100 | Q21: 2 | R21: 2 | S21: 7 | V21: 0 | W21: 0 | X21: 0 | Y21: 0 | Z21: 0 | AA21: 0 | AB21: 0 | AC21: Unilateral | AD21: Braço | AE21: 33.5 | AF21: 7 | AG21: 1 | AH21: 0.2 | AI21: 2.5 | AJ21: =AI21-AH21 -> 2.3 | AK21: - | AL21: - | AM21: Não | AN21: =IF(AC21="Unilateral",2*AG21,IF(AC21="Bilateral Alternada",3*AG21,IF(AC21="Bilateral Frontal",4*AG21,IF(AC21="Canteiro Central",2*AG21,"erro")))) -> 2 | AO21: 0 | AP21: 0 | AQ21: 0 | AR21: 0 | AS21: 0 | AT21: - | AU21: =IF(AO21=0,0,IF(AC21="Unilateral",2*AO21,IF(AC21="Bilateral Alternada",3*AO21,IF(AC21="Bilateral Frontal",4*AO21,IF(AC21="Canteiro Central",2*AO21,"erro"))))) -> 0 | AW21: =VLOOKUP(I21,ABNT5101!$I$3:$J$9,2) -> 10 | AX21: =VLOOKUP(I21,ABNT5101!$I$3:$M$9,5) -> 0.18 | AY21: =_xlfn.XLOOKUP(I21,ABNT5101!$I:$I,ABNT5101!$L:$L) -> - | AZ21: =_xlfn.XLOOKUP(I21,ABNT5101!$I:$I,ABNT5101!M:M) -> 0.18 | BA21: =_xlfn.XLOOKUP(I21,ABNT5101!$I:$I,ABNT5101!N:N) -> - | BB21: =_xlfn.XLOOKUP(I21,ABNT5101!$I:$I,ABNT5101!O:O) -> 16 | BC21: =IF(BM21="NÃO ATENDE","NÃO ATENDE",IF(BX21="NÃO ATENDE","NÃO ATENDE",IF(CG21="NÃO ATENDE","NÃO ATENDE","ATENDE"))) -> ATENDE | BD21: =BG21/AW21-1 -> 0.076 | BE21: =BH21/AX21-1 -> 1.3333333 | BF21: =IF($I21="M6",BI21/AY21-1,"-") -> - | BG21: 10.76 | BH21: 0.42 | BM21: =IF(OR(BN21="NÃO ATENDE",BO21="NÃO ATENDE",BP21="NÃO ATENDE"),"NÃO ATENDE","ATENDE") -> ATENDE | BN21: =IF(BG21>=AW21,"ATENDE",IF(BG21>=0.99*AW21,"ATENDIMENTO LIMIAR","NÃO ATENDE")) -> ATENDE | BO21: =IF(BH21>=AX21,"ATENDE",IF(BH21>=(AX21-0.02),"ATENDIMENTO LIMIAR","NÃO ATENDE")) -> ATENDE | BP21: =IF(AY21="-","ATENDE",IF(BI21>=AY21,"ATENDE",IF(BI21>=(AY21-0.02),"ATENDIMENTO LIMIAR","NÃO ATENDE"))) -> ATENDE | BQ21: =I21 -> C4 | BR21: =K21 -> P6 | BS21: =IF(BT21="-","-",BT21/BV21-1) -> 1.21 | BT21: 6.63 | BU21: 2.61 | BV21: =IF(BR21="-","-",_xlfn.XLOOKUP(BR21,ABNT5101!$B$4:$B$9,ABNT5101!$C$4:$C$9)) -> 3 | BW21: =IF(BR21="-","-",_xlfn.XLOOKUP(BR21,ABNT5101!$B$4:$B$9,ABNT5101!$D$4:$D$9)) -> 0.6 | BX21: =IF(BY21="-","-",IF(BY21="NÃO ATENDE","NÃO ATENDE",IF(BZ21="NÃO ATENDE","NÃO ATENDE","ATENDE"))) -> ATENDE | BY21: =IF(BR21="-","-",IF(BT21>=BV21,"ATENDE",IF(BT21>=(BV21*0.99),"ATENDIMENTO LIMIAR","NÃO ATENDE"))) -> ATENDE | BZ21: =IF(BR21="-","-",IF(BU21>=BW21,"ATENDE","NÃO ATENDE")) -> ATENDE | CA21: - | CB21: =IF(CC21="-","-",CC21/CE21-1) -> #VALUE! | CE21: =IF(CA21="-","-",_xlfn.XLOOKUP(CA21,ABNT5101!$B$4:$B$9,ABNT5101!$C$4:$C$9)) -> - | CF21: =IF(CA21="-","-",_xlfn.XLOOKUP(CA21,ABNT5101!$B$4:$B$9,ABNT5101!$D$4:$D$9)) -> - | CG21: =IF(CH21="-","-",IF(CH21="NÃO ATENDE","NÃO ATENDE",IF(CI21="NÃO ATENDE","NÃO ATENDE","ATENDE"))) -> - | CH21: =IF(CA21="-","-",IF(CC21>=(CE21),"ATENDE",IF(CC21>=(0.99*CE21),"ATENDIMENTO LIMIAR","NÃO ATENDE"))) -> - | CI21: =IF(CA21="-","-",IF(CD21>=CF21,"ATENDE","NÃO ATENDE")) -> - | CJ21: =_xlfn.XLOOKUP(CK21,'Banco de dados'!$B:$B,'Banco de dados'!$D:$D) -> SX LIGHTING | CK21: SX-INEVO040HF | CL21: =_xlfn.XLOOKUP(CK21,'Banco de dados'!$B:$B,'Banco de dados'!$E:$E) -> SXINEVO040K40L12CZF7PHF | CN21: =IF(CM21="-","-",_xlfn.XLOOKUP(CM21,'Banco de dados'!$B:$B,'Banco de dados'!$E:$E)) -> 0 | CO21: =AG21 -> 1 | CP21: =_xlfn.XLOOKUP(CK21,'Banco de dados'!$B:$B,'Banco de dados'!$H:$H) -> 39 | CQ21: =_xlfn.XLOOKUP(CM21,'Banco de dados'!$B:$B,'Banco de dados'!$H:$H) -> 0 | CR21: =_xlfn.XLOOKUP(CK21,'Banco de dados'!$B:$B,'Banco de dados'!$F:$F) -> 6552 | CS21: =_xlfn.XLOOKUP(CM21,'Banco de dados'!$B:$B,'Banco de dados'!$F:$F) -> 0 | CT21: 0 | CV21: =IF(AI21<=0.5,"Curto I",IF(AND(AI21>='Braços de IP'!$B$9,AI21<='Braços de IP'!$D$9),'Braços de IP'!$E$9,IF(AND(AI21>='Braços de IP'!$B$10,AI21<='Braços de IP'!$D$10),'Braços de IP'!$E$10,IF(AND(AI21>='Braços de IP'!$B$11,AI21<='Braços de IP'!$D$11),'Braços de IP'!$E$11,IF(AND(AI21>='Braços de IP'!$B$12,AI21<='Braços de IP'!$D$12),'Braços de IP'!$E$12,IF(AND(AI21>='Braços de IP'!$B$13,AI21<='Braços de IP'!$D$13),'Braços de IP'!$E$13,IF(AND(AI21>='Braços de IP'!$B$14,AI21<='Braços de IP'!$D$14),'Braços de IP'!$E$14,"ERRO"))))))) -> Médio II | CX21: =IF($CW21="","",VLOOKUP($CW21,'Braços de IP'!$E$9:$I$15,2,0)) | CY21: =IF($CW21="","",VLOOKUP($CW21,'Braços de IP'!$E$9:$I$15,5,0)) | DF21: =CP21 -> 39 | DG21: =M21 -> 50 | DH21: =SUM(DF21:DG21)*CO21 -> 89 | DI21: =1-DF21/DG21 -> 0.22 | DL21: Não | DO21: =((M21+N21)-CP21)/(M21+N21) -> 0.22 | DQ21: Classe | DR21: Quantidade | DS21: %
C22: Carol | D22: 7 | E22: PV | F22: Marina Park Residence | G22: -29.996541 | H22: -50.18724 | I22: C4 | J22: - | K22: P6 | L22: LED | M22: 50 | N22: 0 | O22: 0 | P22: =M22*AG22*2 -> 100 | Q22: 2 | R22: 2 | S22: 7 | V22: 0 | W22: 0 | X22: 0 | Y22: 0 | Z22: 0 | AA22: 0 | AB22: 0 | AC22: Unilateral | AD22: Braço | AE22: 33.5 | AF22: 7 | AG22: 1 | AH22: 0.2 | AI22: 2.5 | AJ22: =AI22-AH22 -> 2.3 | AK22: - | AL22: - | AM22: Não | AN22: =IF(AC22="Unilateral",2*AG22,IF(AC22="Bilateral Alternada",3*AG22,IF(AC22="Bilateral Frontal",4*AG22,IF(AC22="Canteiro Central",2*AG22,"erro")))) -> 2 | AO22: 0 | AP22: 0 | AQ22: 0 | AR22: 0 | AS22: 0 | AT22: - | AU22: =IF(AO22=0,0,IF(AC22="Unilateral",2*AO22,IF(AC22="Bilateral Alternada",3*AO22,IF(AC22="Bilateral Frontal",4*AO22,IF(AC22="Canteiro Central",2*AO22,"erro"))))) -> 0 | AW22: =VLOOKUP(I22,ABNT5101!$I$3:$J$9,2) -> 10 | AX22: =VLOOKUP(I22,ABNT5101!$I$3:$M$9,5) -> 0.18 | AY22: =_xlfn.XLOOKUP(I22,ABNT5101!$I:$I,ABNT5101!$L:$L) -> - | AZ22: =_xlfn.XLOOKUP(I22,ABNT5101!$I:$I,ABNT5101!M:M) -> 0.18 | BA22: =_xlfn.XLOOKUP(I22,ABNT5101!$I:$I,ABNT5101!N:N) -> - | BB22: =_xlfn.XLOOKUP(I22,ABNT5101!$I:$I,ABNT5101!O:O) -> 16 | BC22: =IF(BM22="NÃO ATENDE","NÃO ATENDE",IF(BX22="NÃO ATENDE","NÃO ATENDE",IF(CG22="NÃO ATENDE","NÃO ATENDE","ATENDE"))) -> ATENDE | BD22: =BG22/AW22-1 -> 0.228 | BE22: =BH22/AX22-1 -> 1.1666667 | BF22: =IF($I22="M6",BI22/AY22-1,"-") -> - | BG22: 12.28 | BH22: 0.39 | BM22: =IF(OR(BN22="NÃO ATENDE",BO22="NÃO ATENDE",BP22="NÃO ATENDE"),"NÃO ATENDE","ATENDE") -> ATENDE | BN22: =IF(BG22>=AW22,"ATENDE",IF(BG22>=0.99*AW22,"ATENDIMENTO LIMIAR","NÃO ATENDE")) -> ATENDE | BO22: =IF(BH22>=AX22,"ATENDE",IF(BH22>=(AX22-0.02),"ATENDIMENTO LIMIAR","NÃO ATENDE")) -> ATENDE | BP22: =IF(AY22="-","ATENDE",IF(BI22>=AY22,"ATENDE",IF(BI22>=(AY22-0.02),"ATENDIMENTO LIMIAR","NÃO ATENDE"))) -> ATENDE | BQ22: =I22 -> C4 | BR22: =K22 -> P6 | BS22: =IF(BT22="-","-",BT22/BV22-1) -> 1.3 | BT22: 6.9 | BU22: 2.85 | BV22: =IF(BR22="-","-",_xlfn.XLOOKUP(BR22,ABNT5101!$B$4:$B$9,ABNT5101!$C$4:$C$9)) -> 3 | BW22: =IF(BR22="-","-",_xlfn.XLOOKUP(BR22,ABNT5101!$B$4:$B$9,ABNT5101!$D$4:$D$9)) -> 0.6 | BX22: =IF(BY22="-","-",IF(BY22="NÃO ATENDE","NÃO ATENDE",IF(BZ22="NÃO ATENDE","NÃO ATENDE","ATENDE"))) -> ATENDE | BY22: =IF(BR22="-","-",IF(BT22>=BV22,"ATENDE",IF(BT22>=(BV22*0.99),"ATENDIMENTO LIMIAR","NÃO ATENDE"))) -> ATENDE | BZ22: =IF(BR22="-","-",IF(BU22>=BW22,"ATENDE","NÃO ATENDE")) -> ATENDE | CA22: - | CB22: =IF(CC22="-","-",CC22/CE22-1) -> #VALUE! | CE22: =IF(CA22="-","-",_xlfn.XLOOKUP(CA22,ABNT5101!$B$4:$B$9,ABNT5101!$C$4:$C$9)) -> - | CF22: =IF(CA22="-","-",_xlfn.XLOOKUP(CA22,ABNT5101!$B$4:$B$9,ABNT5101!$D$4:$D$9)) -> - | CG22: =IF(CH22="-","-",IF(CH22="NÃO ATENDE","NÃO ATENDE",IF(CI22="NÃO ATENDE","NÃO ATENDE","ATENDE"))) -> - | CH22: =IF(CA22="-","-",IF(CC22>=(CE22),"ATENDE",IF(CC22>=(0.99*CE22),"ATENDIMENTO LIMIAR","NÃO ATENDE"))) -> - | CI22: =IF(CA22="-","-",IF(CD22>=CF22,"ATENDE","NÃO ATENDE")) -> - | CJ22: =_xlfn.XLOOKUP(CK22,'Banco de dados'!$B:$B,'Banco de dados'!$D:$D) -> TECNOWATT | CK22: SIGSAGPTLRRSSNDL_40W_50IBBRS | CL22: =_xlfn.XLOOKUP(CK22,'Banco de dados'!$B:$B,'Banco de dados'!$E:$E) -> SIGSAGPTLRRSSNDL_40W_50IBBRS 1-10C1MUN6.5 | CN22: =IF(CM22="-","-",_xlfn.XLOOKUP(CM22,'Banco de dados'!$B:$B,'Banco de dados'!$E:$E)) -> 0 | CO22: =AG22 -> 1 | CP22: =_xlfn.XLOOKUP(CK22,'Banco de dados'!$B:$B,'Banco de dados'!$H:$H) -> 40 | CQ22: =_xlfn.XLOOKUP(CM22,'Banco de dados'!$B:$B,'Banco de dados'!$H:$H) -> 0 | CR22: =_xlfn.XLOOKUP(CK22,'Banco de dados'!$B:$B,'Banco de dados'!$F:$F) -> 6641 | CS22: =_xlfn.XLOOKUP(CM22,'Banco de dados'!$B:$B,'Banco de dados'!$F:$F) -> 0 | CT22: 0 | CV22: =IF(AI22<=0.5,"Curto I",IF(AND(AI22>='Braços de IP'!$B$9,AI22<='Braços de IP'!$D$9),'Braços de IP'!$E$9,IF(AND(AI22>='Braços de IP'!$B$10,AI22<='Braços de IP'!$D$10),'Braços de IP'!$E$10,IF(AND(AI22>='Braços de IP'!$B$11,AI22<='Braços de IP'!$D$11),'Braços de IP'!$E$11,IF(AND(AI22>='Braços de IP'!$B$12,AI22<='Braços de IP'!$D$12),'Braços de IP'!$E$12,IF(AND(AI22>='Braços de IP'!$B$13,AI22<='Braços de IP'!$D$13),'Braços de IP'!$E$13,IF(AND(AI22>='Braços de IP'!$B$14,AI22<='Braços de IP'!$D$14),'Braços de IP'!$E$14,"ERRO"))))))) -> Médio II | CX22: =IF($CW22="","",VLOOKUP($CW22,'Braços de IP'!$E$9:$I$15,2,0)) | CY22: =IF($CW22="","",VLOOKUP($CW22,'Braços de IP'!$E$9:$I$15,5,0)) | DF22: =CP22 -> 40 | DG22: =M22 -> 50 | DH22: =SUM(DF22:DG22)*CO22 -> 90 | DI22: =1-DF22/DG22 -> 0.2 | DL22: Não | DO22: =((M22+N22)-CP22)/(M22+N22) -> 0.2 | DQ22: Classe | DR22: Quantidade | DS22: %
C23: Carol | D23: 5 | E23: PVP | F23: Rua R Seis, 57 | G23: -30.068599 | H23: -50.163374 | I23: C5 | J23: - | K23: P6 | L23: Vapor de sódio | M23: 100 | N23: 17 | O23: 0 | P23: =M23*AG23*2 -> 200 | Q23: 2 | R23: 3.5 | S23: 7 | V23: 0 | W23: 3.5 | X23: 0 | Y23: 0 | Z23: 0 | AA23: 0 | AB23: 0 | AC23: Unilateral | AD23: Braço | AE23: 29.5 | AF23: 7.5 | AG23: 1 | AH23: 0.4 | AI23: 1.3 | AJ23: =AI23-AH23 -> 0.9 | AK23: - | AL23: - | AM23: Não | AN23: =IF(AC23="Unilateral",2*AG23,IF(AC23="Bilateral Alternada",3*AG23,IF(AC23="Bilateral Frontal",4*AG23,IF(AC23="Canteiro Central",2*AG23,"erro")))) -> 2 | AO23: 0 | AP23: 0 | AQ23: 0 | AR23: 0 | AS23: 0 | AT23: - | AU23: =IF(AO23=0,0,IF(AC23="Unilateral",2*AO23,IF(AC23="Bilateral Alternada",3*AO23,IF(AC23="Bilateral Frontal",4*AO23,IF(AC23="Canteiro Central",2*AO23,"erro"))))) -> 0 | AW23: =VLOOKUP(I23,ABNT5101!$I$3:$J$9,2) -> 7.5 | AX23: =VLOOKUP(I23,ABNT5101!$I$3:$M$9,5) -> 0.18 | AY23: =_xlfn.XLOOKUP(I23,ABNT5101!$I:$I,ABNT5101!$L:$L) -> - | AZ23: =_xlfn.XLOOKUP(I23,ABNT5101!$I:$I,ABNT5101!M:M) -> 0.18 | BA23: =_xlfn.XLOOKUP(I23,ABNT5101!$I:$I,ABNT5101!N:N) -> - | BB23: =_xlfn.XLOOKUP(I23,ABNT5101!$I:$I,ABNT5101!O:O) -> 16 | BC23: =IF(BM23="NÃO ATENDE","NÃO ATENDE",IF(BX23="NÃO ATENDE","NÃO ATENDE",IF(CG23="NÃO ATENDE","NÃO ATENDE","ATENDE"))) -> ATENDE | BD23: =BG23/AW23-1 -> 0.034666667 | BE23: =BH23/AX23-1 -> 1.8333333 | BF23: =IF($I23="M6",BI23/AY23-1,"-") -> - | BG23: 7.76 | BH23: 0.51 | BM23: =IF(OR(BN23="NÃO ATENDE",BO23="NÃO ATENDE",BP23="NÃO ATENDE"),"NÃO ATENDE","ATENDE") -> ATENDE | BN23: =IF(BG23>=AW23,"ATENDE",IF(BG23>=0.99*AW23,"ATENDIMENTO LIMIAR","NÃO ATENDE")) -> ATENDE | BO23: =IF(BH23>=AX23,"ATENDE",IF(BH23>=(AX23-0.02),"ATENDIMENTO LIMIAR","NÃO ATENDE")) -> ATENDE | BP23: =IF(AY23="-","ATENDE",IF(BI23>=AY23,"ATENDE",IF(BI23>=(AY23-0.02),"ATENDIMENTO LIMIAR","NÃO ATENDE"))) -> ATENDE | BQ23: =I23 -> C5 | BR23: =K23 -> P6 | BS23: =IF(BT23="-","-",BT23/BV23-1) -> 0.98666667 | BT23: 5.96 | BU23: 2.9 | BV23: =IF(BR23="-","-",_xlfn.XLOOKUP(BR23,ABNT5101!$B$4:$B$9,ABNT5101!$C$4:$C$9)) -> 3 | BW23: =IF(BR23="-","-",_xlfn.XLOOKUP(BR23,ABNT5101!$B$4:$B$9,ABNT5101!$D$4:$D$9)) -> 0.6 | BX23: =IF(BY23="-","-",IF(BY23="NÃO ATENDE","NÃO ATENDE",IF(BZ23="NÃO ATENDE","NÃO ATENDE","ATENDE"))) -> ATENDE | BY23: =IF(BR23="-","-",IF(BT23>=BV23,"ATENDE",IF(BT23>=(BV23*0.99),"ATENDIMENTO LIMIAR","NÃO ATENDE"))) -> ATENDE | BZ23: =IF(BR23="-","-",IF(BU23>=BW23,"ATENDE","NÃO ATENDE")) -> ATENDE | CA23: - | CB23: =IF(CC23="-","-",CC23/CE23-1) -> #VALUE! | CC23: 4.48 | CD23: 2.49 | CE23: =IF(CA23="-","-",_xlfn.XLOOKUP(CA23,ABNT5101!$B$4:$B$9,ABNT5101!$C$4:$C$9)) -> - | CF23: =IF(CA23="-","-",_xlfn.XLOOKUP(CA23,ABNT5101!$B$4:$B$9,ABNT5101!$D$4:$D$9)) -> - | CG23: =IF(CH23="-","-",IF(CH23="NÃO ATENDE","NÃO ATENDE",IF(CI23="NÃO ATENDE","NÃO ATENDE","ATENDE"))) -> - | CH23: =IF(CA23="-","-",IF(CC23>=(CE23),"ATENDE",IF(CC23>=(0.99*CE23),"ATENDIMENTO LIMIAR","NÃO ATENDE"))) -> - | CI23: =IF(CA23="-","-",IF(CD23>=CF23,"ATENDE","NÃO ATENDE")) -> - | CJ23: =_xlfn.XLOOKUP(CK23,'Banco de dados'!$B:$B,'Banco de dados'!$D:$D) -> LEDSTAR | CK23: SL VT 9.1 28W | CL23: =_xlfn.XLOOKUP(CK23,'Banco de dados'!$B:$B,'Banco de dados'!$E:$E) -> LUM LED SL VT 9.1 28W | CN23: =IF(CM23="-","-",_xlfn.XLOOKUP(CM23,'Banco de dados'!$B:$B,'Banco de dados'!$E:$E)) -> #N/A | CO23: =AG23 -> 1 | CP23: =_xlfn.XLOOKUP(CK23,'Banco de dados'!$B:$B,'Banco de dados'!$H:$H) -> 28 | CQ23: =_xlfn.XLOOKUP(CM23,'Banco de dados'!$B:$B,'Banco de dados'!$H:$H) -> 0 | CR23: =_xlfn.XLOOKUP(CK23,'Banco de dados'!$B:$B,'Banco de dados'!$F:$F) -> 4927.35 | CS23: =_xlfn.XLOOKUP(CM23,'Banco de dados'!$B:$B,'Banco de dados'!$F:$F) -> 0 | CT23: 0 | CV23: =IF(AI23<=0.5,"Curto I",IF(AND(AI23>='Braços de IP'!$B$9,AI23<='Braços de IP'!$D$9),'Braços de IP'!$E$9,IF(AND(AI23>='Braços de IP'!$B$10,AI23<='Braços de IP'!$D$10),'Braços de IP'!$E$10,IF(AND(AI23>='Braços de IP'!$B$11,AI23<='Braços de IP'!$D$11),'Braços de IP'!$E$11,IF(AND(AI23>='Braços de IP'!$B$12,AI23<='Braços de IP'!$D$12),'Braços de IP'!$E$12,IF(AND(AI23>='Braços de IP'!$B$13,AI23<='Braços de IP'!$D$13),'Braços de IP'!$E$13,IF(AND(AI23>='Braços de IP'!$B$14,AI23<='Braços de IP'!$D$14),'Braços de IP'!$E$14,"ERRO"))))))) -> Curto II | CX23: =IF($CW23="","",VLOOKUP($CW23,'Braços de IP'!$E$9:$I$15,2,0)) | CY23: =IF($CW23="","",VLOOKUP($CW23,'Braços de IP'!$E$9:$I$15,5,0)) | DF23: =CP23 -> 28 | DG23: =M23 -> 100 | DH23: =SUM(DF23:DG23)*CO23 -> 128 | DI23: =1-DF23/DG23 -> 0.72 | DL23: Sim | DO23: =((M23+N23)-CP23)/(M23+N23) -> 0.76068376 | DQ23: Classe | DR23: Quantidade | DS23: %
C24: Carol | D24: 5 | E24: PVP | F24: Rua R Seis, 57 | G24: -30.068599 | H24: -50.163374 | I24: C5 | J24: - | K24: P6 | L24: Vapor de sódio | M24: 100 | N24: 17 | O24: 0 | P24: =M24*AG24*2 -> 200 | Q24: 2 | R24: 3.5 | S24: 7 | V24: 0 | W24: 3.5 | X24: 0 | Y24: 0 | Z24: 0 | AA24: 0 | AB24: 0 | AC24: Unilateral | AD24: Braço | AE24: 29.5 | AF24: 7.5 | AG24: 1 | AH24: 0.4 | AI24: 1.3 | AJ24: =AI24-AH24 -> 0.9 | AK24: - | AL24: - | AM24: Não | AN24: =IF(AC24="Unilateral",2*AG24,IF(AC24="Bilateral Alternada",3*AG24,IF(AC24="Bilateral Frontal",4*AG24,IF(AC24="Canteiro Central",2*AG24,"erro")))) -> 2 | AO24: 0 | AP24: 0 | AQ24: 0 | AR24: 0 | AS24: 0 | AT24: - | AU24: =IF(AO24=0,0,IF(AC24="Unilateral",2*AO24,IF(AC24="Bilateral Alternada",3*AO24,IF(AC24="Bilateral Frontal",4*AO24,IF(AC24="Canteiro Central",2*AO24,"erro"))))) -> 0 | AW24: =VLOOKUP(I24,ABNT5101!$I$3:$J$9,2) -> 7.5 | AX24: =VLOOKUP(I24,ABNT5101!$I$3:$M$9,5) -> 0.18 | AY24: =_xlfn.XLOOKUP(I24,ABNT5101!$I:$I,ABNT5101!$L:$L) -> - | AZ24: =_xlfn.XLOOKUP(I24,ABNT5101!$I:$I,ABNT5101!M:M) -> 0.18 | BA24: =_xlfn.XLOOKUP(I24,ABNT5101!$I:$I,ABNT5101!N:N) -> - | BB24: =_xlfn.XLOOKUP(I24,ABNT5101!$I:$I,ABNT5101!O:O) -> 16 | BC24: =IF(BM24="NÃO ATENDE","NÃO ATENDE",IF(BX24="NÃO ATENDE","NÃO ATENDE",IF(CG24="NÃO ATENDE","NÃO ATENDE","ATENDE"))) -> ATENDE | BD24: =BG24/AW24-1 -> 0.288 | BE24: =BH24/AX24-1 -> 3.0555556 | BF24: =IF($I24="M6",BI24/AY24-1,"-") -> - | BG24: 9.66 | BH24: 0.73 | BM24: =IF(OR(BN24="NÃO ATENDE",BO24="NÃO ATENDE",BP24="NÃO ATENDE"),"NÃO ATENDE","ATENDE") -> ATENDE | BN24: =IF(BG24>=AW24,"ATENDE",IF(BG24>=0.99*AW24,"ATENDIMENTO LIMIAR","NÃO ATENDE")) -> ATENDE | BO24: =IF(BH24>=AX24,"ATENDE",IF(BH24>=(AX24-0.02),"ATENDIMENTO LIMIAR","NÃO ATENDE")) -> ATENDE | BP24: =IF(AY24="-","ATENDE",IF(BI24>=AY24,"ATENDE",IF(BI24>=(AY24-0.02),"ATENDIMENTO LIMIAR","NÃO ATENDE"))) -> ATENDE | BQ24: =I24 -> C5 | BR24: =K24 -> P6 | BS24: =IF(BT24="-","-",BT24/BV24-1) -> 1.2666667 | BT24: 6.8 | BU24: 3.23 | BV24: =IF(BR24="-","-",_xlfn.XLOOKUP(BR24,ABNT5101!$B$4:$B$9,ABNT5101!$C$4:$C$9)) -> 3 | BW24: =IF(BR24="-","-",_xlfn.XLOOKUP(BR24,ABNT5101!$B$4:$B$9,ABNT5101!$D$4:$D$9)) -> 0.6 | BX24: =IF(BY24="-","-",IF(BY24="NÃO ATENDE","NÃO ATENDE",IF(BZ24="NÃO ATENDE","NÃO ATENDE","ATENDE"))) -> ATENDE | BY24: =IF(BR24="-","-",IF(BT24>=BV24,"ATENDE",IF(BT24>=(BV24*0.99),"ATENDIMENTO LIMIAR","NÃO ATENDE"))) -> ATENDE | BZ24: =IF(BR24="-","-",IF(BU24>=BW24,"ATENDE","NÃO ATENDE")) -> ATENDE | CA24: - | CB24: =IF(CC24="-","-",CC24/CE24-1) -> #VALUE! | CC24: 4.64 | CD24: 2.46 | CE24: =IF(CA24="-","-",_xlfn.XLOOKUP(CA24,ABNT5101!$B$4:$B$9,ABNT5101!$C$4:$C$9)) -> - | CF24: =IF(CA24="-","-",_xlfn.XLOOKUP(CA24,ABNT5101!$B$4:$B$9,ABNT5101!$D$4:$D$9)) -> - | CG24: =IF(CH24="-","-",IF(CH24="NÃO ATENDE","NÃO ATENDE",IF(CI24="NÃO ATENDE","NÃO ATENDE","ATENDE"))) -> - | CH24: =IF(CA24="-","-",IF(CC24>=(CE24),"ATENDE",IF(CC24>=(0.99*CE24),"ATENDIMENTO LIMIAR","NÃO ATENDE"))) -> - | CI24: =IF(CA24="-","-",IF(CD24>=CF24,"ATENDE","NÃO ATENDE")) -> - | CJ24: =_xlfn.XLOOKUP(CK24,'Banco de dados'!$B:$B,'Banco de dados'!$D:$D) -> SX LIGHTING | CK24: SX-INEVO030HF | CL24: =_xlfn.XLOOKUP(CK24,'Banco de dados'!$B:$B,'Banco de dados'!$E:$E) -> SXINEVO030K40L12CZF7PHF | CN24: =IF(CM24="-","-",_xlfn.XLOOKUP(CM24,'Banco de dados'!$B:$B,'Banco de dados'!$E:$E)) -> 0 | CO24: =AG24 -> 1 | CP24: =_xlfn.XLOOKUP(CK24,'Banco de dados'!$B:$B,'Banco de dados'!$H:$H) -> 31 | CQ24: =_xlfn.XLOOKUP(CM24,'Banco de dados'!$B:$B,'Banco de dados'!$H:$H) -> 0 | CR24: =_xlfn.XLOOKUP(CK24,'Banco de dados'!$B:$B,'Banco de dados'!$F:$F) -> 5270 | CS24: =_xlfn.XLOOKUP(CM24,'Banco de dados'!$B:$B,'Banco de dados'!$F:$F) -> 0 | CT24: 0 | CV24: =IF(AI24<=0.5,"Curto I",IF(AND(AI24>='Braços de IP'!$B$9,AI24<='Braços de IP'!$D$9),'Braços de IP'!$E$9,IF(AND(AI24>='Braços de IP'!$B$10,AI24<='Braços de IP'!$D$10),'Braços de IP'!$E$10,IF(AND(AI24>='Braços de IP'!$B$11,AI24<='Braços de IP'!$D$11),'Braços de IP'!$E$11,IF(AND(AI24>='Braços de IP'!$B$12,AI24<='Braços de IP'!$D$12),'Braços de IP'!$E$12,IF(AND(AI24>='Braços de IP'!$B$13,AI24<='Braços de IP'!$D$13),'Braços de IP'!$E$13,IF(AND(AI24>='Braços de IP'!$B$14,AI24<='Braços de IP'!$D$14),'Braços de IP'!$E$14,"ERRO"))))))) -> Curto II | CX24: =IF($CW24="","",VLOOKUP($CW24,'Braços de IP'!$E$9:$I$15,2,0)) | CY24: =IF($CW24="","",VLOOKUP($CW24,'Braços de IP'!$E$9:$I$15,5,0)) | DF24: =CP24 -> 31 | DG24: =M24 -> 100 | DH24: =SUM(DF24:DG24)*CO24 -> 131 | DI24: =1-DF24/DG24 -> 0.69 | DL24: Sim | DO24: =((M24+N24)-CP24)/(M24+N24) -> 0.73504274 | DQ24: Classe | DR24: Quantidade | DS24: %
C25: Carol | D25: 5 | E25: PVP | F25: Rua R Seis, 57 | G25: -30.068599 | H25: -50.163374 | I25: C5 | J25: - | K25: P6 | L25: Vapor de sódio | M25: 100 | N25: 17 | O25: 0 | P25: =M25*AG25*2 -> 200 | Q25: 2 | R25: 3.5 | S25: 7 | V25: 0 | W25: 3.5 | X25: 0 | Y25: 0 | Z25: 0 | AA25: 0 | AB25: 0 | AC25: Unilateral | AD25: Braço | AE25: 29.5 | AF25: 7.5 | AG25: 1 | AH25: 0.4 | AI25: 1.3 | AJ25: =AI25-AH25 -> 0.9 | AK25: - | AL25: - | AM25: Não | AN25: =IF(AC25="Unilateral",2*AG25,IF(AC25="Bilateral Alternada",3*AG25,IF(AC25="Bilateral Frontal",4*AG25,IF(AC25="Canteiro Central",2*AG25,"erro")))) -> 2 | AO25: 0 | AP25: 0 | AQ25: 0 | AR25: 0 | AS25: 0 | AT25: - | AU25: =IF(AO25=0,0,IF(AC25="Unilateral",2*AO25,IF(AC25="Bilateral Alternada",3*AO25,IF(AC25="Bilateral Frontal",4*AO25,IF(AC25="Canteiro Central",2*AO25,"erro"))))) -> 0 | AW25: =VLOOKUP(I25,ABNT5101!$I$3:$J$9,2) -> 7.5 | AX25: =VLOOKUP(I25,ABNT5101!$I$3:$M$9,5) -> 0.18 | AY25: =_xlfn.XLOOKUP(I25,ABNT5101!$I:$I,ABNT5101!$L:$L) -> - | AZ25: =_xlfn.XLOOKUP(I25,ABNT5101!$I:$I,ABNT5101!M:M) -> 0.18 | BA25: =_xlfn.XLOOKUP(I25,ABNT5101!$I:$I,ABNT5101!N:N) -> - | BB25: =_xlfn.XLOOKUP(I25,ABNT5101!$I:$I,ABNT5101!O:O) -> 16 | BC25: =IF(BM25="NÃO ATENDE","NÃO ATENDE",IF(BX25="NÃO ATENDE","NÃO ATENDE",IF(CG25="NÃO ATENDE","NÃO ATENDE","ATENDE"))) -> ATENDE | BD25: =BG25/AW25-1 -> 0.276 | BE25: =BH25/AX25-1 -> 2.6666667 | BF25: =IF($I25="M6",BI25/AY25-1,"-") -> - | BG25: 9.57 | BH25: 0.66 | BM25: =IF(OR(BN25="NÃO ATENDE",BO25="NÃO ATENDE",BP25="NÃO ATENDE"),"NÃO ATENDE","ATENDE") -> ATENDE | BN25: =IF(BG25>=AW25,"ATENDE",IF(BG25>=0.99*AW25,"ATENDIMENTO LIMIAR","NÃO ATENDE")) -> ATENDE | BO25: =IF(BH25>=AX25,"ATENDE",IF(BH25>=(AX25-0.02),"ATENDIMENTO LIMIAR","NÃO ATENDE")) -> ATENDE | BP25: =IF(AY25="-","ATENDE",IF(BI25>=AY25,"ATENDE",IF(BI25>=(AY25-0.02),"ATENDIMENTO LIMIAR","NÃO ATENDE"))) -> ATENDE | BQ25: =I25 -> C5 | BR25: =K25 -> P6 | BS25: =IF(BT25="-","-",BT25/BV25-1) -> 1.3033333 | BT25: 6.91 | BU25: 4.09 | BV25: =IF(BR25="-","-",_xlfn.XLOOKUP(BR25,ABNT5101!$B$4:$B$9,ABNT5101!$C$4:$C$9)) -> 3 | BW25: =IF(BR25="-","-",_xlfn.XLOOKUP(BR25,ABNT5101!$B$4:$B$9,ABNT5101!$D$4:$D$9)) -> 0.6 | BX25: =IF(BY25="-","-",IF(BY25="NÃO ATENDE","NÃO ATENDE",IF(BZ25="NÃO ATENDE","NÃO ATENDE","ATENDE"))) -> ATENDE | BY25: =IF(BR25="-","-",IF(BT25>=BV25,"ATENDE",IF(BT25>=(BV25*0.99),"ATENDIMENTO LIMIAR","NÃO ATENDE"))) -> ATENDE | BZ25: =IF(BR25="-","-",IF(BU25>=BW25,"ATENDE","NÃO ATENDE")) -> ATENDE | CA25: - | CB25: =IF(CC25="-","-",CC25/CE25-1) -> #VALUE! | CC25: 4.33 | CD25: 2.64 | CE25: =IF(CA25="-","-",_xlfn.XLOOKUP(CA25,ABNT5101!$B$4:$B$9,ABNT5101!$C$4:$C$9)) -> - | CF25: =IF(CA25="-","-",_xlfn.XLOOKUP(CA25,ABNT5101!$B$4:$B$9,ABNT5101!$D$4:$D$9)) -> - | CG25: =IF(CH25="-","-",IF(CH25="NÃO ATENDE","NÃO ATENDE",IF(CI25="NÃO ATENDE","NÃO ATENDE","ATENDE"))) -> - | CH25: =IF(CA25="-","-",IF(CC25>=(CE25),"ATENDE",IF(CC25>=(0.99*CE25),"ATENDIMENTO LIMIAR","NÃO ATENDE"))) -> - | CI25: =IF(CA25="-","-",IF(CD25>=CF25,"ATENDE","NÃO ATENDE")) -> - | CJ25: =_xlfn.XLOOKUP(CK25,'Banco de dados'!$B:$B,'Banco de dados'!$D:$D) -> TECNOWATT | CK25: SIGSAGPTLRRSSNDL_30W_38IBBRS | CL25: =_xlfn.XLOOKUP(CK25,'Banco de dados'!$B:$B,'Banco de dados'!$E:$E) -> SIGSAGPTLRRSSNDL_30W_38IBBRS 1-10C1MUN6.5 | CN25: =IF(CM25="-","-",_xlfn.XLOOKUP(CM25,'Banco de dados'!$B:$B,'Banco de dados'!$E:$E)) -> #N/A | CO25: =AG25 -> 1 | CP25: =_xlfn.XLOOKUP(CK25,'Banco de dados'!$B:$B,'Banco de dados'!$H:$H) -> 30 | CQ25: =_xlfn.XLOOKUP(CM25,'Banco de dados'!$B:$B,'Banco de dados'!$H:$H) -> 0 | CR25: =_xlfn.XLOOKUP(CK25,'Banco de dados'!$B:$B,'Banco de dados'!$F:$F) -> 5266 | CS25: =_xlfn.XLOOKUP(CM25,'Banco de dados'!$B:$B,'Banco de dados'!$F:$F) -> 0 | CT25: 0 | CV25: =IF(AI25<=0.5,"Curto I",IF(AND(AI25>='Braços de IP'!$B$9,AI25<='Braços de IP'!$D$9),'Braços de IP'!$E$9,IF(AND(AI25>='Braços de IP'!$B$10,AI25<='Braços de IP'!$D$10),'Braços de IP'!$E$10,IF(AND(AI25>='Braços de IP'!$B$11,AI25<='Braços de IP'!$D$11),'Braços de IP'!$E$11,IF(AND(AI25>='Braços de IP'!$B$12,AI25<='Braços de IP'!$D$12),'Braços de IP'!$E$12,IF(AND(AI25>='Braços de IP'!$B$13,AI25<='Braços de IP'!$D$13),'Braços de IP'!$E$13,IF(AND(AI25>='Braços de IP'!$B$14,AI25<='Braços de IP'!$D$14),'Braços de IP'!$E$14,"ERRO"))))))) -> Curto II | CX25: =IF($CW25="","",VLOOKUP($CW25,'Braços de IP'!$E$9:$I$15,2,0)) | CY25: =IF($CW25="","",VLOOKUP($CW25,'Braços de IP'!$E$9:$I$15,5,0)) | DF25: =CP25 -> 30 | DG25: =M25 -> 100 | DH25: =SUM(DF25:DG25)*CO25 -> 130 | DI25: =1-DF25/DG25 -> 0.7 | DL25: Sim | DO25: =((M25+N25)-CP25)/(M25+N25) -> 0.74358974 | DQ25: Classe | DR25: Quantidade | DS25: %
C26: Carol | D26: 6 | E26: PVP | F26: Condominio Maritimo | G26: -29.995253 | H26: -50.19411 | I26: C5 | J26: - | K26: P6 | L26: LED | M26: 50 | N26: 0 | O26: 0 | P26: =M26*AG26*2 -> 100 | Q26: 2 | R26: 1.2 | S26: 5.8 | V26: 0 | W26: 1.2 | X26: 0 | Y26: 0 | Z26: 0 | AA26: 0 | AB26: 0 | AC26: Unilateral | AD26: Braço | AE26: 25.7 | AF26: 8.1 | AG26: 1 | AH26: 1.4 | AI26: 2.5 | AJ26: =AI26-AH26 -> 1.1 | AK26: - | AL26: - | AM26: Não | AN26: =IF(AC26="Unilateral",2*AG26,IF(AC26="Bilateral Alternada",3*AG26,IF(AC26="Bilateral Frontal",4*AG26,IF(AC26="Canteiro Central",2*AG26,"erro")))) -> 2 | AO26: 0 | AP26: 0 | AQ26: 0 | AR26: 0 | AS26: 0 | AT26: - | AU26: =IF(AO26=0,0,IF(AC26="Unilateral",2*AO26,IF(AC26="Bilateral Alternada",3*AO26,IF(AC26="Bilateral Frontal",4*AO26,IF(AC26="Canteiro Central",2*AO26,"erro"))))) -> 0 | AW26: =VLOOKUP(I26,ABNT5101!$I$3:$J$9,2) -> 7.5 | AX26: =VLOOKUP(I26,ABNT5101!$I$3:$M$9,5) -> 0.18 | AY26: =_xlfn.XLOOKUP(I26,ABNT5101!$I:$I,ABNT5101!$L:$L) -> - | AZ26: =_xlfn.XLOOKUP(I26,ABNT5101!$I:$I,ABNT5101!M:M) -> 0.18 | BA26: =_xlfn.XLOOKUP(I26,ABNT5101!$I:$I,ABNT5101!N:N) -> - | BB26: =_xlfn.XLOOKUP(I26,ABNT5101!$I:$I,ABNT5101!O:O) -> 16 | BC26: =IF(BM26="NÃO ATENDE","NÃO ATENDE",IF(BX26="NÃO ATENDE","NÃO ATENDE",IF(CG26="NÃO ATENDE","NÃO ATENDE","ATENDE"))) -> ATENDE | BD26: =BG26/AW26-1 -> 0.15066667 | BE26: =BH26/AX26-1 -> 2.4444444 | BF26: =IF($I26="M6",BI26/AY26-1,"-") -> - | BG26: 8.63 | BH26: 0.62 | BM26: =IF(OR(BN26="NÃO ATENDE",BO26="NÃO ATENDE",BP26="NÃO ATENDE"),"NÃO ATENDE","ATENDE") -> ATENDE | BN26: =IF(BG26>=AW26,"ATENDE",IF(BG26>=0.99*AW26,"ATENDIMENTO LIMIAR","NÃO ATENDE")) -> ATENDE | BO26: =IF(BH26>=AX26,"ATENDE",IF(BH26>=(AX26-0.02),"ATENDIMENTO LIMIAR","NÃO ATENDE")) -> ATENDE | BP26: =IF(AY26="-","ATENDE",IF(BI26>=AY26,"ATENDE",IF(BI26>=(AY26-0.02),"ATENDIMENTO LIMIAR","NÃO ATENDE"))) -> ATENDE | BQ26: =I26 -> C5 | BR26: - | BS26: =IF(BT26="-","-",BT26/BV26-1) -> #VALUE! | BT26: 7.57 | BU26: 4.84 | BV26: =IF(BR26="-","-",_xlfn.XLOOKUP(BR26,ABNT5101!$B$4:$B$9,ABNT5101!$C$4:$C$9)) -> - | BW26: =IF(BR26="-","-",_xlfn.XLOOKUP(BR26,ABNT5101!$B$4:$B$9,ABNT5101!$D$4:$D$9)) -> - | BX26: =IF(BY26="-","-",IF(BY26="NÃO ATENDE","NÃO ATENDE",IF(BZ26="NÃO ATENDE","NÃO ATENDE","ATENDE"))) -> - | BY26: =IF(BR26="-","-",IF(BT26>=BV26,"ATENDE",IF(BT26>=(BV26*0.99),"ATENDIMENTO LIMIAR","NÃO ATENDE"))) -> - | BZ26: =IF(BR26="-","-",IF(BU26>=BW26,"ATENDE","NÃO ATENDE")) -> - | CA26: =K26 -> P6 | CB26: =IF(CC26="-","-",CC26/CE26-1) -> 1.4533333 | CC26: 7.36 | CD26: 5.16 | CE26: =IF(CA26="-","-",_xlfn.XLOOKUP(CA26,ABNT5101!$B$4:$B$9,ABNT5101!$C$4:$C$9)) -> 3 | CF26: =IF(CA26="-","-",_xlfn.XLOOKUP(CA26,ABNT5101!$B$4:$B$9,ABNT5101!$D$4:$D$9)) -> 0.6 | CG26: =IF(CH26="-","-",IF(CH26="NÃO ATENDE","NÃO ATENDE",IF(CI26="NÃO ATENDE","NÃO ATENDE","ATENDE"))) -> ATENDE | CH26: =IF(CA26="-","-",IF(CC26>=(CE26),"ATENDE",IF(CC26>=(0.99*CE26),"ATENDIMENTO LIMIAR","NÃO ATENDE"))) -> ATENDE | CI26: =IF(CA26="-","-",IF(CD26>=CF26,"ATENDE","NÃO ATENDE")) -> ATENDE | CJ26: =_xlfn.XLOOKUP(CK26,'Banco de dados'!$B:$B,'Banco de dados'!$D:$D) -> LEDSTAR | CK26: SL VT 9.1 28W | CL26: =_xlfn.XLOOKUP(CK26,'Banco de dados'!$B:$B,'Banco de dados'!$E:$E) -> LUM LED SL VT 9.1 28W | CN26: =IF(CM26="-","-",_xlfn.XLOOKUP(CM26,'Banco de dados'!$B:$B,'Banco de dados'!$E:$E)) -> #N/A | CO26: =AG26 -> 1 | CP26: =_xlfn.XLOOKUP(CK26,'Banco de dados'!$B:$B,'Banco de dados'!$H:$H) -> 28 | CQ26: =_xlfn.XLOOKUP(CM26,'Banco de dados'!$B:$B,'Banco de dados'!$H:$H) -> 0 | CR26: =_xlfn.XLOOKUP(CK26,'Banco de dados'!$B:$B,'Banco de dados'!$F:$F) -> 4927.35 | CS26: =_xlfn.XLOOKUP(CM26,'Banco de dados'!$B:$B,'Banco de dados'!$F:$F) -> 0 | CT26: 0 | CV26: =IF(AI26<=0.5,"Curto I",IF(AND(AI26>='Braços de IP'!$B$9,AI26<='Braços de IP'!$D$9),'Braços de IP'!$E$9,IF(AND(AI26>='Braços de IP'!$B$10,AI26<='Braços de IP'!$D$10),'Braços de IP'!$E$10,IF(AND(AI26>='Braços de IP'!$B$11,AI26<='Braços de IP'!$D$11),'Braços de IP'!$E$11,IF(AND(AI26>='Braços de IP'!$B$12,AI26<='Braços de IP'!$D$12),'Braços de IP'!$E$12,IF(AND(AI26>='Braços de IP'!$B$13,AI26<='Braços de IP'!$D$13),'Braços de IP'!$E$13,IF(AND(AI26>='Braços de IP'!$B$14,AI26<='Braços de IP'!$D$14),'Braços de IP'!$E$14,"ERRO"))))))) -> Médio II | CX26: =IF($CW26="","",VLOOKUP($CW26,'Braços de IP'!$E$9:$I$15,2,0)) | CY26: =IF($CW26="","",VLOOKUP($CW26,'Braços de IP'!$E$9:$I$15,5,0)) | DF26: =CP26 -> 28 | DG26: =M26 -> 50 | DH26: =SUM(DF26:DG26)*CO26 -> 78 | DI26: =1-DF26/DG26 -> 0.44 | DL26: Não | DO26: =((M26+N26)-CP26)/(M26+N26) -> 0.44 | DQ26: Classe | DR26: Quantidade | DS26: %
C27: Carol | D27: 6 | E27: PVP | F27: Condominio Maritimo | G27: -29.995253 | H27: -50.19411 | I27: C5 | J27: - | K27: P6 | L27: LED | M27: 50 | N27: 0 | O27: 0 | P27: =M27*AG27*2 -> 100 | Q27: 2 | R27: 1.2 | S27: 5.8 | V27: 0 | W27: 1.2 | X27: 0 | Y27: 0 | Z27: 0 | AA27: 0 | AB27: 0 | AC27: Unilateral | AD27: Braço | AE27: 25.7 | AF27: 8.1 | AG27: 1 | AH27: 1.4 | AI27: 2.5 | AJ27: =AI27-AH27 -> 1.1 | AK27: - | AL27: - | AM27: Não | AN27: =IF(AC27="Unilateral",2*AG27,IF(AC27="Bilateral Alternada",3*AG27,IF(AC27="Bilateral Frontal",4*AG27,IF(AC27="Canteiro Central",2*AG27,"erro")))) -> 2 | AO27: 0 | AP27: 0 | AQ27: 0 | AR27: 0 | AS27: 0 | AT27: - | AU27: =IF(AO27=0,0,IF(AC27="Unilateral",2*AO27,IF(AC27="Bilateral Alternada",3*AO27,IF(AC27="Bilateral Frontal",4*AO27,IF(AC27="Canteiro Central",2*AO27,"erro"))))) -> 0 | AW27: =VLOOKUP(I27,ABNT5101!$I$3:$J$9,2) -> 7.5 | AX27: =VLOOKUP(I27,ABNT5101!$I$3:$M$9,5) -> 0.18 | AY27: =_xlfn.XLOOKUP(I27,ABNT5101!$I:$I,ABNT5101!$L:$L) -> - | AZ27: =_xlfn.XLOOKUP(I27,ABNT5101!$I:$I,ABNT5101!M:M) -> 0.18 | BA27: =_xlfn.XLOOKUP(I27,ABNT5101!$I:$I,ABNT5101!N:N) -> - | BB27: =_xlfn.XLOOKUP(I27,ABNT5101!$I:$I,ABNT5101!O:O) -> 16 | BC27: =IF(BM27="NÃO ATENDE","NÃO ATENDE",IF(BX27="NÃO ATENDE","NÃO ATENDE",IF(CG27="NÃO ATENDE","NÃO ATENDE","ATENDE"))) -> ATENDE | BD27: =BG27/AW27-1 -> 0.43066667 | BE27: =BH27/AX27-1 -> 3.3888889 | BF27: =IF($I27="M6",BI27/AY27-1,"-") -> - | BG27: 10.73 | BH27: 0.79 | BM27: =IF(OR(BN27="NÃO ATENDE",BO27="NÃO ATENDE",BP27="NÃO ATENDE"),"NÃO ATENDE","ATENDE") -> ATENDE | BN27: =IF(BG27>=AW27,"ATENDE",IF(BG27>=0.99*AW27,"ATENDIMENTO LIMIAR","NÃO ATENDE")) -> ATENDE | BO27: =IF(BH27>=AX27,"ATENDE",IF(BH27>=(AX27-0.02),"ATENDIMENTO LIMIAR","NÃO ATENDE")) -> ATENDE | BP27: =IF(AY27="-","ATENDE",IF(BI27>=AY27,"ATENDE",IF(BI27>=(AY27-0.02),"ATENDIMENTO LIMIAR","NÃO ATENDE"))) -> ATENDE | BQ27: =I27 -> C5 | BR27: - | BS27: =IF(BT27="-","-",BT27/BV27-1) -> #VALUE! | BT27: 9.14 | BU27: 7.15 | BV27: =IF(BR27="-","-",_xlfn.XLOOKUP(BR27,ABNT5101!$B$4:$B$9,ABNT5101!$C$4:$C$9)) -> - | BW27: =IF(BR27="-","-",_xlfn.XLOOKUP(BR27,ABNT5101!$B$4:$B$9,ABNT5101!$D$4:$D$9)) -> - | BX27: =IF(BY27="-","-",IF(BY27="NÃO ATENDE","NÃO ATENDE",IF(BZ27="NÃO ATENDE","NÃO ATENDE","ATENDE"))) -> - | BY27: =IF(BR27="-","-",IF(BT27>=BV27,"ATENDE",IF(BT27>=(BV27*0.99),"ATENDIMENTO LIMIAR","NÃO ATENDE"))) -> - | BZ27: =IF(BR27="-","-",IF(BU27>=BW27,"ATENDE","NÃO ATENDE")) -> - | CA27: =K27 -> P6 | CB27: =IF(CC27="-","-",CC27/CE27-1) -> 2.0933333 | CC27: 9.28 | CD27: 8.23 | CE27: =IF(CA27="-","-",_xlfn.XLOOKUP(CA27,ABNT5101!$B$4:$B$9,ABNT5101!$C$4:$C$9)) -> 3 | CF27: =IF(CA27="-","-",_xlfn.XLOOKUP(CA27,ABNT5101!$B$4:$B$9,ABNT5101!$D$4:$D$9)) -> 0.6 | CG27: =IF(CH27="-","-",IF(CH27="NÃO ATENDE","NÃO ATENDE",IF(CI27="NÃO ATENDE","NÃO ATENDE","ATENDE"))) -> ATENDE | CH27: =IF(CA27="-","-",IF(CC27>=(CE27),"ATENDE",IF(CC27>=(0.99*CE27),"ATENDIMENTO LIMIAR","NÃO ATENDE"))) -> ATENDE | CI27: =IF(CA27="-","-",IF(CD27>=CF27,"ATENDE","NÃO ATENDE")) -> ATENDE | CJ27: =_xlfn.XLOOKUP(CK27,'Banco de dados'!$B:$B,'Banco de dados'!$D:$D) -> SX LIGHTING | CK27: SX-INEVO030HF | CL27: =_xlfn.XLOOKUP(CK27,'Banco de dados'!$B:$B,'Banco de dados'!$E:$E) -> SXINEVO030K40L12CZF7PHF | CN27: =IF(CM27="-","-",_xlfn.XLOOKUP(CM27,'Banco de dados'!$B:$B,'Banco de dados'!$E:$E)) -> #N/A | CO27: =AG27 -> 1 | CP27: =_xlfn.XLOOKUP(CK27,'Banco de dados'!$B:$B,'Banco de dados'!$H:$H) -> 31 | CQ27: =_xlfn.XLOOKUP(CM27,'Banco de dados'!$B:$B,'Banco de dados'!$H:$H) -> #N/A | CR27: =_xlfn.XLOOKUP(CK27,'Banco de dados'!$B:$B,'Banco de dados'!$F:$F) -> 5270 | CS27: =_xlfn.XLOOKUP(CM27,'Banco de dados'!$B:$B,'Banco de dados'!$F:$F) -> 0 | CT27: 0 | CV27: =IF(AI27<=0.5,"Curto I",IF(AND(AI27>='Braços de IP'!$B$9,AI27<='Braços de IP'!$D$9),'Braços de IP'!$E$9,IF(AND(AI27>='Braços de IP'!$B$10,AI27<='Braços de IP'!$D$10),'Braços de IP'!$E$10,IF(AND(AI27>='Braços de IP'!$B$11,AI27<='Braços de IP'!$D$11),'Braços de IP'!$E$11,IF(AND(AI27>='Braços de IP'!$B$12,AI27<='Braços de IP'!$D$12),'Braços de IP'!$E$12,IF(AND(AI27>='Braços de IP'!$B$13,AI27<='Braços de IP'!$D$13),'Braços de IP'!$E$13,IF(AND(AI27>='Braços de IP'!$B$14,AI27<='Braços de IP'!$D$14),'Braços de IP'!$E$14,"ERRO"))))))) -> Médio II | CX27: =IF($CW27="","",VLOOKUP($CW27,'Braços de IP'!$E$9:$I$15,2,0)) | CY27: =IF($CW27="","",VLOOKUP($CW27,'Braços de IP'!$E$9:$I$15,5,0)) | DF27: =CP27 -> 31 | DG27: =M27 -> 50 | DH27: =SUM(DF27:DG27)*CO27 -> 81 | DI27: =1-DF27/DG27 -> 0.38 | DL27: Não | DO27: =((M27+N27)-CP27)/(M27+N27) -> 0.38 | DQ27: Classe | DR27: Quantidade | DS27: %
C28: Carol | D28: 6 | E28: PVP | F28: Condominio Maritimo | G28: -29.995253 | H28: -50.19411 | I28: C5 | J28: - | K28: P6 | L28: LED | M28: 50 | N28: 0 | O28: 0 | P28: =M28*AG28*2 -> 100 | Q28: 2 | R28: 1.2 | S28: 5.8 | V28: 0 | W28: 1.2 | X28: 0 | Y28: 0 | Z28: 0 | AA28: 0 | AB28: 0 | AC28: Unilateral | AD28: Braço | AE28: 25.7 | AF28: 8.1 | AG28: 1 | AH28: 1.4 | AI28: 2.5 | AJ28: =AI28-AH28 -> 1.1 | AK28: - | AL28: - | AM28: Não | AN28: =IF(AC28="Unilateral",2*AG28,IF(AC28="Bilateral Alternada",3*AG28,IF(AC28="Bilateral Frontal",4*AG28,IF(AC28="Canteiro Central",2*AG28,"erro")))) -> 2 | AO28: 0 | AP28: 0 | AQ28: 0 | AR28: 0 | AS28: 0 | AT28: - | AU28: =IF(AO28=0,0,IF(AC28="Unilateral",2*AO28,IF(AC28="Bilateral Alternada",3*AO28,IF(AC28="Bilateral Frontal",4*AO28,IF(AC28="Canteiro Central",2*AO28,"erro"))))) -> 0 | AW28: =VLOOKUP(I28,ABNT5101!$I$3:$J$9,2) -> 7.5 | AX28: =VLOOKUP(I28,ABNT5101!$I$3:$M$9,5) -> 0.18 | AY28: =_xlfn.XLOOKUP(I28,ABNT5101!$I:$I,ABNT5101!$L:$L) -> - | AZ28: =_xlfn.XLOOKUP(I28,ABNT5101!$I:$I,ABNT5101!M:M) -> 0.18 | BA28: =_xlfn.XLOOKUP(I28,ABNT5101!$I:$I,ABNT5101!N:N) -> - | BB28: =_xlfn.XLOOKUP(I28,ABNT5101!$I:$I,ABNT5101!O:O) -> 16 | BC28: =IF(BM28="NÃO ATENDE","NÃO ATENDE",IF(BX28="NÃO ATENDE","NÃO ATENDE",IF(CG28="NÃO ATENDE","NÃO ATENDE","ATENDE"))) -> ATENDE | BD28: =BG28/AW28-1 -> 0.444 | BE28: =BH28/AX28-1 -> 3.1666667 | BF28: =IF($I28="M6",BI28/AY28-1,"-") -> - | BG28: 10.83 | BH28: 0.75 | BM28: =IF(OR(BN28="NÃO ATENDE",BO28="NÃO ATENDE",BP28="NÃO ATENDE"),"NÃO ATENDE","ATENDE") -> ATENDE | BN28: =IF(BG28>=AW28,"ATENDE",IF(BG28>=0.99*AW28,"ATENDIMENTO LIMIAR","NÃO ATENDE")) -> ATENDE | BO28: =IF(BH28>=AX28,"ATENDE",IF(BH28>=(AX28-0.02),"ATENDIMENTO LIMIAR","NÃO ATENDE")) -> ATENDE | BP28: =IF(AY28="-","ATENDE",IF(BI28>=AY28,"ATENDE",IF(BI28>=(AY28-0.02),"ATENDIMENTO LIMIAR","NÃO ATENDE"))) -> ATENDE | BQ28: =I28 -> C5 | BR28: - | BS28: =IF(BT28="-","-",BT28/BV28-1) -> #VALUE! | BT28: 9.07 | BU28: 6.9 | BV28: =IF(BR28="-","-",_xlfn.XLOOKUP(BR28,ABNT5101!$B$4:$B$9,ABNT5101!$C$4:$C$9)) -> - | BW28: =IF(BR28="-","-",_xlfn.XLOOKUP(BR28,ABNT5101!$B$4:$B$9,ABNT5101!$D$4:$D$9)) -> - | BX28: =IF(BY28="-","-",IF(BY28="NÃO ATENDE","NÃO ATENDE",IF(BZ28="NÃO ATENDE","NÃO ATENDE","ATENDE"))) -> - | BY28: =IF(BR28="-","-",IF(BT28>=BV28,"ATENDE",IF(BT28>=(BV28*0.99),"ATENDIMENTO LIMIAR","NÃO ATENDE"))) -> - | BZ28: =IF(BR28="-","-",IF(BU28>=BW28,"ATENDE","NÃO ATENDE")) -> - | CA28: =K28 -> P6 | CB28: =IF(CC28="-","-",CC28/CE28-1) -> 1.8566667 | CC28: 8.57 | CD28: 7.55 | CE28: =IF(CA28="-","-",_xlfn.XLOOKUP(CA28,ABNT5101!$B$4:$B$9,ABNT5101!$C$4:$C$9)) -> 3 | CF28: =IF(CA28="-","-",_xlfn.XLOOKUP(CA28,ABNT5101!$B$4:$B$9,ABNT5101!$D$4:$D$9)) -> 0.6 | CG28: =IF(CH28="-","-",IF(CH28="NÃO ATENDE","NÃO ATENDE",IF(CI28="NÃO ATENDE","NÃO ATENDE","ATENDE"))) -> ATENDE | CH28: =IF(CA28="-","-",IF(CC28>=(CE28),"ATENDE",IF(CC28>=(0.99*CE28),"ATENDIMENTO LIMIAR","NÃO ATENDE"))) -> ATENDE | CI28: =IF(CA28="-","-",IF(CD28>=CF28,"ATENDE","NÃO ATENDE")) -> ATENDE | CJ28: =_xlfn.XLOOKUP(CK28,'Banco de dados'!$B:$B,'Banco de dados'!$D:$D) -> TECNOWATT | CK28: SIGSAGPTLRRSSNDL_30W_38IBBRS | CL28: =_xlfn.XLOOKUP(CK28,'Banco de dados'!$B:$B,'Banco de dados'!$E:$E) -> SIGSAGPTLRRSSNDL_30W_38IBBRS 1-10C1MUN6.5 | CN28: =IF(CM28="-","-",_xlfn.XLOOKUP(CM28,'Banco de dados'!$B:$B,'Banco de dados'!$E:$E)) -> #N/A | CO28: =AG28 -> 1 | CP28: =_xlfn.XLOOKUP(CK28,'Banco de dados'!$B:$B,'Banco de dados'!$H:$H) -> 30 | CQ28: =_xlfn.XLOOKUP(CM28,'Banco de dados'!$B:$B,'Banco de dados'!$H:$H) -> 0 | CR28: =_xlfn.XLOOKUP(CK28,'Banco de dados'!$B:$B,'Banco de dados'!$F:$F) -> 5266 | CS28: =_xlfn.XLOOKUP(CM28,'Banco de dados'!$B:$B,'Banco de dados'!$F:$F) -> 0 | CT28: 0 | CV28: =IF(AI28<=0.5,"Curto I",IF(AND(AI28>='Braços de IP'!$B$9,AI28<='Braços de IP'!$D$9),'Braços de IP'!$E$9,IF(AND(AI28>='Braços de IP'!$B$10,AI28<='Braços de IP'!$D$10),'Braços de IP'!$E$10,IF(AND(AI28>='Braços de IP'!$B$11,AI28<='Braços de IP'!$D$11),'Braços de IP'!$E$11,IF(AND(AI28>='Braços de IP'!$B$12,AI28<='Braços de IP'!$D$12),'Braços de IP'!$E$12,IF(AND(AI28>='Braços de IP'!$B$13,AI28<='Braços de IP'!$D$13),'Braços de IP'!$E$13,IF(AND(AI28>='Braços de IP'!$B$14,AI28<='Braços de IP'!$D$14),'Braços de IP'!$E$14,"ERRO"))))))) -> Médio II | CX28: =IF($CW28="","",VLOOKUP($CW28,'Braços de IP'!$E$9:$I$15,2,0)) | CY28: =IF($CW28="","",VLOOKUP($CW28,'Braços de IP'!$E$9:$I$15,5,0)) | DF28: =CP28 -> 30 | DG28: =M28 -> 50 | DH28: =SUM(DF28:DG28)*CO28 -> 80 | DI28: =1-DF28/DG28 -> 0.4 | DL28: Não | DO28: =((M28+N28)-CP28)/(M28+N28) -> 0.4 | DQ28: Classe | DR28: Quantidade | DS28: %
C29: Carol | D29: 8 | E29: PVP | F29: Rua Olavo Nunes, 12 | G29: -30.067307 | H29: -50.160388 | I29: C5 | J29: - | K29: P6 | L29: Vapor de sódio | M29: 100 | N29: 17 | O29: 0 | P29: =M29*AG29*2 -> 200 | Q29: 2 | R29: 2.5 | S29: 7 | V29: 0 | W29: 2.5 | X29: 0 | Y29: 0 | Z29: 0 | AA29: 0 | AB29: 0 | AC29: Unilateral | AD29: Braço | AE29: 32.1 | AF29: 7 | AG29: 1 | AH29: 0.5 | AI29: 1.3 | AJ29: =AI29-AH29 -> 0.8 | AK29: - | AL29: - | AM29: Não | AN29: =IF(AC29="Unilateral",2*AG29,IF(AC29="Bilateral Alternada",3*AG29,IF(AC29="Bilateral Frontal",4*AG29,IF(AC29="Canteiro Central",2*AG29,"erro")))) -> 2 | AO29: 0 | AP29: 0 | AQ29: 0 | AR29: 0 | AS29: 0 | AT29: - | AU29: =IF(AO29=0,0,IF(AC29="Unilateral",2*AO29,IF(AC29="Bilateral Alternada",3*AO29,IF(AC29="Bilateral Frontal",4*AO29,IF(AC29="Canteiro Central",2*AO29,"erro"))))) -> 0 | AW29: =VLOOKUP(I29,ABNT5101!$I$3:$J$9,2) -> 7.5 | AX29: =VLOOKUP(I29,ABNT5101!$I$3:$M$9,5) -> 0.18 | AY29: =_xlfn.XLOOKUP(I29,ABNT5101!$I:$I,ABNT5101!$L:$L) -> - | AZ29: =_xlfn.XLOOKUP(I29,ABNT5101!$I:$I,ABNT5101!M:M) -> 0.18 | BA29: =_xlfn.XLOOKUP(I29,ABNT5101!$I:$I,ABNT5101!N:N) -> - | BB29: =_xlfn.XLOOKUP(I29,ABNT5101!$I:$I,ABNT5101!O:O) -> 16 | BC29: =IF(BM29="NÃO ATENDE","NÃO ATENDE",IF(BX29="NÃO ATENDE","NÃO ATENDE",IF(CG29="NÃO ATENDE","NÃO ATENDE","ATENDE"))) -> ATENDE | BD29: =BG29/AW29-1 -> 0 | BE29: =BH29/AX29-1 -> 1.2777778 | BF29: =IF($I29="M6",BI29/AY29-1,"-") -> - | BG29: 7.5 | BH29: 0.41 | BM29: =IF(OR(BN29="NÃO ATENDE",BO29="NÃO ATENDE",BP29="NÃO ATENDE"),"NÃO ATENDE","ATENDE") -> ATENDE | BN29: =IF(BG29>=AW29,"ATENDE",IF(BG29>=0.99*AW29,"ATENDIMENTO LIMIAR","NÃO ATENDE")) -> ATENDE | BO29: =IF(BH29>=AX29,"ATENDE",IF(BH29>=(AX29-0.02),"ATENDIMENTO LIMIAR","NÃO ATENDE")) -> ATENDE | BP29: =IF(AY29="-","ATENDE",IF(BI29>=AY29,"ATENDE",IF(BI29>=(AY29-0.02),"ATENDIMENTO LIMIAR","NÃO ATENDE"))) -> ATENDE | BQ29: =I29 -> C5 | BR29: =K29 -> P6 | BS29: =IF(BT29="-","-",BT29/BV29-1) -> 1.1266667 | BT29: 6.38 | BU29: 2.44 | BV29: =IF(BR29="-","-",_xlfn.XLOOKUP(BR29,ABNT5101!$B$4:$B$9,ABNT5101!$C$4:$C$9)) -> 3 | BW29: =IF(BR29="-","-",_xlfn.XLOOKUP(BR29,ABNT5101!$B$4:$B$9,ABNT5101!$D$4:$D$9)) -> 0.6 | BX29: =IF(BY29="-","-",IF(BY29="NÃO ATENDE","NÃO ATENDE",IF(BZ29="NÃO ATENDE","NÃO ATENDE","ATENDE"))) -> ATENDE | BY29: =IF(BR29="-","-",IF(BT29>=BV29,"ATENDE",IF(BT29>=(BV29*0.99),"ATENDIMENTO LIMIAR","NÃO ATENDE"))) -> ATENDE | BZ29: =IF(BR29="-","-",IF(BU29>=BW29,"ATENDE","NÃO ATENDE")) -> ATENDE | CA29: - | CB29: =IF(CC29="-","-",CC29/CE29-1) -> #VALUE! | CC29: 4.29 | CD29: 2.14 | CE29: =IF(CA29="-","-",_xlfn.XLOOKUP(CA29,ABNT5101!$B$4:$B$9,ABNT5101!$C$4:$C$9)) -> - | CF29: =IF(CA29="-","-",_xlfn.XLOOKUP(CA29,ABNT5101!$B$4:$B$9,ABNT5101!$D$4:$D$9)) -> - | CG29: =IF(CH29="-","-",IF(CH29="NÃO ATENDE","NÃO ATENDE",IF(CI29="NÃO ATENDE","NÃO ATENDE","ATENDE"))) -> - | CH29: =IF(CA29="-","-",IF(CC29>=(CE29),"ATENDE",IF(CC29>=(0.99*CE29),"ATENDIMENTO LIMIAR","NÃO ATENDE"))) -> - | CI29: =IF(CA29="-","-",IF(CD29>=CF29,"ATENDE","NÃO ATENDE")) -> - | CJ29: =_xlfn.XLOOKUP(CK29,'Banco de dados'!$B:$B,'Banco de dados'!$D:$D) -> LEDSTAR | CK29: SL VT 9.1 28W | CL29: =_xlfn.XLOOKUP(CK29,'Banco de dados'!$B:$B,'Banco de dados'!$E:$E) -> LUM LED SL VT 9.1 28W | CN29: =IF(CM29="-","-",_xlfn.XLOOKUP(CM29,'Banco de dados'!$B:$B,'Banco de dados'!$E:$E)) -> 0 | CO29: =AG29 -> 1 | CP29: =_xlfn.XLOOKUP(CK29,'Banco de dados'!$B:$B,'Banco de dados'!$H:$H) -> 28 | CQ29: =_xlfn.XLOOKUP(CM29,'Banco de dados'!$B:$B,'Banco de dados'!$H:$H) -> 0 | CR29: =_xlfn.XLOOKUP(CK29,'Banco de dados'!$B:$B,'Banco de dados'!$F:$F) -> 4927.35 | CS29: =_xlfn.XLOOKUP(CM29,'Banco de dados'!$B:$B,'Banco de dados'!$F:$F) -> 0 | CT29: 0 | CV29: =IF(AI29<=0.5,"Curto I",IF(AND(AI29>='Braços de IP'!$B$9,AI29<='Braços de IP'!$D$9),'Braços de IP'!$E$9,IF(AND(AI29>='Braços de IP'!$B$10,AI29<='Braços de IP'!$D$10),'Braços de IP'!$E$10,IF(AND(AI29>='Braços de IP'!$B$11,AI29<='Braços de IP'!$D$11),'Braços de IP'!$E$11,IF(AND(AI29>='Braços de IP'!$B$12,AI29<='Braços de IP'!$D$12),'Braços de IP'!$E$12,IF(AND(AI29>='Braços de IP'!$B$13,AI29<='Braços de IP'!$D$13),'Braços de IP'!$E$13,IF(AND(AI29>='Braços de IP'!$B$14,AI29<='Braços de IP'!$D$14),'Braços de IP'!$E$14,"ERRO"))))))) -> Curto II | CX29: =IF($CW29="","",VLOOKUP($CW29,'Braços de IP'!$E$9:$I$15,2,0)) | CY29: =IF($CW29="","",VLOOKUP($CW29,'Braços de IP'!$E$9:$I$15,5,0)) | DF29: =CP29 -> 28 | DG29: =M29 -> 100 | DH29: =SUM(DF29:DG29)*CO29 -> 128 | DI29: =1-DF29/DG29 -> 0.72 | DL29: Sim | DO29: =((M29+N29)-CP29)/(M29+N29) -> 0.76068376 | DQ29: Classe | DR29: Quantidade | DS29: %
C30: Carol | D30: 8 | E30: PVP | F30: Rua Olavo Nunes, 12 | G30: -30.067307 | H30: -50.160388 | I30: C5 | J30: - | K30: P6 | L30: Vapor de sódio | M30: 100 | N30: 17 | O30: 0 | P30: =M30*AG30*2 -> 200 | Q30: 2 | R30: 2.5 | S30: 7 | V30: 0 | W30: 2.5 | X30: 0 | Y30: 0 | Z30: 0 | AA30: 0 | AB30: 0 | AC30: Unilateral | AD30: Braço | AE30: 32.1 | AF30: 7 | AG30: 1 | AH30: 0.5 | AI30: 1.3 | AJ30: =AI30-AH30 -> 0.8 | AK30: - | AL30: - | AM30: Não | AN30: =IF(AC30="Unilateral",2*AG30,IF(AC30="Bilateral Alternada",3*AG30,IF(AC30="Bilateral Frontal",4*AG30,IF(AC30="Canteiro Central",2*AG30,"erro")))) -> 2 | AO30: 0 | AP30: 0 | AQ30: 0 | AR30: 0 | AS30: 0 | AT30: - | AU30: =IF(AO30=0,0,IF(AC30="Unilateral",2*AO30,IF(AC30="Bilateral Alternada",3*AO30,IF(AC30="Bilateral Frontal",4*AO30,IF(AC30="Canteiro Central",2*AO30,"erro"))))) -> 0 | AW30: =VLOOKUP(I30,ABNT5101!$I$3:$J$9,2) -> 7.5 | AX30: =VLOOKUP(I30,ABNT5101!$I$3:$M$9,5) -> 0.18 | AY30: =_xlfn.XLOOKUP(I30,ABNT5101!$I:$I,ABNT5101!$L:$L) -> - | AZ30: =_xlfn.XLOOKUP(I30,ABNT5101!$I:$I,ABNT5101!M:M) -> 0.18 | BA30: =_xlfn.XLOOKUP(I30,ABNT5101!$I:$I,ABNT5101!N:N) -> - | BB30: =_xlfn.XLOOKUP(I30,ABNT5101!$I:$I,ABNT5101!O:O) -> 16 | BC30: =IF(BM30="NÃO ATENDE","NÃO ATENDE",IF(BX30="NÃO ATENDE","NÃO ATENDE",IF(CG30="NÃO ATENDE","NÃO ATENDE","ATENDE"))) -> ATENDE | BD30: =BG30/AW30-1 -> 0.24533333 | BE30: =BH30/AX30-1 -> 1.8333333 | BF30: =IF($I30="M6",BI30/AY30-1,"-") -> - | BG30: 9.34 | BH30: 0.51 | BM30: =IF(OR(BN30="NÃO ATENDE",BO30="NÃO ATENDE",BP30="NÃO ATENDE"),"NÃO ATENDE","ATENDE") -> ATENDE | BN30: =IF(BG30>=AW30,"ATENDE",IF(BG30>=0.99*AW30,"ATENDIMENTO LIMIAR","NÃO ATENDE")) -> ATENDE | BO30: =IF(BH30>=AX30,"ATENDE",IF(BH30>=(AX30-0.02),"ATENDIMENTO LIMIAR","NÃO ATENDE")) -> ATENDE | BP30: =IF(AY30="-","ATENDE",IF(BI30>=AY30,"ATENDE",IF(BI30>=(AY30-0.02),"ATENDIMENTO LIMIAR","NÃO ATENDE"))) -> ATENDE | BQ30: =I30 -> C5 | BR30: =K30 -> P6 | BS30: =IF(BT30="-","-",BT30/BV30-1) -> 1.4866667 | BT30: 7.46 | BU30: 2.25 | BV30: =IF(BR30="-","-",_xlfn.XLOOKUP(BR30,ABNT5101!$B$4:$B$9,ABNT5101!$C$4:$C$9)) -> 3 | BW30: =IF(BR30="-","-",_xlfn.XLOOKUP(BR30,ABNT5101!$B$4:$B$9,ABNT5101!$D$4:$D$9)) -> 0.6 | BX30: =IF(BY30="-","-",IF(BY30="NÃO ATENDE","NÃO ATENDE",IF(BZ30="NÃO ATENDE","NÃO ATENDE","ATENDE"))) -> ATENDE | BY30: =IF(BR30="-","-",IF(BT30>=BV30,"ATENDE",IF(BT30>=(BV30*0.99),"ATENDIMENTO LIMIAR","NÃO ATENDE"))) -> ATENDE | BZ30: =IF(BR30="-","-",IF(BU30>=BW30,"ATENDE","NÃO ATENDE")) -> ATENDE | CA30: - | CB30: =IF(CC30="-","-",CC30/CE30-1) -> #VALUE! | CC30: 4.36 | CD30: 2.53 | CE30: =IF(CA30="-","-",_xlfn.XLOOKUP(CA30,ABNT5101!$B$4:$B$9,ABNT5101!$C$4:$C$9)) -> - | CF30: =IF(CA30="-","-",_xlfn.XLOOKUP(CA30,ABNT5101!$B$4:$B$9,ABNT5101!$D$4:$D$9)) -> - | CG30: =IF(CH30="-","-",IF(CH30="NÃO ATENDE","NÃO ATENDE",IF(CI30="NÃO ATENDE","NÃO ATENDE","ATENDE"))) -> - | CH30: =IF(CA30="-","-",IF(CC30>=(CE30),"ATENDE",IF(CC30>=(0.99*CE30),"ATENDIMENTO LIMIAR","NÃO ATENDE"))) -> - | CI30: =IF(CA30="-","-",IF(CD30>=CF30,"ATENDE","NÃO ATENDE")) -> - | CJ30: =_xlfn.XLOOKUP(CK30,'Banco de dados'!$B:$B,'Banco de dados'!$D:$D) -> SX LIGHTING | CK30: SX-INEVO030HF | CL30: =_xlfn.XLOOKUP(CK30,'Banco de dados'!$B:$B,'Banco de dados'!$E:$E) -> SXINEVO030K40L12CZF7PHF | CN30: =IF(CM30="-","-",_xlfn.XLOOKUP(CM30,'Banco de dados'!$B:$B,'Banco de dados'!$E:$E)) -> #N/A | CO30: =AG30 -> 1 | CP30: =_xlfn.XLOOKUP(CK30,'Banco de dados'!$B:$B,'Banco de dados'!$H:$H) -> 31 | CQ30: =_xlfn.XLOOKUP(CM30,'Banco de dados'!$B:$B,'Banco de dados'!$H:$H) -> 0 | CR30: =_xlfn.XLOOKUP(CK30,'Banco de dados'!$B:$B,'Banco de dados'!$F:$F) -> 5270 | CS30: =_xlfn.XLOOKUP(CM30,'Banco de dados'!$B:$B,'Banco de dados'!$F:$F) -> 0 | CT30: 0 | CV30: =IF(AI30<=0.5,"Curto I",IF(AND(AI30>='Braços de IP'!$B$9,AI30<='Braços de IP'!$D$9),'Braços de IP'!$E$9,IF(AND(AI30>='Braços de IP'!$B$10,AI30<='Braços de IP'!$D$10),'Braços de IP'!$E$10,IF(AND(AI30>='Braços de IP'!$B$11,AI30<='Braços de IP'!$D$11),'Braços de IP'!$E$11,IF(AND(AI30>='Braços de IP'!$B$12,AI30<='Braços de IP'!$D$12),'Braços de IP'!$E$12,IF(AND(AI30>='Braços de IP'!$B$13,AI30<='Braços de IP'!$D$13),'Braços de IP'!$E$13,IF(AND(AI30>='Braços de IP'!$B$14,AI30<='Braços de IP'!$D$14),'Braços de IP'!$E$14,"ERRO"))))))) -> Curto II | CX30: =IF($CW30="","",VLOOKUP($CW30,'Braços de IP'!$E$9:$I$15,2,0)) | CY30: =IF($CW30="","",VLOOKUP($CW30,'Braços de IP'!$E$9:$I$15,5,0)) | DF30: =CP30 -> 31 | DG30: =M30 -> 100 | DH30: =SUM(DF30:DG30)*CO30 -> 131 | DI30: =1-DF30/DG30 -> 0.69 | DL30: Sim | DO30: =((M30+N30)-CP30)/(M30+N30) -> 0.73504274 | DQ30: Classe | DR30: Quantidade | DS30: %
C31: Carol | D31: 8 | E31: PVP | F31: Rua Olavo Nunes, 12 | G31: -30.067307 | H31: -50.160388 | I31: C5 | J31: - | K31: P6 | L31: Vapor de sódio | M31: 100 | N31: 17 | O31: 0 | P31: =M31*AG31*2 -> 200 | Q31: 2 | R31: 2.5 | S31: 7 | V31: 0 | W31: 2.5 | X31: 0 | Y31: 0 | Z31: 0 | AA31: 0 | AB31: 0 | AC31: Unilateral | AD31: Braço | AE31: 32.1 | AF31: 7 | AG31: 1 | AH31: 0.5 | AI31: 1.3 | AJ31: =AI31-AH31 -> 0.8 | AK31: - | AL31: - | AM31: Não | AN31: =IF(AC31="Unilateral",2*AG31,IF(AC31="Bilateral Alternada",3*AG31,IF(AC31="Bilateral Frontal",4*AG31,IF(AC31="Canteiro Central",2*AG31,"erro")))) -> 2 | AO31: 0 | AP31: 0 | AQ31: 0 | AR31: 0 | AS31: 0 | AT31: - | AU31: =IF(AO31=0,0,IF(AC31="Unilateral",2*AO31,IF(AC31="Bilateral Alternada",3*AO31,IF(AC31="Bilateral Frontal",4*AO31,IF(AC31="Canteiro Central",2*AO31,"erro"))))) -> 0 | AW31: =VLOOKUP(I31,ABNT5101!$I$3:$J$9,2) -> 7.5 | AX31: =VLOOKUP(I31,ABNT5101!$I$3:$M$9,5) -> 0.18 | AY31: =_xlfn.XLOOKUP(I31,ABNT5101!$I:$I,ABNT5101!$L:$L) -> - | AZ31: =_xlfn.XLOOKUP(I31,ABNT5101!$I:$I,ABNT5101!M:M) -> 0.18 | BA31: =_xlfn.XLOOKUP(I31,ABNT5101!$I:$I,ABNT5101!N:N) -> - | BB31: =_xlfn.XLOOKUP(I31,ABNT5101!$I:$I,ABNT5101!O:O) -> 16 | BC31: =IF(BM31="NÃO ATENDE","NÃO ATENDE",IF(BX31="NÃO ATENDE","NÃO ATENDE",IF(CG31="NÃO ATENDE","NÃO ATENDE","ATENDE"))) -> ATENDE | BD31: =BG31/AW31-1 -> 0.224 | BE31: =BH31/AX31-1 -> 2.1666667 | BF31: =IF($I31="M6",BI31/AY31-1,"-") -> - | BG31: 9.18 | BH31: 0.57 | BM31: =IF(OR(BN31="NÃO ATENDE",BO31="NÃO ATENDE",BP31="NÃO ATENDE"),"NÃO ATENDE","ATENDE") -> ATENDE | BN31: =IF(BG31>=AW31,"ATENDE",IF(BG31>=0.99*AW31,"ATENDIMENTO LIMIAR","NÃO ATENDE")) -> ATENDE | BO31: =IF(BH31>=AX31,"ATENDE",IF(BH31>=(AX31-0.02),"ATENDIMENTO LIMIAR","NÃO ATENDE")) -> ATENDE | BP31: =IF(AY31="-","ATENDE",IF(BI31>=AY31,"ATENDE",IF(BI31>=(AY31-0.02),"ATENDIMENTO LIMIAR","NÃO ATENDE"))) -> ATENDE | BQ31: =I31 -> C5 | BR31: =K31 -> P6 | BS31: =IF(BT31="-","-",BT31/BV31-1) -> 1.49 | BT31: 7.47 | BU31: 3.64 | BV31: =IF(BR31="-","-",_xlfn.XLOOKUP(BR31,ABNT5101!$B$4:$B$9,ABNT5101!$C$4:$C$9)) -> 3 | BW31: =IF(BR31="-","-",_xlfn.XLOOKUP(BR31,ABNT5101!$B$4:$B$9,ABNT5101!$D$4:$D$9)) -> 0.6 | BX31: =IF(BY31="-","-",IF(BY31="NÃO ATENDE","NÃO ATENDE",IF(BZ31="NÃO ATENDE","NÃO ATENDE","ATENDE"))) -> ATENDE | BY31: =IF(BR31="-","-",IF(BT31>=BV31,"ATENDE",IF(BT31>=(BV31*0.99),"ATENDIMENTO LIMIAR","NÃO ATENDE"))) -> ATENDE | BZ31: =IF(BR31="-","-",IF(BU31>=BW31,"ATENDE","NÃO ATENDE")) -> ATENDE | CA31: - | CB31: =IF(CC31="-","-",CC31/CE31-1) -> #VALUE! | CC31: 4.09 | CD31: 2.81 | CE31: =IF(CA31="-","-",_xlfn.XLOOKUP(CA31,ABNT5101!$B$4:$B$9,ABNT5101!$C$4:$C$9)) -> - | CF31: =IF(CA31="-","-",_xlfn.XLOOKUP(CA31,ABNT5101!$B$4:$B$9,ABNT5101!$D$4:$D$9)) -> - | CG31: =IF(CH31="-","-",IF(CH31="NÃO ATENDE","NÃO ATENDE",IF(CI31="NÃO ATENDE","NÃO ATENDE","ATENDE"))) -> - | CH31: =IF(CA31="-","-",IF(CC31>=(CE31),"ATENDE",IF(CC31>=(0.99*CE31),"ATENDIMENTO LIMIAR","NÃO ATENDE"))) -> - | CI31: =IF(CA31="-","-",IF(CD31>=CF31,"ATENDE","NÃO ATENDE")) -> - | CJ31: =_xlfn.XLOOKUP(CK31,'Banco de dados'!$B:$B,'Banco de dados'!$D:$D) -> TECNOWATT | CK31: SIGSAGPTLRRSSNDL_30W_38IBBRS | CL31: =_xlfn.XLOOKUP(CK31,'Banco de dados'!$B:$B,'Banco de dados'!$E:$E) -> SIGSAGPTLRRSSNDL_30W_38IBBRS 1-10C1MUN6.5 | CN31: =IF(CM31="-","-",_xlfn.XLOOKUP(CM31,'Banco de dados'!$B:$B,'Banco de dados'!$E:$E)) -> #N/A | CO31: =AG31 -> 1 | CP31: =_xlfn.XLOOKUP(CK31,'Banco de dados'!$B:$B,'Banco de dados'!$H:$H) -> 30 | CQ31: =_xlfn.XLOOKUP(CM31,'Banco de dados'!$B:$B,'Banco de dados'!$H:$H) -> #N/A | CR31: =_xlfn.XLOOKUP(CK31,'Banco de dados'!$B:$B,'Banco de dados'!$F:$F) -> 5266 | CS31: =_xlfn.XLOOKUP(CM31,'Banco de dados'!$B:$B,'Banco de dados'!$F:$F) -> 0 | CT31: 0 | CV31: =IF(AI31<=0.5,"Curto I",IF(AND(AI31>='Braços de IP'!$B$9,AI31<='Braços de IP'!$D$9),'Braços de IP'!$E$9,IF(AND(AI31>='Braços de IP'!$B$10,AI31<='Braços de IP'!$D$10),'Braços de IP'!$E$10,IF(AND(AI31>='Braços de IP'!$B$11,AI31<='Braços de IP'!$D$11),'Braços de IP'!$E$11,IF(AND(AI31>='Braços de IP'!$B$12,AI31<='Braços de IP'!$D$12),'Braços de IP'!$E$12,IF(AND(AI31>='Braços de IP'!$B$13,AI31<='Braços de IP'!$D$13),'Braços de IP'!$E$13,IF(AND(AI31>='Braços de IP'!$B$14,AI31<='Braços de IP'!$D$14),'Braços de IP'!$E$14,"ERRO"))))))) -> Curto II | CX31: =IF($CW31="","",VLOOKUP($CW31,'Braços de IP'!$E$9:$I$15,2,0)) | CY31: =IF($CW31="","",VLOOKUP($CW31,'Braços de IP'!$E$9:$I$15,5,0)) | DF31: =CP31 -> 30 | DG31: =M31 -> 100 | DH31: =SUM(DF31:DG31)*CO31 -> 130 | DI31: =1-DF31/DG31 -> 0.7 | DL31: Sim | DO31: =((M31+N31)-CP31)/(M31+N31) -> 0.74358974 | DQ31: Classe | DR31: Quantidade | DS31: %
C32: Carol | D32: 9 | E32: PVP | F32: Rua Creta, 55 | G32: -30.075957 | H32: -50.166178 | I32: C5 | J32: - | K32: P6 | L32: Vapor de sódio | M32: 100 | N32: 17 | O32: 0 | P32: =M32*AG32*2 -> 200 | Q32: 2 | R32: 3 | S32: 7 | V32: 0 | W32: 3 | X32: 0 | Y32: 0 | Z32: 0 | AA32: 0 | AB32: 0 | AC32: Unilateral | AD32: Braço | AE32: 32.6 | AF32: 7 | AG32: 1 | AH32: 0.5 | AI32: 1.3 | AJ32: =AI32-AH32 -> 0.8 | AK32: - | AL32: - | AM32: Não | AN32: =IF(AC32="Unilateral",2*AG32,IF(AC32="Bilateral Alternada",3*AG32,IF(AC32="Bilateral Frontal",4*AG32,IF(AC32="Canteiro Central",2*AG32,"erro")))) -> 2 | AO32: 0 | AP32: 0 | AQ32: 0 | AR32: 0 | AS32: 0 | AT32: - | AU32: =IF(AO32=0,0,IF(AC32="Unilateral",2*AO32,IF(AC32="Bilateral Alternada",3*AO32,IF(AC32="Bilateral Frontal",4*AO32,IF(AC32="Canteiro Central",2*AO32,"erro"))))) -> 0 | AW32: =VLOOKUP(I32,ABNT5101!$I$3:$J$9,2) -> 7.5 | AX32: =VLOOKUP(I32,ABNT5101!$I$3:$M$9,5) -> 0.18 | AY32: =_xlfn.XLOOKUP(I32,ABNT5101!$I:$I,ABNT5101!$L:$L) -> - | AZ32: =_xlfn.XLOOKUP(I32,ABNT5101!$I:$I,ABNT5101!M:M) -> 0.18 | BA32: =_xlfn.XLOOKUP(I32,ABNT5101!$I:$I,ABNT5101!N:N) -> - | BB32: =_xlfn.XLOOKUP(I32,ABNT5101!$I:$I,ABNT5101!O:O) -> 16 | BC32: =IF(BM32="NÃO ATENDE","NÃO ATENDE",IF(BX32="NÃO ATENDE","NÃO ATENDE",IF(CG32="NÃO ATENDE","NÃO ATENDE","ATENDE"))) -> ATENDE | BD32: =BG32/AW32-1 -> 0.27066667 | BE32: =BH32/AX32-1 -> 1.3888889 | BF32: =IF($I32="M6",BI32/AY32-1,"-") -> - | BG32: 9.53 | BH32: 0.43 | BM32: =IF(OR(BN32="NÃO ATENDE",BO32="NÃO ATENDE",BP32="NÃO ATENDE"),"NÃO ATENDE","ATENDE") -> ATENDE | BN32: =IF(BG32>=AW32,"ATENDE",IF(BG32>=0.99*AW32,"ATENDIMENTO LIMIAR","NÃO ATENDE")) -> ATENDE | BO32: =IF(BH32>=AX32,"ATENDE",IF(BH32>=(AX32-0.02),"ATENDIMENTO LIMIAR","NÃO ATENDE")) -> ATENDE | BP32: =IF(AY32="-","ATENDE",IF(BI32>=AY32,"ATENDE",IF(BI32>=(AY32-0.02),"ATENDIMENTO LIMIAR","NÃO ATENDE"))) -> ATENDE | BQ32: =I32 -> C5 | BR32: =K32 -> P6 | BS32: =IF(BT32="-","-",BT32/BV32-1) -> 1.5133333 | BT32: 7.54 | BU32: 2.73 | BV32: =IF(BR32="-","-",_xlfn.XLOOKUP(BR32,ABNT5101!$B$4:$B$9,ABNT5101!$C$4:$C$9)) -> 3 | BW32: =IF(BR32="-","-",_xlfn.XLOOKUP(BR32,ABNT5101!$B$4:$B$9,ABNT5101!$D$4:$D$9)) -> 0.6 | BX32: =IF(BY32="-","-",IF(BY32="NÃO ATENDE","NÃO ATENDE",IF(BZ32="NÃO ATENDE","NÃO ATENDE","ATENDE"))) -> ATENDE | BY32: =IF(BR32="-","-",IF(BT32>=BV32,"ATENDE",IF(BT32>=(BV32*0.99),"ATENDIMENTO LIMIAR","NÃO ATENDE"))) -> ATENDE | BZ32: =IF(BR32="-","-",IF(BU32>=BW32,"ATENDE","NÃO ATENDE")) -> ATENDE | CA32: =BR32 -> P6 | CB32: =IF(CC32="-","-",CC32/CE32-1) -> 0.65666667 | CC32: 4.97 | CD32: 2.33 | CE32: =IF(CA32="-","-",_xlfn.XLOOKUP(CA32,ABNT5101!$B$4:$B$9,ABNT5101!$C$4:$C$9)) -> 3 | CF32: =IF(CA32="-","-",_xlfn.XLOOKUP(CA32,ABNT5101!$B$4:$B$9,ABNT5101!$D$4:$D$9)) -> 0.6 | CG32: =IF(CH32="-","-",IF(CH32="NÃO ATENDE","NÃO ATENDE",IF(CI32="NÃO ATENDE","NÃO ATENDE","ATENDE"))) -> ATENDE | CH32: =IF(CA32="-","-",IF(CC32>=(CE32),"ATENDE",IF(CC32>=(0.99*CE32),"ATENDIMENTO LIMIAR","NÃO ATENDE"))) -> ATENDE | CI32: =IF(CA32="-","-",IF(CD32>=CF32,"ATENDE","NÃO ATENDE")) -> ATENDE | CJ32: =_xlfn.XLOOKUP(CK32,'Banco de dados'!$B:$B,'Banco de dados'!$D:$D) -> LEDSTAR | CK32: SL VT 9.1 35W | CL32: =_xlfn.XLOOKUP(CK32,'Banco de dados'!$B:$B,'Banco de dados'!$E:$E) -> LUM LED SL VT 9.1 35W | CN32: =IF(CM32="-","-",_xlfn.XLOOKUP(CM32,'Banco de dados'!$B:$B,'Banco de dados'!$E:$E)) -> #N/A | CO32: =AG32 -> 1 | CP32: =_xlfn.XLOOKUP(CK32,'Banco de dados'!$B:$B,'Banco de dados'!$H:$H) -> 35 | CQ32: =_xlfn.XLOOKUP(CM32,'Banco de dados'!$B:$B,'Banco de dados'!$H:$H) -> 0 | CR32: =_xlfn.XLOOKUP(CK32,'Banco de dados'!$B:$B,'Banco de dados'!$F:$F) -> 5955.62 | CS32: =_xlfn.XLOOKUP(CM32,'Banco de dados'!$B:$B,'Banco de dados'!$F:$F) -> 0 | CT32: 0 | CV32: =IF(AI32<=0.5,"Curto I",IF(AND(AI32>='Braços de IP'!$B$9,AI32<='Braços de IP'!$D$9),'Braços de IP'!$E$9,IF(AND(AI32>='Braços de IP'!$B$10,AI32<='Braços de IP'!$D$10),'Braços de IP'!$E$10,IF(AND(AI32>='Braços de IP'!$B$11,AI32<='Braços de IP'!$D$11),'Braços de IP'!$E$11,IF(AND(AI32>='Braços de IP'!$B$12,AI32<='Braços de IP'!$D$12),'Braços de IP'!$E$12,IF(AND(AI32>='Braços de IP'!$B$13,AI32<='Braços de IP'!$D$13),'Braços de IP'!$E$13,IF(AND(AI32>='Braços de IP'!$B$14,AI32<='Braços de IP'!$D$14),'Braços de IP'!$E$14,"ERRO"))))))) -> Curto II | CX32: =IF($CW32="","",VLOOKUP($CW32,'Braços de IP'!$E$9:$I$15,2,0)) | CY32: =IF($CW32="","",VLOOKUP($CW32,'Braços de IP'!$E$9:$I$15,5,0)) | DF32: =CP32 -> 35 | DG32: =M32 -> 100 | DH32: =SUM(DF32:DG32)*CO32 -> 135 | DI32: =1-DF32/DG32 -> 0.65 | DL32: Sim | DO32: =((M32+N32)-CP32)/(M32+N32) -> 0.7008547 | DQ32: Classe | DR32: Quantidade | DS32: %
C33: Carol | D33: 9 | E33: PVP | F33: Rua Creta, 55 | G33: -30.075957 | H33: -50.166178 | I33: C5 | J33: - | K33: P6 | L33: Vapor de sódio | M33: 100 | N33: 17 | O33: 0 | P33: =M33*AG33*2 -> 200 | Q33: 2 | R33: 3 | S33: 7 | V33: 0 | W33: 3 | X33: 0 | Y33: 0 | Z33: 0 | AA33: 0 | AB33: 0 | AC33: Unilateral | AD33: Braço | AE33: 32.6 | AF33: 7 | AG33: 1 | AH33: 0.5 | AI33: 1.3 | AJ33: =AI33-AH33 -> 0.8 | AK33: - | AL33: - | AM33: Não | AN33: =IF(AC33="Unilateral",2*AG33,IF(AC33="Bilateral Alternada",3*AG33,IF(AC33="Bilateral Frontal",4*AG33,IF(AC33="Canteiro Central",2*AG33,"erro")))) -> 2 | AO33: 0 | AP33: 0 | AQ33: 0 | AR33: 0 | AS33: 0 | AT33: - | AU33: =IF(AO33=0,0,IF(AC33="Unilateral",2*AO33,IF(AC33="Bilateral Alternada",3*AO33,IF(AC33="Bilateral Frontal",4*AO33,IF(AC33="Canteiro Central",2*AO33,"erro"))))) -> 0 | AW33: =VLOOKUP(I33,ABNT5101!$I$3:$J$9,2) -> 7.5 | AX33: =VLOOKUP(I33,ABNT5101!$I$3:$M$9,5) -> 0.18 | AY33: =_xlfn.XLOOKUP(I33,ABNT5101!$I:$I,ABNT5101!$L:$L) -> - | AZ33: =_xlfn.XLOOKUP(I33,ABNT5101!$I:$I,ABNT5101!M:M) -> 0.18 | BA33: =_xlfn.XLOOKUP(I33,ABNT5101!$I:$I,ABNT5101!N:N) -> - | BB33: =_xlfn.XLOOKUP(I33,ABNT5101!$I:$I,ABNT5101!O:O) -> 16 | BC33: =IF(BM33="NÃO ATENDE","NÃO ATENDE",IF(BX33="NÃO ATENDE","NÃO ATENDE",IF(CG33="NÃO ATENDE","NÃO ATENDE","ATENDE"))) -> ATENDE | BD33: =BG33/AW33-1 -> 0.22666667 | BE33: =BH33/AX33-1 -> 1.7222222 | BF33: =IF($I33="M6",BI33/AY33-1,"-") -> - | BG33: 9.2 | BH33: 0.49 | BM33: =IF(OR(BN33="NÃO ATENDE",BO33="NÃO ATENDE",BP33="NÃO ATENDE"),"NÃO ATENDE","ATENDE") -> ATENDE | BN33: =IF(BG33>=AW33,"ATENDE",IF(BG33>=0.99*AW33,"ATENDIMENTO LIMIAR","NÃO ATENDE")) -> ATENDE | BO33: =IF(BH33>=AX33,"ATENDE",IF(BH33>=(AX33-0.02),"ATENDIMENTO LIMIAR","NÃO ATENDE")) -> ATENDE | BP33: =IF(AY33="-","ATENDE",IF(BI33>=AY33,"ATENDE",IF(BI33>=(AY33-0.02),"ATENDIMENTO LIMIAR","NÃO ATENDE"))) -> ATENDE | BQ33: =I33 -> C5 | BR33: =K33 -> P6 | BS33: =IF(BT33="-","-",BT33/BV33-1) -> 1.3 | BT33: 6.9 | BU33: 1.77 | BV33: =IF(BR33="-","-",_xlfn.XLOOKUP(BR33,ABNT5101!$B$4:$B$9,ABNT5101!$C$4:$C$9)) -> 3 | BW33: =IF(BR33="-","-",_xlfn.XLOOKUP(BR33,ABNT5101!$B$4:$B$9,ABNT5101!$D$4:$D$9)) -> 0.6 | BX33: =IF(BY33="-","-",IF(BY33="NÃO ATENDE","NÃO ATENDE",IF(BZ33="NÃO ATENDE","NÃO ATENDE","ATENDE"))) -> ATENDE | BY33: =IF(BR33="-","-",IF(BT33>=BV33,"ATENDE",IF(BT33>=(BV33*0.99),"ATENDIMENTO LIMIAR","NÃO ATENDE"))) -> ATENDE | BZ33: =IF(BR33="-","-",IF(BU33>=BW33,"ATENDE","NÃO ATENDE")) -> ATENDE | CA33: =BR33 -> P6 | CB33: =IF(CC33="-","-",CC33/CE33-1) -> 0.31333333 | CC33: 3.94 | CD33: 2.07 | CE33: =IF(CA33="-","-",_xlfn.XLOOKUP(CA33,ABNT5101!$B$4:$B$9,ABNT5101!$C$4:$C$9)) -> 3 | CF33: =IF(CA33="-","-",_xlfn.XLOOKUP(CA33,ABNT5101!$B$4:$B$9,ABNT5101!$D$4:$D$9)) -> 0.6 | CG33: =IF(CH33="-","-",IF(CH33="NÃO ATENDE","NÃO ATENDE",IF(CI33="NÃO ATENDE","NÃO ATENDE","ATENDE"))) -> ATENDE | CH33: =IF(CA33="-","-",IF(CC33>=(CE33),"ATENDE",IF(CC33>=(0.99*CE33),"ATENDIMENTO LIMIAR","NÃO ATENDE"))) -> ATENDE | CI33: =IF(CA33="-","-",IF(CD33>=CF33,"ATENDE","NÃO ATENDE")) -> ATENDE | CJ33: =_xlfn.XLOOKUP(CK33,'Banco de dados'!$B:$B,'Banco de dados'!$D:$D) -> SX LIGHTING | CK33: SX-INEVO030HF | CL33: =_xlfn.XLOOKUP(CK33,'Banco de dados'!$B:$B,'Banco de dados'!$E:$E) -> SXINEVO030K40L12CZF7PHF | CN33: =IF(CM33="-","-",_xlfn.XLOOKUP(CM33,'Banco de dados'!$B:$B,'Banco de dados'!$E:$E)) -> #N/A | CO33: =AG33 -> 1 | CP33: =_xlfn.XLOOKUP(CK33,'Banco de dados'!$B:$B,'Banco de dados'!$H:$H) -> 31 | CQ33: =_xlfn.XLOOKUP(CM33,'Banco de dados'!$B:$B,'Banco de dados'!$H:$H) -> 0 | CR33: =_xlfn.XLOOKUP(CK33,'Banco de dados'!$B:$B,'Banco de dados'!$F:$F) -> 5270 | CS33: =_xlfn.XLOOKUP(CM33,'Banco de dados'!$B:$B,'Banco de dados'!$F:$F) -> 0 | CT33: 0 | CV33: =IF(AI33<=0.5,"Curto I",IF(AND(AI33>='Braços de IP'!$B$9,AI33<='Braços de IP'!$D$9),'Braços de IP'!$E$9,IF(AND(AI33>='Braços de IP'!$B$10,AI33<='Braços de IP'!$D$10),'Braços de IP'!$E$10,IF(AND(AI33>='Braços de IP'!$B$11,AI33<='Braços de IP'!$D$11),'Braços de IP'!$E$11,IF(AND(AI33>='Braços de IP'!$B$12,AI33<='Braços de IP'!$D$12),'Braços de IP'!$E$12,IF(AND(AI33>='Braços de IP'!$B$13,AI33<='Braços de IP'!$D$13),'Braços de IP'!$E$13,IF(AND(AI33>='Braços de IP'!$B$14,AI33<='Braços de IP'!$D$14),'Braços de IP'!$E$14,"ERRO"))))))) -> Curto II | CX33: =IF($CW33="","",VLOOKUP($CW33,'Braços de IP'!$E$9:$I$15,2,0)) | CY33: =IF($CW33="","",VLOOKUP($CW33,'Braços de IP'!$E$9:$I$15,5,0)) | DF33: =CP33 -> 31 | DG33: =M33 -> 100 | DH33: =SUM(DF33:DG33)*CO33 -> 131 | DI33: =1-DF33/DG33 -> 0.69 | DL33: Sim | DO33: =((M33+N33)-CP33)/(M33+N33) -> 0.73504274 | DQ33: Classe | DR33: Quantidade | DS33: %
C34: Carol | D34: 9 | E34: PVP | F34: Rua Creta, 55 | G34: -30.075957 | H34: -50.166178 | I34: C5 | J34: - | K34: P6 | L34: Vapor de sódio | M34: 100 | N34: 17 | O34: 0 | P34: =M34*AG34*2 -> 200 | Q34: 2 | R34: 3 | S34: 7 | V34: 0 | W34: 3 | X34: 0 | Y34: 0 | Z34: 0 | AA34: 0 | AB34: 0 | AC34: Unilateral | AD34: Braço | AE34: 32.6 | AF34: 7 | AG34: 1 | AH34: 0.5 | AI34: 1.3 | AJ34: =AI34-AH34 -> 0.8 | AK34: - | AL34: - | AM34: Não | AN34: =IF(AC34="Unilateral",2*AG34,IF(AC34="Bilateral Alternada",3*AG34,IF(AC34="Bilateral Frontal",4*AG34,IF(AC34="Canteiro Central",2*AG34,"erro")))) -> 2 | AO34: 0 | AP34: 0 | AQ34: 0 | AR34: 0 | AS34: 0 | AT34: - | AU34: =IF(AO34=0,0,IF(AC34="Unilateral",2*AO34,IF(AC34="Bilateral Alternada",3*AO34,IF(AC34="Bilateral Frontal",4*AO34,IF(AC34="Canteiro Central",2*AO34,"erro"))))) -> 0 | AW34: =VLOOKUP(I34,ABNT5101!$I$3:$J$9,2) -> 7.5 | AX34: =VLOOKUP(I34,ABNT5101!$I$3:$M$9,5) -> 0.18 | AY34: =_xlfn.XLOOKUP(I34,ABNT5101!$I:$I,ABNT5101!$L:$L) -> - | AZ34: =_xlfn.XLOOKUP(I34,ABNT5101!$I:$I,ABNT5101!M:M) -> 0.18 | BA34: =_xlfn.XLOOKUP(I34,ABNT5101!$I:$I,ABNT5101!N:N) -> - | BB34: =_xlfn.XLOOKUP(I34,ABNT5101!$I:$I,ABNT5101!O:O) -> 16 | BC34: =IF(BM34="NÃO ATENDE","NÃO ATENDE",IF(BX34="NÃO ATENDE","NÃO ATENDE",IF(CG34="NÃO ATENDE","NÃO ATENDE","ATENDE"))) -> ATENDE | BD34: =BG34/AW34-1 -> 0.20533333 | BE34: =BH34/AX34-1 -> 2.0555556 | BF34: =IF($I34="M6",BI34/AY34-1,"-") -> - | BG34: 9.04 | BH34: 0.55 | BM34: =IF(OR(BN34="NÃO ATENDE",BO34="NÃO ATENDE",BP34="NÃO ATENDE"),"NÃO ATENDE","ATENDE") -> ATENDE | BN34: =IF(BG34>=AW34,"ATENDE",IF(BG34>=0.99*AW34,"ATENDIMENTO LIMIAR","NÃO ATENDE")) -> ATENDE | BO34: =IF(BH34>=AX34,"ATENDE",IF(BH34>=(AX34-0.02),"ATENDIMENTO LIMIAR","NÃO ATENDE")) -> ATENDE | BP34: =IF(AY34="-","ATENDE",IF(BI34>=AY34,"ATENDE",IF(BI34>=(AY34-0.02),"ATENDIMENTO LIMIAR","NÃO ATENDE"))) -> ATENDE | BQ34: =I34 -> C5 | BR34: =K34 -> P6 | BS34: =IF(BT34="-","-",BT34/BV34-1) -> 1.32 | BT34: 6.96 | BU34: 3.17 | BV34: =IF(BR34="-","-",_xlfn.XLOOKUP(BR34,ABNT5101!$B$4:$B$9,ABNT5101!$C$4:$C$9)) -> 3 | BW34: =IF(BR34="-","-",_xlfn.XLOOKUP(BR34,ABNT5101!$B$4:$B$9,ABNT5101!$D$4:$D$9)) -> 0.6 | BX34: =IF(BY34="-","-",IF(BY34="NÃO ATENDE","NÃO ATENDE",IF(BZ34="NÃO ATENDE","NÃO ATENDE","ATENDE"))) -> ATENDE | BY34: =IF(BR34="-","-",IF(BT34>=BV34,"ATENDE",IF(BT34>=(BV34*0.99),"ATENDIMENTO LIMIAR","NÃO ATENDE"))) -> ATENDE | BZ34: =IF(BR34="-","-",IF(BU34>=BW34,"ATENDE","NÃO ATENDE")) -> ATENDE | CA34: =BR34 -> P6 | CB34: =IF(CC34="-","-",CC34/CE34-1) -> 0.25333333 | CC34: 3.76 | CD34: 2.36 | CE34: =IF(CA34="-","-",_xlfn.XLOOKUP(CA34,ABNT5101!$B$4:$B$9,ABNT5101!$C$4:$C$9)) -> 3 | CF34: =IF(CA34="-","-",_xlfn.XLOOKUP(CA34,ABNT5101!$B$4:$B$9,ABNT5101!$D$4:$D$9)) -> 0.6 | CG34: =IF(CH34="-","-",IF(CH34="NÃO ATENDE","NÃO ATENDE",IF(CI34="NÃO ATENDE","NÃO ATENDE","ATENDE"))) -> ATENDE | CH34: =IF(CA34="-","-",IF(CC34>=(CE34),"ATENDE",IF(CC34>=(0.99*CE34),"ATENDIMENTO LIMIAR","NÃO ATENDE"))) -> ATENDE | CI34: =IF(CA34="-","-",IF(CD34>=CF34,"ATENDE","NÃO ATENDE")) -> ATENDE | CJ34: =_xlfn.XLOOKUP(CK34,'Banco de dados'!$B:$B,'Banco de dados'!$D:$D) -> TECNOWATT | CK34: SIGSAGPTLRRSSNDL_30W_38IBBRS | CL34: =_xlfn.XLOOKUP(CK34,'Banco de dados'!$B:$B,'Banco de dados'!$E:$E) -> SIGSAGPTLRRSSNDL_30W_38IBBRS 1-10C1MUN6.5 | CN34: =IF(CM34="-","-",_xlfn.XLOOKUP(CM34,'Banco de dados'!$B:$B,'Banco de dados'!$E:$E)) -> #N/A | CO34: =AG34 -> 1 | CP34: =_xlfn.XLOOKUP(CK34,'Banco de dados'!$B:$B,'Banco de dados'!$H:$H) -> 30 | CQ34: =_xlfn.XLOOKUP(CM34,'Banco de dados'!$B:$B,'Banco de dados'!$H:$H) -> 0 | CR34: =_xlfn.XLOOKUP(CK34,'Banco de dados'!$B:$B,'Banco de dados'!$F:$F) -> 5266 | CS34: =_xlfn.XLOOKUP(CM34,'Banco de dados'!$B:$B,'Banco de dados'!$F:$F) -> 0 | CT34: 0 | CV34: =IF(AI34<=0.5,"Curto I",IF(AND(AI34>='Braços de IP'!$B$9,AI34<='Braços de IP'!$D$9),'Braços de IP'!$E$9,IF(AND(AI34>='Braços de IP'!$B$10,AI34<='Braços de IP'!$D$10),'Braços de IP'!$E$10,IF(AND(AI34>='Braços de IP'!$B$11,AI34<='Braços de IP'!$D$11),'Braços de IP'!$E$11,IF(AND(AI34>='Braços de IP'!$B$12,AI34<='Braços de IP'!$D$12),'Braços de IP'!$E$12,IF(AND(AI34>='Braços de IP'!$B$13,AI34<='Braços de IP'!$D$13),'Braços de IP'!$E$13,IF(AND(AI34>='Braços de IP'!$B$14,AI34<='Braços de IP'!$D$14),'Braços de IP'!$E$14,"ERRO"))))))) -> Curto II | CX34: =IF($CW34="","",VLOOKUP($CW34,'Braços de IP'!$E$9:$I$15,2,0)) | CY34: =IF($CW34="","",VLOOKUP($CW34,'Braços de IP'!$E$9:$I$15,5,0)) | DF34: =CP34 -> 30 | DG34: =M34 -> 100 | DH34: =SUM(DF34:DG34)*CO34 -> 130 | DI34: =1-DF34/DG34 -> 0.7 | DL34: Sim | DO34: =((M34+N34)-CP34)/(M34+N34) -> 0.74358974 | DQ34: Classe | DR34: Quantidade | DS34: %
C35: Carol | D35: 12 | E35: PVP | F35: Rua Almirante Tamandare, 874 | G35: -29.986407 | H35: -50.131108 | I35: C4 | J35: - | K35: P6 | L35: Vapor de sódio | M35: 100 | N35: 17 | O35: 0 | P35: =M35*AG35*2 -> 200 | Q35: 2 | R35: 4.5 | S35: 10 | V35: 0 | W35: 4.5 | X35: 0 | Y35: 0 | Z35: 0 | AA35: 0 | AB35: 0 | AC35: Unilateral | AD35: Braço | AE35: 37.7 | AF35: 7.5 | AG35: 1 | AH35: 0.3 | AI35: 1.3 | AJ35: =AI35-AH35 -> 1 | AK35: - | AL35: - | AM35: Não | AN35: =IF(AC35="Unilateral",2*AG35,IF(AC35="Bilateral Alternada",3*AG35,IF(AC35="Bilateral Frontal",4*AG35,IF(AC35="Canteiro Central",2*AG35,"erro")))) -> 2 | AO35: 0 | AP35: 0 | AQ35: 0 | AR35: 0 | AS35: 0 | AT35: - | AU35: =IF(AO35=0,0,IF(AC35="Unilateral",2*AO35,IF(AC35="Bilateral Alternada",3*AO35,IF(AC35="Bilateral Frontal",4*AO35,IF(AC35="Canteiro Central",2*AO35,"erro"))))) -> 0 | AW35: =VLOOKUP(I35,ABNT5101!$I$3:$J$9,2) -> 10 | AX35: =VLOOKUP(I35,ABNT5101!$I$3:$M$9,5) -> 0.18 | AY35: =_xlfn.XLOOKUP(I35,ABNT5101!$I:$I,ABNT5101!$L:$L) -> - | AZ35: =_xlfn.XLOOKUP(I35,ABNT5101!$I:$I,ABNT5101!M:M) -> 0.18 | BA35: =_xlfn.XLOOKUP(I35,ABNT5101!$I:$I,ABNT5101!N:N) -> - | BB35: =_xlfn.XLOOKUP(I35,ABNT5101!$I:$I,ABNT5101!O:O) -> 16 | BC35: =IF(BM35="NÃO ATENDE","NÃO ATENDE",IF(BX35="NÃO ATENDE","NÃO ATENDE",IF(CG35="NÃO ATENDE","NÃO ATENDE","ATENDE"))) -> ATENDE | BD35: =BG35/AW35-1 -> 0.252 | BE35: =BH35/AX35-1 -> 0.61111111 | BF35: =IF($I35="M6",BI35/AY35-1,"-") -> - | BG35: 12.52 | BH35: 0.29 | BM35: =IF(OR(BN35="NÃO ATENDE",BO35="NÃO ATENDE",BP35="NÃO ATENDE"),"NÃO ATENDE","ATENDE") -> ATENDE | BN35: =IF(BG35>=AW35,"ATENDE",IF(BG35>=0.99*AW35,"ATENDIMENTO LIMIAR","NÃO ATENDE")) -> ATENDE | BO35: =IF(BH35>=AX35,"ATENDE",IF(BH35>=(AX35-0.02),"ATENDIMENTO LIMIAR","NÃO ATENDE")) -> ATENDE | BP35: =IF(AY35="-","ATENDE",IF(BI35>=AY35,"ATENDE",IF(BI35>=(AY35-0.02),"ATENDIMENTO LIMIAR","NÃO ATENDE"))) -> ATENDE | BQ35: =I35 -> C4 | BR35: =K35 -> P6 | BS35: =IF(BT35="-","-",BT35/BV35-1) -> 1.95 | BT35: 8.85 | BU35: 3.1 | BV35: =IF(BR35="-","-",_xlfn.XLOOKUP(BR35,ABNT5101!$B$4:$B$9,ABNT5101!$C$4:$C$9)) -> 3 | BW35: =IF(BR35="-","-",_xlfn.XLOOKUP(BR35,ABNT5101!$B$4:$B$9,ABNT5101!$D$4:$D$9)) -> 0.6 | BX35: =IF(BY35="-","-",IF(BY35="NÃO ATENDE","NÃO ATENDE",IF(BZ35="NÃO ATENDE","NÃO ATENDE","ATENDE"))) -> ATENDE | BY35: =IF(BR35="-","-",IF(BT35>=BV35,"ATENDE",IF(BT35>=(BV35*0.99),"ATENDIMENTO LIMIAR","NÃO ATENDE"))) -> ATENDE | BZ35: =IF(BR35="-","-",IF(BU35>=BW35,"ATENDE","NÃO ATENDE")) -> ATENDE | CA35: - | CB35: =IF(CC35="-","-",CC35/CE35-1) -> #VALUE! | CC35: 4.46 | CD35: 1.43 | CE35: =IF(CA35="-","-",_xlfn.XLOOKUP(CA35,ABNT5101!$B$4:$B$9,ABNT5101!$C$4:$C$9)) -> - | CF35: =IF(CA35="-","-",_xlfn.XLOOKUP(CA35,ABNT5101!$B$4:$B$9,ABNT5101!$D$4:$D$9)) -> - | CG35: =IF(CH35="-","-",IF(CH35="NÃO ATENDE","NÃO ATENDE",IF(CI35="NÃO ATENDE","NÃO ATENDE","ATENDE"))) -> - | CH35: =IF(CA35="-","-",IF(CC35>=(CE35),"ATENDE",IF(CC35>=(0.99*CE35),"ATENDIMENTO LIMIAR","NÃO ATENDE"))) -> - | CI35: =IF(CA35="-","-",IF(CD35>=CF35,"ATENDE","NÃO ATENDE")) -> - | CJ35: =_xlfn.XLOOKUP(CK35,'Banco de dados'!$B:$B,'Banco de dados'!$D:$D) -> LEDSTAR | CK35: SL VT 9.1 65W | CL35: =_xlfn.XLOOKUP(CK35,'Banco de dados'!$B:$B,'Banco de dados'!$E:$E) -> LUM LED SL VT 9.1 65W | CN35: =IF(CM35="-","-",_xlfn.XLOOKUP(CM35,'Banco de dados'!$B:$B,'Banco de dados'!$E:$E)) -> 0 | CO35: =AG35 -> 1 | CP35: =_xlfn.XLOOKUP(CK35,'Banco de dados'!$B:$B,'Banco de dados'!$H:$H) -> 65 | CQ35: =_xlfn.XLOOKUP(CM35,'Banco de dados'!$B:$B,'Banco de dados'!$H:$H) -> 0 | CR35: =_xlfn.XLOOKUP(CK35,'Banco de dados'!$B:$B,'Banco de dados'!$F:$F) -> 10496 | CS35: =_xlfn.XLOOKUP(CM35,'Banco de dados'!$B:$B,'Banco de dados'!$F:$F) -> 0 | CT35: 0 | CU35: 5 | CV35: =IF(AI35<=0.5,"Curto I",IF(AND(AI35>='Braços de IP'!$B$9,AI35<='Braços de IP'!$D$9),'Braços de IP'!$E$9,IF(AND(AI35>='Braços de IP'!$B$10,AI35<='Braços de IP'!$D$10),'Braços de IP'!$E$10,IF(AND(AI35>='Braços de IP'!$B$11,AI35<='Braços de IP'!$D$11),'Braços de IP'!$E$11,IF(AND(AI35>='Braços de IP'!$B$12,AI35<='Braços de IP'!$D$12),'Braços de IP'!$E$12,IF(AND(AI35>='Braços de IP'!$B$13,AI35<='Braços de IP'!$D$13),'Braços de IP'!$E$13,IF(AND(AI35>='Braços de IP'!$B$14,AI35<='Braços de IP'!$D$14),'Braços de IP'!$E$14,"ERRO"))))))) -> Curto II | CX35: =IF($CW35="","",VLOOKUP($CW35,'Braços de IP'!$E$9:$I$15,2,0)) | CY35: =IF($CW35="","",VLOOKUP($CW35,'Braços de IP'!$E$9:$I$15,5,0)) | DF35: =CP35 -> 65 | DG35: =M35 -> 100 | DH35: =SUM(DF35:DG35)*CO35 -> 165 | DI35: =1-DF35/DG35 -> 0.35 | DL35: Sim | DO35: =((M35+N35)-CP35)/(M35+N35) -> 0.44444444 | DQ35: V1 | DR35: =COUNTIF(I:I,DQ35)/3 -> 0 | DS35: =DR35/$DR$434 -> #DIV/0!
C36: Carol | D36: 12 | E36: PVP | F36: Rua Almirante Tamandare, 874 | G36: -29.986407 | H36: -50.131108 | I36: C4 | J36: - | K36: P6 | L36: Vapor de sódio | M36: 100 | N36: 17 | O36: 0 | P36: =M36*AG36*2 -> 200 | Q36: 2 | R36: 4.5 | S36: 10 | V36: 0 | W36: 4.5 | X36: 0 | Y36: 0 | Z36: 0 | AA36: 0 | AB36: 0 | AC36: Unilateral | AD36: Braço | AE36: 37.7 | AF36: 7.5 | AG36: 1 | AH36: 0.3 | AI36: 1.3 | AJ36: =AI36-AH36 -> 1 | AK36: - | AL36: - | AM36: Não | AN36: =IF(AC36="Unilateral",2*AG36,IF(AC36="Bilateral Alternada",3*AG36,IF(AC36="Bilateral Frontal",4*AG36,IF(AC36="Canteiro Central",2*AG36,"erro")))) -> 2 | AO36: 0 | AP36: 0 | AQ36: 0 | AR36: 0 | AS36: 0 | AT36: - | AU36: =IF(AO36=0,0,IF(AC36="Unilateral",2*AO36,IF(AC36="Bilateral Alternada",3*AO36,IF(AC36="Bilateral Frontal",4*AO36,IF(AC36="Canteiro Central",2*AO36,"erro"))))) -> 0 | AW36: =VLOOKUP(I36,ABNT5101!$I$3:$J$9,2) -> 10 | AX36: =VLOOKUP(I36,ABNT5101!$I$3:$M$9,5) -> 0.18 | AY36: =_xlfn.XLOOKUP(I36,ABNT5101!$I:$I,ABNT5101!$L:$L) -> - | AZ36: =_xlfn.XLOOKUP(I36,ABNT5101!$I:$I,ABNT5101!M:M) -> 0.18 | BA36: =_xlfn.XLOOKUP(I36,ABNT5101!$I:$I,ABNT5101!N:N) -> - | BB36: =_xlfn.XLOOKUP(I36,ABNT5101!$I:$I,ABNT5101!O:O) -> 16 | BC36: =IF(BM36="NÃO ATENDE","NÃO ATENDE",IF(BX36="NÃO ATENDE","NÃO ATENDE",IF(CG36="NÃO ATENDE","NÃO ATENDE","ATENDE"))) -> ATENDE | BD36: =BG36/AW36-1 -> 0.134 | BE36: =BH36/AX36-1 -> 1.3333333 | BF36: =IF($I36="M6",BI36/AY36-1,"-") -> - | BG36: 11.34 | BH36: 0.42 | BM36: =IF(OR(BN36="NÃO ATENDE",BO36="NÃO ATENDE",BP36="NÃO ATENDE"),"NÃO ATENDE","ATENDE") -> ATENDE | BN36: =IF(BG36>=AW36,"ATENDE",IF(BG36>=0.99*AW36,"ATENDIMENTO LIMIAR","NÃO ATENDE")) -> ATENDE | BO36: =IF(BH36>=AX36,"ATENDE",IF(BH36>=(AX36-0.02),"ATENDIMENTO LIMIAR","NÃO ATENDE")) -> ATENDE | BP36: =IF(AY36="-","ATENDE",IF(BI36>=AY36,"ATENDE",IF(BI36>=(AY36-0.02),"ATENDIMENTO LIMIAR","NÃO ATENDE"))) -> ATENDE | BQ36: =I36 -> C4 | BR36: =K36 -> P6 | BS36: =IF(BT36="-","-",BT36/BV36-1) -> 1.37 | BT36: 7.11 | BU36: 0.84 | BV36: =IF(BR36="-","-",_xlfn.XLOOKUP(BR36,ABNT5101!$B$4:$B$9,ABNT5101!$C$4:$C$9)) -> 3 | BW36: =IF(BR36="-","-",_xlfn.XLOOKUP(BR36,ABNT5101!$B$4:$B$9,ABNT5101!$D$4:$D$9)) -> 0.6 | BX36: =IF(BY36="-","-",IF(BY36="NÃO ATENDE","NÃO ATENDE",IF(BZ36="NÃO ATENDE","NÃO ATENDE","ATENDE"))) -> ATENDE | BY36: =IF(BR36="-","-",IF(BT36>=BV36,"ATENDE",IF(BT36>=(BV36*0.99),"ATENDIMENTO LIMIAR","NÃO ATENDE"))) -> ATENDE | BZ36: =IF(BR36="-","-",IF(BU36>=BW36,"ATENDE","NÃO ATENDE")) -> ATENDE | CA36: - | CB36: =IF(CC36="-","-",CC36/CE36-1) -> #VALUE! | CC36: 3.82 | CD36: 1.77 | CE36: =IF(CA36="-","-",_xlfn.XLOOKUP(CA36,ABNT5101!$B$4:$B$9,ABNT5101!$C$4:$C$9)) -> - | CF36: =IF(CA36="-","-",_xlfn.XLOOKUP(CA36,ABNT5101!$B$4:$B$9,ABNT5101!$D$4:$D$9)) -> - | CG36: =IF(CH36="-","-",IF(CH36="NÃO ATENDE","NÃO ATENDE",IF(CI36="NÃO ATENDE","NÃO ATENDE","ATENDE"))) -> - | CH36: =IF(CA36="-","-",IF(CC36>=(CE36),"ATENDE",IF(CC36>=(0.99*CE36),"ATENDIMENTO LIMIAR","NÃO ATENDE"))) -> - | CI36: =IF(CA36="-","-",IF(CD36>=CF36,"ATENDE","NÃO ATENDE")) -> - | CJ36: =_xlfn.XLOOKUP(CK36,'Banco de dados'!$B:$B,'Banco de dados'!$D:$D) -> SX LIGHTING | CK36: SX-INEVO050HF | CL36: =_xlfn.XLOOKUP(CK36,'Banco de dados'!$B:$B,'Banco de dados'!$E:$E) -> SXINEVO050K40L12CZF7PHF | CN36: =IF(CM36="-","-",_xlfn.XLOOKUP(CM36,'Banco de dados'!$B:$B,'Banco de dados'!$E:$E)) -> #N/A | CO36: =AG36 -> 1 | CP36: =_xlfn.XLOOKUP(CK36,'Banco de dados'!$B:$B,'Banco de dados'!$H:$H) -> 50 | CQ36: =_xlfn.XLOOKUP(CM36,'Banco de dados'!$B:$B,'Banco de dados'!$H:$H) -> 0 | CR36: =_xlfn.XLOOKUP(CK36,'Banco de dados'!$B:$B,'Banco de dados'!$F:$F) -> 8650 | CS36: =_xlfn.XLOOKUP(CM36,'Banco de dados'!$B:$B,'Banco de dados'!$F:$F) -> 0 | CT36: 0 | CU36: 5 | CV36: =IF(AI36<=0.5,"Curto I",IF(AND(AI36>='Braços de IP'!$B$9,AI36<='Braços de IP'!$D$9),'Braços de IP'!$E$9,IF(AND(AI36>='Braços de IP'!$B$10,AI36<='Braços de IP'!$D$10),'Braços de IP'!$E$10,IF(AND(AI36>='Braços de IP'!$B$11,AI36<='Braços de IP'!$D$11),'Braços de IP'!$E$11,IF(AND(AI36>='Braços de IP'!$B$12,AI36<='Braços de IP'!$D$12),'Braços de IP'!$E$12,IF(AND(AI36>='Braços de IP'!$B$13,AI36<='Braços de IP'!$D$13),'Braços de IP'!$E$13,IF(AND(AI36>='Braços de IP'!$B$14,AI36<='Braços de IP'!$D$14),'Braços de IP'!$E$14,"ERRO"))))))) -> Curto II | CX36: =IF($CW36="","",VLOOKUP($CW36,'Braços de IP'!$E$9:$I$15,2,0)) | CY36: =IF($CW36="","",VLOOKUP($CW36,'Braços de IP'!$E$9:$I$15,5,0)) | DF36: =CP36 -> 50 | DG36: =M36 -> 100 | DH36: =SUM(DF36:DG36)*CO36 -> 150 | DI36: =1-DF36/DG36 -> 0.5 | DL36: Sim | DO36: =((M36+N36)-CP36)/(M36+N36) -> 0.57264957 | DQ36: V1 | DR36: =COUNTIF(I:I,DQ36)/3 -> 0 | DS36: =DR36/$DR$434 -> #DIV/0!
C37: Carol | D37: 12 | E37: PVP | F37: Rua Almirante Tamandare, 874 | G37: -29.986407 | H37: -50.131108 | I37: C4 | J37: - | K37: P6 | L37: Vapor de sódio | M37: 100 | N37: 17 | O37: 0 | P37: =M37*AG37*2 -> 200 | Q37: 2 | R37: 4.5 | S37: 10 | V37: 0 | W37: 4.5 | X37: 0 | Y37: 0 | Z37: 0 | AA37: 0 | AB37: 0 | AC37: Unilateral | AD37: Braço | AE37: 37.7 | AF37: 7.5 | AG37: 1 | AH37: 0.3 | AI37: 1.3 | AJ37: =AI37-AH37 -> 1 | AK37: - | AL37: - | AM37: Não | AN37: =IF(AC37="Unilateral",2*AG37,IF(AC37="Bilateral Alternada",3*AG37,IF(AC37="Bilateral Frontal",4*AG37,IF(AC37="Canteiro Central",2*AG37,"erro")))) -> 2 | AO37: 0 | AP37: 0 | AQ37: 0 | AR37: 0 | AS37: 0 | AT37: - | AU37: =IF(AO37=0,0,IF(AC37="Unilateral",2*AO37,IF(AC37="Bilateral Alternada",3*AO37,IF(AC37="Bilateral Frontal",4*AO37,IF(AC37="Canteiro Central",2*AO37,"erro"))))) -> 0 | AW37: =VLOOKUP(I37,ABNT5101!$I$3:$J$9,2) -> 10 | AX37: =VLOOKUP(I37,ABNT5101!$I$3:$M$9,5) -> 0.18 | AY37: =_xlfn.XLOOKUP(I37,ABNT5101!$I:$I,ABNT5101!$L:$L) -> - | AZ37: =_xlfn.XLOOKUP(I37,ABNT5101!$I:$I,ABNT5101!M:M) -> 0.18 | BA37: =_xlfn.XLOOKUP(I37,ABNT5101!$I:$I,ABNT5101!N:N) -> - | BB37: =_xlfn.XLOOKUP(I37,ABNT5101!$I:$I,ABNT5101!O:O) -> 16 | BC37: =IF(BM37="NÃO ATENDE","NÃO ATENDE",IF(BX37="NÃO ATENDE","NÃO ATENDE",IF(CG37="NÃO ATENDE","NÃO ATENDE","ATENDE"))) -> ATENDE | BD37: =BG37/AW37-1 -> 0.221 | BE37: =BH37/AX37-1 -> 1.2222222 | BF37: =IF($I37="M6",BI37/AY37-1,"-") -> - | BG37: 12.21 | BH37: 0.4 | BM37: =IF(OR(BN37="NÃO ATENDE",BO37="NÃO ATENDE",BP37="NÃO ATENDE"),"NÃO ATENDE","ATENDE") -> ATENDE | BN37: =IF(BG37>=AW37,"ATENDE",IF(BG37>=0.99*AW37,"ATENDIMENTO LIMIAR","NÃO ATENDE")) -> ATENDE | BO37: =IF(BH37>=AX37,"ATENDE",IF(BH37>=(AX37-0.02),"ATENDIMENTO LIMIAR","NÃO ATENDE")) -> ATENDE | BP37: =IF(AY37="-","ATENDE",IF(BI37>=AY37,"ATENDE",IF(BI37>=(AY37-0.02),"ATENDIMENTO LIMIAR","NÃO ATENDE"))) -> ATENDE | BQ37: =I37 -> C4 | BR37: =K37 -> P6 | BS37: =IF(BT37="-","-",BT37/BV37-1) -> 1.4066667 | BT37: 7.22 | BU37: 1.05 | BV37: =IF(BR37="-","-",_xlfn.XLOOKUP(BR37,ABNT5101!$B$4:$B$9,ABNT5101!$C$4:$C$9)) -> 3 | BW37: =IF(BR37="-","-",_xlfn.XLOOKUP(BR37,ABNT5101!$B$4:$B$9,ABNT5101!$D$4:$D$9)) -> 0.6 | BX37: =IF(BY37="-","-",IF(BY37="NÃO ATENDE","NÃO ATENDE",IF(BZ37="NÃO ATENDE","NÃO ATENDE","ATENDE"))) -> ATENDE | BY37: =IF(BR37="-","-",IF(BT37>=BV37,"ATENDE",IF(BT37>=(BV37*0.99),"ATENDIMENTO LIMIAR","NÃO ATENDE"))) -> ATENDE | BZ37: =IF(BR37="-","-",IF(BU37>=BW37,"ATENDE","NÃO ATENDE")) -> ATENDE | CA37: - | CB37: =IF(CC37="-","-",CC37/CE37-1) -> #VALUE! | CC37: 3.8 | CD37: 2.29 | CE37: =IF(CA37="-","-",_xlfn.XLOOKUP(CA37,ABNT5101!$B$4:$B$9,ABNT5101!$C$4:$C$9)) -> - | CF37: =IF(CA37="-","-",_xlfn.XLOOKUP(CA37,ABNT5101!$B$4:$B$9,ABNT5101!$D$4:$D$9)) -> - | CG37: =IF(CH37="-","-",IF(CH37="NÃO ATENDE","NÃO ATENDE",IF(CI37="NÃO ATENDE","NÃO ATENDE","ATENDE"))) -> - | CH37: =IF(CA37="-","-",IF(CC37>=(CE37),"ATENDE",IF(CC37>=(0.99*CE37),"ATENDIMENTO LIMIAR","NÃO ATENDE"))) -> - | CI37: =IF(CA37="-","-",IF(CD37>=CF37,"ATENDE","NÃO ATENDE")) -> - | CJ37: =_xlfn.XLOOKUP(CK37,'Banco de dados'!$B:$B,'Banco de dados'!$D:$D) -> TECNOWATT | CK37: SIGSAGPTLRRSSNDL_60W_73IBBRS | CL37: =_xlfn.XLOOKUP(CK37,'Banco de dados'!$B:$B,'Banco de dados'!$E:$E) -> SIGSAGPTLRRSSNDL_60W_73IBBRS 1-10C1MUN6.5 | CN37: =IF(CM37="-","-",_xlfn.XLOOKUP(CM37,'Banco de dados'!$B:$B,'Banco de dados'!$E:$E)) -> #N/A | CO37: =AG37 -> 1 | CP37: =_xlfn.XLOOKUP(CK37,'Banco de dados'!$B:$B,'Banco de dados'!$H:$H) -> 60 | CQ37: =_xlfn.XLOOKUP(CM37,'Banco de dados'!$B:$B,'Banco de dados'!$H:$H) -> #N/A | CR37: =_xlfn.XLOOKUP(CK37,'Banco de dados'!$B:$B,'Banco de dados'!$F:$F) -> 9453 | CS37: =_xlfn.XLOOKUP(CM37,'Banco de dados'!$B:$B,'Banco de dados'!$F:$F) -> 0 | CT37: 0 | CU37: 10 | CV37: =IF(AI37<=0.5,"Curto I",IF(AND(AI37>='Braços de IP'!$B$9,AI37<='Braços de IP'!$D$9),'Braços de IP'!$E$9,IF(AND(AI37>='Braços de IP'!$B$10,AI37<='Braços de IP'!$D$10),'Braços de IP'!$E$10,IF(AND(AI37>='Braços de IP'!$B$11,AI37<='Braços de IP'!$D$11),'Braços de IP'!$E$11,IF(AND(AI37>='Braços de IP'!$B$12,AI37<='Braços de IP'!$D$12),'Braços de IP'!$E$12,IF(AND(AI37>='Braços de IP'!$B$13,AI37<='Braços de IP'!$D$13),'Braços de IP'!$E$13,IF(AND(AI37>='Braços de IP'!$B$14,AI37<='Braços de IP'!$D$14),'Braços de IP'!$E$14,"ERRO"))))))) -> Curto II | CX37: =IF($CW37="","",VLOOKUP($CW37,'Braços de IP'!$E$9:$I$15,2,0)) | CY37: =IF($CW37="","",VLOOKUP($CW37,'Braços de IP'!$E$9:$I$15,5,0)) | DF37: =CP37 -> 60 | DG37: =M37 -> 100 | DH37: =SUM(DF37:DG37)*CO37 -> 160 | DI37: =1-DF37/DG37 -> 0.4 | DL37: Sim | DO37: =((M37+N37)-CP37)/(M37+N37) -> 0.48717949 | DQ37: V1 | DR37: =COUNTIF(I:I,DQ37)/3 -> 0 | DS37: =DR37/$DR$434 -> #DIV/0!
C38: Carol | D38: 10 | E38: PVP | F38: Rua A-Seis dos Jasmins, 128 | G38: -30.065522 | H38: -50.162438 | I38: C5 | J38: - | K38: P6 | L38: Vapor de sódio | M38: 100 | N38: 17 | O38: 0 | P38: =M38*AG38*2 -> 200 | Q38: 2 | R38: 2.5 | S38: 7 | V38: 0 | W38: 2.5 | X38: 0 | Y38: 0 | Z38: 0 | AA38: 0 | AB38: 0 | AC38: Unilateral | AD38: Braço | AE38: 35.1 | AF38: 7.3 | AG38: 1 | AH38: 0.3 | AI38: 1.3 | AJ38: =AI38-AH38 -> 1 | AK38: - | AL38: - | AM38: Não | AN38: =IF(AC38="Unilateral",2*AG38,IF(AC38="Bilateral Alternada",3*AG38,IF(AC38="Bilateral Frontal",4*AG38,IF(AC38="Canteiro Central",2*AG38,"erro")))) -> 2 | AO38: 0 | AP38: 0 | AQ38: 0 | AR38: 0 | AS38: 0 | AT38: - | AU38: =IF(AO38=0,0,IF(AC38="Unilateral",2*AO38,IF(AC38="Bilateral Alternada",3*AO38,IF(AC38="Bilateral Frontal",4*AO38,IF(AC38="Canteiro Central",2*AO38,"erro"))))) -> 0 | AW38: =VLOOKUP(I38,ABNT5101!$I$3:$J$9,2) -> 7.5 | AX38: =VLOOKUP(I38,ABNT5101!$I$3:$M$9,5) -> 0.18 | AY38: =_xlfn.XLOOKUP(I38,ABNT5101!$I:$I,ABNT5101!$L:$L) -> - | AZ38: =_xlfn.XLOOKUP(I38,ABNT5101!$I:$I,ABNT5101!M:M) -> 0.18 | BA38: =_xlfn.XLOOKUP(I38,ABNT5101!$I:$I,ABNT5101!N:N) -> - | BB38: =_xlfn.XLOOKUP(I38,ABNT5101!$I:$I,ABNT5101!O:O) -> 16 | BC38: =IF(BM38="NÃO ATENDE","NÃO ATENDE",IF(BX38="NÃO ATENDE","NÃO ATENDE",IF(CG38="NÃO ATENDE","NÃO ATENDE","ATENDE"))) -> ATENDE | BD38: =BG38/AW38-1 -> 0.14933333 | BE38: =BH38/AX38-1 -> 1.2222222 | BF38: =IF($I38="M6",BI38/AY38-1,"-") -> - | BG38: 8.62 | BH38: 0.4 | BM38: =IF(OR(BN38="NÃO ATENDE",BO38="NÃO ATENDE",BP38="NÃO ATENDE"),"NÃO ATENDE","ATENDE") -> ATENDE | BN38: =IF(BG38>=AW38,"ATENDE",IF(BG38>=0.99*AW38,"ATENDIMENTO LIMIAR","NÃO ATENDE")) -> ATENDE | BO38: =IF(BH38>=AX38,"ATENDE",IF(BH38>=(AX38-0.02),"ATENDIMENTO LIMIAR","NÃO ATENDE")) -> ATENDE | BP38: =IF(AY38="-","ATENDE",IF(BI38>=AY38,"ATENDE",IF(BI38>=(AY38-0.02),"ATENDIMENTO LIMIAR","NÃO ATENDE"))) -> ATENDE | BQ38: =I38 -> C5 | BR38: =K38 -> P6 | BS38: =IF(BT38="-","-",BT38/BV38-1) -> 1.3066667 | BT38: 6.92 | BU38: 2.45 | BV38: =IF(BR38="-","-",_xlfn.XLOOKUP(BR38,ABNT5101!$B$4:$B$9,ABNT5101!$C$4:$C$9)) -> 3 | BW38: =IF(BR38="-","-",_xlfn.XLOOKUP(BR38,ABNT5101!$B$4:$B$9,ABNT5101!$D$4:$D$9)) -> 0.6 | BX38: =IF(BY38="-","-",IF(BY38="NÃO ATENDE","NÃO ATENDE",IF(BZ38="NÃO ATENDE","NÃO ATENDE","ATENDE"))) -> ATENDE | BY38: =IF(BR38="-","-",IF(BT38>=BV38,"ATENDE",IF(BT38>=(BV38*0.99),"ATENDIMENTO LIMIAR","NÃO ATENDE"))) -> ATENDE | BZ38: =IF(BR38="-","-",IF(BU38>=BW38,"ATENDE","NÃO ATENDE")) -> ATENDE | CA38: =BR38 -> P6 | CB38: =IF(CC38="-","-",CC38/CE38-1) -> 0.76333333 | CC38: 5.29 | CD38: 2.44 | CE38: =IF(CA38="-","-",_xlfn.XLOOKUP(CA38,ABNT5101!$B$4:$B$9,ABNT5101!$C$4:$C$9)) -> 3 | CF38: =IF(CA38="-","-",_xlfn.XLOOKUP(CA38,ABNT5101!$B$4:$B$9,ABNT5101!$D$4:$D$9)) -> 0.6 | CG38: =IF(CH38="-","-",IF(CH38="NÃO ATENDE","NÃO ATENDE",IF(CI38="NÃO ATENDE","NÃO ATENDE","ATENDE"))) -> ATENDE | CH38: =IF(CA38="-","-",IF(CC38>=(CE38),"ATENDE",IF(CC38>=(0.99*CE38),"ATENDIMENTO LIMIAR","NÃO ATENDE"))) -> ATENDE | CI38: =IF(CA38="-","-",IF(CD38>=CF38,"ATENDE","NÃO ATENDE")) -> ATENDE | CJ38: =_xlfn.XLOOKUP(CK38,'Banco de dados'!$B:$B,'Banco de dados'!$D:$D) -> LEDSTAR | CK38: SL VT 9.1 35W | CL38: =_xlfn.XLOOKUP(CK38,'Banco de dados'!$B:$B,'Banco de dados'!$E:$E) -> LUM LED SL VT 9.1 35W | CN38: =IF(CM38="-","-",_xlfn.XLOOKUP(CM38,'Banco de dados'!$B:$B,'Banco de dados'!$E:$E)) -> #N/A | CO38: =AG38 -> 1 | CP38: =_xlfn.XLOOKUP(CK38,'Banco de dados'!$B:$B,'Banco de dados'!$H:$H) -> 35 | CQ38: =_xlfn.XLOOKUP(CM38,'Banco de dados'!$B:$B,'Banco de dados'!$H:$H) -> #N/A | CR38: =_xlfn.XLOOKUP(CK38,'Banco de dados'!$B:$B,'Banco de dados'!$F:$F) -> 5955.62 | CS38: =_xlfn.XLOOKUP(CM38,'Banco de dados'!$B:$B,'Banco de dados'!$F:$F) -> 0 | CT38: 0 | CV38: =IF(AI38<=0.5,"Curto I",IF(AND(AI38>='Braços de IP'!$B$9,AI38<='Braços de IP'!$D$9),'Braços de IP'!$E$9,IF(AND(AI38>='Braços de IP'!$B$10,AI38<='Braços de IP'!$D$10),'Braços de IP'!$E$10,IF(AND(AI38>='Braços de IP'!$B$11,AI38<='Braços de IP'!$D$11),'Braços de IP'!$E$11,IF(AND(AI38>='Braços de IP'!$B$12,AI38<='Braços de IP'!$D$12),'Braços de IP'!$E$12,IF(AND(AI38>='Braços de IP'!$B$13,AI38<='Braços de IP'!$D$13),'Braços de IP'!$E$13,IF(AND(AI38>='Braços de IP'!$B$14,AI38<='Braços de IP'!$D$14),'Braços de IP'!$E$14,"ERRO"))))))) -> Curto II | CX38: =IF($CW38="","",VLOOKUP($CW38,'Braços de IP'!$E$9:$I$15,2,0)) | CY38: =IF($CW38="","",VLOOKUP($CW38,'Braços de IP'!$E$9:$I$15,5,0)) | DF38: =CP38 -> 35 | DG38: =M38 -> 100 | DH38: =SUM(DF38:DG38)*CO38 -> 135 | DI38: =1-DF38/DG38 -> 0.65 | DL38: Sim | DO38: =((M38+N38)-CP38)/(M38+N38) -> 0.7008547 | DQ38: V1 | DR38: =COUNTIF(I:I,DQ38)/3 -> 0 | DS38: =DR38/$DR$434 -> #DIV/0!
C39: Carol | D39: 10 | E39: PVP | F39: Rua A-Seis dos Jasmins, 128 | G39: -30.065522 | H39: -50.162438 | I39: C5 | J39: - | K39: P6 | L39: Vapor de sódio | M39: 100 | N39: 17 | O39: 0 | P39: =M39*AG39*2 -> 200 | Q39: 2 | R39: 2.5 | S39: 7 | V39: 0 | W39: 2.5 | X39: 0 | Y39: 0 | Z39: 0 | AA39: 0 | AB39: 0 | AC39: Unilateral | AD39: Braço | AE39: 35.1 | AF39: 7.3 | AG39: 1 | AH39: 0.3 | AI39: 1.3 | AJ39: =AI39-AH39 -> 1 | AK39: - | AL39: - | AM39: Não | AN39: =IF(AC39="Unilateral",2*AG39,IF(AC39="Bilateral Alternada",3*AG39,IF(AC39="Bilateral Frontal",4*AG39,IF(AC39="Canteiro Central",2*AG39,"erro")))) -> 2 | AO39: 0 | AP39: 0 | AQ39: 0 | AR39: 0 | AS39: 0 | AT39: - | AU39: =IF(AO39=0,0,IF(AC39="Unilateral",2*AO39,IF(AC39="Bilateral Alternada",3*AO39,IF(AC39="Bilateral Frontal",4*AO39,IF(AC39="Canteiro Central",2*AO39,"erro"))))) -> 0 | AW39: =VLOOKUP(I39,ABNT5101!$I$3:$J$9,2) -> 7.5 | AX39: =VLOOKUP(I39,ABNT5101!$I$3:$M$9,5) -> 0.18 | AY39: =_xlfn.XLOOKUP(I39,ABNT5101!$I:$I,ABNT5101!$L:$L) -> - | AZ39: =_xlfn.XLOOKUP(I39,ABNT5101!$I:$I,ABNT5101!M:M) -> 0.18 | BA39: =_xlfn.XLOOKUP(I39,ABNT5101!$I:$I,ABNT5101!N:N) -> - | BB39: =_xlfn.XLOOKUP(I39,ABNT5101!$I:$I,ABNT5101!O:O) -> 16 | BC39: =IF(BM39="NÃO ATENDE","NÃO ATENDE",IF(BX39="NÃO ATENDE","NÃO ATENDE",IF(CG39="NÃO ATENDE","NÃO ATENDE","ATENDE"))) -> ATENDE | BD39: =BG39/AW39-1 -> 0.10933333 | BE39: =BH39/AX39-1 -> 1.3333333 | BF39: =IF($I39="M6",BI39/AY39-1,"-") -> - | BG39: 8.32 | BH39: 0.42 | BM39: =IF(OR(BN39="NÃO ATENDE",BO39="NÃO ATENDE",BP39="NÃO ATENDE"),"NÃO ATENDE","ATENDE") -> ATENDE | BN39: =IF(BG39>=AW39,"ATENDE",IF(BG39>=0.99*AW39,"ATENDIMENTO LIMIAR","NÃO ATENDE")) -> ATENDE | BO39: =IF(BH39>=AX39,"ATENDE",IF(BH39>=(AX39-0.02),"ATENDIMENTO LIMIAR","NÃO ATENDE")) -> ATENDE | BP39: =IF(AY39="-","ATENDE",IF(BI39>=AY39,"ATENDE",IF(BI39>=(AY39-0.02),"ATENDIMENTO LIMIAR","NÃO ATENDE"))) -> ATENDE | BQ39: =I39 -> C5 | BR39: =K39 -> P6 | BS39: =IF(BT39="-","-",BT39/BV39-1) -> 1.1266667 | BT39: 6.38 | BU39: 1.68 | BV39: =IF(BR39="-","-",_xlfn.XLOOKUP(BR39,ABNT5101!$B$4:$B$9,ABNT5101!$C$4:$C$9)) -> 3 | BW39: =IF(BR39="-","-",_xlfn.XLOOKUP(BR39,ABNT5101!$B$4:$B$9,ABNT5101!$D$4:$D$9)) -> 0.6 | BX39: =IF(BY39="-","-",IF(BY39="NÃO ATENDE","NÃO ATENDE",IF(BZ39="NÃO ATENDE","NÃO ATENDE","ATENDE"))) -> ATENDE | BY39: =IF(BR39="-","-",IF(BT39>=BV39,"ATENDE",IF(BT39>=(BV39*0.99),"ATENDIMENTO LIMIAR","NÃO ATENDE"))) -> ATENDE | BZ39: =IF(BR39="-","-",IF(BU39>=BW39,"ATENDE","NÃO ATENDE")) -> ATENDE | CA39: =BR39 -> P6 | CB39: =IF(CC39="-","-",CC39/CE39-1) -> 0.49666667 | CC39: 4.49 | CD39: 2.39 | CE39: =IF(CA39="-","-",_xlfn.XLOOKUP(CA39,ABNT5101!$B$4:$B$9,ABNT5101!$C$4:$C$9)) -> 3 | CF39: =IF(CA39="-","-",_xlfn.XLOOKUP(CA39,ABNT5101!$B$4:$B$9,ABNT5101!$D$4:$D$9)) -> 0.6 | CG39: =IF(CH39="-","-",IF(CH39="NÃO ATENDE","NÃO ATENDE",IF(CI39="NÃO ATENDE","NÃO ATENDE","ATENDE"))) -> ATENDE | CH39: =IF(CA39="-","-",IF(CC39>=(CE39),"ATENDE",IF(CC39>=(0.99*CE39),"ATENDIMENTO LIMIAR","NÃO ATENDE"))) -> ATENDE | CI39: =IF(CA39="-","-",IF(CD39>=CF39,"ATENDE","NÃO ATENDE")) -> ATENDE | CJ39: =_xlfn.XLOOKUP(CK39,'Banco de dados'!$B:$B,'Banco de dados'!$D:$D) -> SX LIGHTING | CK39: SX-INEVO030HF | CL39: =_xlfn.XLOOKUP(CK39,'Banco de dados'!$B:$B,'Banco de dados'!$E:$E) -> SXINEVO030K40L12CZF7PHF | CN39: =IF(CM39="-","-",_xlfn.XLOOKUP(CM39,'Banco de dados'!$B:$B,'Banco de dados'!$E:$E)) -> #N/A | CO39: =AG39 -> 1 | CP39: =_xlfn.XLOOKUP(CK39,'Banco de dados'!$B:$B,'Banco de dados'!$H:$H) -> 31 | CQ39: =_xlfn.XLOOKUP(CM39,'Banco de dados'!$B:$B,'Banco de dados'!$H:$H) -> #N/A | CR39: =_xlfn.XLOOKUP(CK39,'Banco de dados'!$B:$B,'Banco de dados'!$F:$F) -> 5270 | CS39: =_xlfn.XLOOKUP(CM39,'Banco de dados'!$B:$B,'Banco de dados'!$F:$F) -> 0 | CT39: 0 | CV39: =IF(AI39<=0.5,"Curto I",IF(AND(AI39>='Braços de IP'!$B$9,AI39<='Braços de IP'!$D$9),'Braços de IP'!$E$9,IF(AND(AI39>='Braços de IP'!$B$10,AI39<='Braços de IP'!$D$10),'Braços de IP'!$E$10,IF(AND(AI39>='Braços de IP'!$B$11,AI39<='Braços de IP'!$D$11),'Braços de IP'!$E$11,IF(AND(AI39>='Braços de IP'!$B$12,AI39<='Braços de IP'!$D$12),'Braços de IP'!$E$12,IF(AND(AI39>='Braços de IP'!$B$13,AI39<='Braços de IP'!$D$13),'Braços de IP'!$E$13,IF(AND(AI39>='Braços de IP'!$B$14,AI39<='Braços de IP'!$D$14),'Braços de IP'!$E$14,"ERRO"))))))) -> Curto II | CX39: =IF($CW39="","",VLOOKUP($CW39,'Braços de IP'!$E$9:$I$15,2,0)) | CY39: =IF($CW39="","",VLOOKUP($CW39,'Braços de IP'!$E$9:$I$15,5,0)) | DF39: =CP39 -> 31 | DG39: =M39 -> 100 | DH39: =SUM(DF39:DG39)*CO39 -> 131 | DI39: =1-DF39/DG39 -> 0.69 | DL39: Sim | DO39: =((M39+N39)-CP39)/(M39+N39) -> 0.73504274 | DQ39: V1 | DR39: =COUNTIF(I:I,DQ39)/3 -> 0 | DS39: =DR39/$DR$434 -> #DIV/0!
C40: Carol | D40: 10 | E40: PVP | F40: Rua A-Seis dos Jasmins, 128 | G40: -30.065522 | H40: -50.162438 | I40: C5 | J40: - | K40: P6 | L40: Vapor de sódio | M40: 100 | N40: 17 | O40: 0 | P40: =M40*AG40*2 -> 200 | Q40: 2 | R40: 2.5 | S40: 7 | V40: 0 | W40: 2.5 | X40: 0 | Y40: 0 | Z40: 0 | AA40: 0 | AB40: 0 | AC40: Unilateral | AD40: Braço | AE40: 35.1 | AF40: 7.3 | AG40: 1 | AH40: 0.3 | AI40: 1.3 | AJ40: =AI40-AH40 -> 1 | AK40: - | AL40: - | AM40: Não | AN40: =IF(AC40="Unilateral",2*AG40,IF(AC40="Bilateral Alternada",3*AG40,IF(AC40="Bilateral Frontal",4*AG40,IF(AC40="Canteiro Central",2*AG40,"erro")))) -> 2 | AO40: 0 | AP40: 0 | AQ40: 0 | AR40: 0 | AS40: 0 | AT40: - | AU40: =IF(AO40=0,0,IF(AC40="Unilateral",2*AO40,IF(AC40="Bilateral Alternada",3*AO40,IF(AC40="Bilateral Frontal",4*AO40,IF(AC40="Canteiro Central",2*AO40,"erro"))))) -> 0 | AW40: =VLOOKUP(I40,ABNT5101!$I$3:$J$9,2) -> 7.5 | AX40: =VLOOKUP(I40,ABNT5101!$I$3:$M$9,5) -> 0.18 | AY40: =_xlfn.XLOOKUP(I40,ABNT5101!$I:$I,ABNT5101!$L:$L) -> - | AZ40: =_xlfn.XLOOKUP(I40,ABNT5101!$I:$I,ABNT5101!M:M) -> 0.18 | BA40: =_xlfn.XLOOKUP(I40,ABNT5101!$I:$I,ABNT5101!N:N) -> - | BB40: =_xlfn.XLOOKUP(I40,ABNT5101!$I:$I,ABNT5101!O:O) -> 16 | BC40: =IF(BM40="NÃO ATENDE","NÃO ATENDE",IF(BX40="NÃO ATENDE","NÃO ATENDE",IF(CG40="NÃO ATENDE","NÃO ATENDE","ATENDE"))) -> ATENDE | BD40: =BG40/AW40-1 -> 0.097333333 | BE40: =BH40/AX40-1 -> 1.7777778 | BF40: =IF($I40="M6",BI40/AY40-1,"-") -> - | BG40: 8.23 | BH40: 0.5 | BM40: =IF(OR(BN40="NÃO ATENDE",BO40="NÃO ATENDE",BP40="NÃO ATENDE"),"NÃO ATENDE","ATENDE") -> ATENDE | BN40: =IF(BG40>=AW40,"ATENDE",IF(BG40>=0.99*AW40,"ATENDIMENTO LIMIAR","NÃO ATENDE")) -> ATENDE | BO40: =IF(BH40>=AX40,"ATENDE",IF(BH40>=(AX40-0.02),"ATENDIMENTO LIMIAR","NÃO ATENDE")) -> ATENDE | BP40: =IF(AY40="-","ATENDE",IF(BI40>=AY40,"ATENDE",IF(BI40>=(AY40-0.02),"ATENDIMENTO LIMIAR","NÃO ATENDE"))) -> ATENDE | BQ40: =I40 -> C5 | BR40: =K40 -> P6 | BS40: =IF(BT40="-","-",BT40/BV40-1) -> 1.1333333 | BT40: 6.4 | BU40: 2.85 | BV40: =IF(BR40="-","-",_xlfn.XLOOKUP(BR40,ABNT5101!$B$4:$B$9,ABNT5101!$C$4:$C$9)) -> 3 | BW40: =IF(BR40="-","-",_xlfn.XLOOKUP(BR40,ABNT5101!$B$4:$B$9,ABNT5101!$D$4:$D$9)) -> 0.6 | BX40: =IF(BY40="-","-",IF(BY40="NÃO ATENDE","NÃO ATENDE",IF(BZ40="NÃO ATENDE","NÃO ATENDE","ATENDE"))) -> ATENDE | BY40: =IF(BR40="-","-",IF(BT40>=BV40,"ATENDE",IF(BT40>=(BV40*0.99),"ATENDIMENTO LIMIAR","NÃO ATENDE"))) -> ATENDE | BZ40: =IF(BR40="-","-",IF(BU40>=BW40,"ATENDE","NÃO ATENDE")) -> ATENDE | CA40: =BR40 -> P6 | CB40: =IF(CC40="-","-",CC40/CE40-1) -> 0.37333333 | CC40: 4.12 | CD40: 2.81 | CE40: =IF(CA40="-","-",_xlfn.XLOOKUP(CA40,ABNT5101!$B$4:$B$9,ABNT5101!$C$4:$C$9)) -> 3 | CF40: =IF(CA40="-","-",_xlfn.XLOOKUP(CA40,ABNT5101!$B$4:$B$9,ABNT5101!$D$4:$D$9)) -> 0.6 | CG40: =IF(CH40="-","-",IF(CH40="NÃO ATENDE","NÃO ATENDE",IF(CI40="NÃO ATENDE","NÃO ATENDE","ATENDE"))) -> ATENDE | CH40: =IF(CA40="-","-",IF(CC40>=(CE40),"ATENDE",IF(CC40>=(0.99*CE40),"ATENDIMENTO LIMIAR","NÃO ATENDE"))) -> ATENDE | CI40: =IF(CA40="-","-",IF(CD40>=CF40,"ATENDE","NÃO ATENDE")) -> ATENDE | CJ40: =_xlfn.XLOOKUP(CK40,'Banco de dados'!$B:$B,'Banco de dados'!$D:$D) -> TECNOWATT | CK40: SIGSAGPTLRRSSNDL_30W_38IBBRS | CL40: =_xlfn.XLOOKUP(CK40,'Banco de dados'!$B:$B,'Banco de dados'!$E:$E) -> SIGSAGPTLRRSSNDL_30W_38IBBRS 1-10C1MUN6.5 | CN40: =IF(CM40="-","-",_xlfn.XLOOKUP(CM40,'Banco de dados'!$B:$B,'Banco de dados'!$E:$E)) -> #N/A | CO40: =AG40 -> 1 | CP40: =_xlfn.XLOOKUP(CK40,'Banco de dados'!$B:$B,'Banco de dados'!$H:$H) -> 30 | CQ40: =_xlfn.XLOOKUP(CM40,'Banco de dados'!$B:$B,'Banco de dados'!$H:$H) -> #N/A | CR40: =_xlfn.XLOOKUP(CK40,'Banco de dados'!$B:$B,'Banco de dados'!$F:$F) -> 5266 | CS40: =_xlfn.XLOOKUP(CM40,'Banco de dados'!$B:$B,'Banco de dados'!$F:$F) -> 0 | CT40: 0 | CV40: =IF(AI40<=0.5,"Curto I",IF(AND(AI40>='Braços de IP'!$B$9,AI40<='Braços de IP'!$D$9),'Braços de IP'!$E$9,IF(AND(AI40>='Braços de IP'!$B$10,AI40<='Braços de IP'!$D$10),'Braços de IP'!$E$10,IF(AND(AI40>='Braços de IP'!$B$11,AI40<='Braços de IP'!$D$11),'Braços de IP'!$E$11,IF(AND(AI40>='Braços de IP'!$B$12,AI40<='Braços de IP'!$D$12),'Braços de IP'!$E$12,IF(AND(AI40>='Braços de IP'!$B$13,AI40<='Braços de IP'!$D$13),'Braços de IP'!$E$13,IF(AND(AI40>='Braços de IP'!$B$14,AI40<='Braços de IP'!$D$14),'Braços de IP'!$E$14,"ERRO"))))))) -> Curto II | CX40: =IF($CW40="","",VLOOKUP($CW40,'Braços de IP'!$E$9:$I$15,2,0)) | CY40: =IF($CW40="","",VLOOKUP($CW40,'Braços de IP'!$E$9:$I$15,5,0)) | DF40: =CP40 -> 30 | DG40: =M40 -> 100 | DH40: =SUM(DF40:DG40)*CO40 -> 130 | DI40: =1-DF40/DG40 -> 0.7 | DL40: Sim | DO40: =((M40+N40)-CP40)/(M40+N40) -> 0.74358974 | DQ40: V1 | DR40: =COUNTIF(I:I,DQ40)/3 -> 0 | DS40: =DR40/$DR$434 -> #DIV/0!
C41: Carol | D41: 11 | E41: PVP | F41: Rua Hildebrando Pinheiro Veloso, 1170 | G41: -30.013687 | H41: -50.173387 | I41: C5 | J41: - | K41: P6 | L41: LED | M41: 50 | N41: 0 | O41: 0 | P41: =M41*AG41*2 -> 100 | Q41: 2 | R41: 3.5 | S41: 7.5 | V41: 0 | W41: 3.5 | X41: 0 | Y41: 0 | Z41: 0 | AA41: 0 | AB41: 0 | AC41: Unilateral | AD41: Braço | AE41: 40.4 | AF41: 7 | AG41: 1 | AH41: 0.4 | AI41: 1.3 | AJ41: =AI41-AH41 -> 0.9 | AK41: - | AL41: - | AM41: Não | AN41: =IF(AC41="Unilateral",2*AG41,IF(AC41="Bilateral Alternada",3*AG41,IF(AC41="Bilateral Frontal",4*AG41,IF(AC41="Canteiro Central",2*AG41,"erro")))) -> 2 | AO41: 0 | AP41: 0 | AQ41: 0 | AR41: 0 | AS41: 0 | AT41: - | AU41: =IF(AO41=0,0,IF(AC41="Unilateral",2*AO41,IF(AC41="Bilateral Alternada",3*AO41,IF(AC41="Bilateral Frontal",4*AO41,IF(AC41="Canteiro Central",2*AO41,"erro"))))) -> 0 | AW41: =VLOOKUP(I41,ABNT5101!$I$3:$J$9,2) -> 7.5 | AX41: =VLOOKUP(I41,ABNT5101!$I$3:$M$9,5) -> 0.18 | AY41: =_xlfn.XLOOKUP(I41,ABNT5101!$I:$I,ABNT5101!$L:$L) -> - | AZ41: =_xlfn.XLOOKUP(I41,ABNT5101!$I:$I,ABNT5101!M:M) -> 0.18 | BA41: =_xlfn.XLOOKUP(I41,ABNT5101!$I:$I,ABNT5101!N:N) -> - | BB41: =_xlfn.XLOOKUP(I41,ABNT5101!$I:$I,ABNT5101!O:O) -> 16 | BC41: =IF(BM41="NÃO ATENDE","NÃO ATENDE",IF(BX41="NÃO ATENDE","NÃO ATENDE",IF(CG41="NÃO ATENDE","NÃO ATENDE","ATENDE"))) -> ATENDE | BD41: =BG41/AW41-1 -> 0.0093333333 | BE41: =BH41/AX41-1 -> 0.44444444 | BF41: =IF($I41="M6",BI41/AY41-1,"-") -> - | BG41: 7.57 | BH41: 0.26 | BM41: =IF(OR(BN41="NÃO ATENDE",BO41="NÃO ATENDE",BP41="NÃO ATENDE"),"NÃO ATENDE","ATENDE") -> ATENDE | BN41: =IF(BG41>=AW41,"ATENDE",IF(BG41>=0.99*AW41,"ATENDIMENTO LIMIAR","NÃO ATENDE")) -> ATENDE | BO41: =IF(BH41>=AX41,"ATENDE",IF(BH41>=(AX41-0.02),"ATENDIMENTO LIMIAR","NÃO ATENDE")) -> ATENDE | BP41: =IF(AY41="-","ATENDE",IF(BI41>=AY41,"ATENDE",IF(BI41>=(AY41-0.02),"ATENDIMENTO LIMIAR","NÃO ATENDE"))) -> ATENDE | BQ41: =I41 -> C5 | BR41: =K41 -> P6 | BS41: =IF(BT41="-","-",BT41/BV41-1) -> 0.88666667 | BT41: 5.66 | BU41: 1.03 | BV41: =IF(BR41="-","-",_xlfn.XLOOKUP(BR41,ABNT5101!$B$4:$B$9,ABNT5101!$C$4:$C$9)) -> 3 | BW41: =IF(BR41="-","-",_xlfn.XLOOKUP(BR41,ABNT5101!$B$4:$B$9,ABNT5101!$D$4:$D$9)) -> 0.6 | BX41: =IF(BY41="-","-",IF(BY41="NÃO ATENDE","NÃO ATENDE",IF(BZ41="NÃO ATENDE","NÃO ATENDE","ATENDE"))) -> ATENDE | BY41: =IF(BR41="-","-",IF(BT41>=BV41,"ATENDE",IF(BT41>=(BV41*0.99),"ATENDIMENTO LIMIAR","NÃO ATENDE"))) -> ATENDE | BZ41: =IF(BR41="-","-",IF(BU41>=BW41,"ATENDE","NÃO ATENDE")) -> ATENDE | CA41: =BR41 -> P6 | CB41: =IF(CC41="-","-",CC41/CE41-1) -> 0.18333333 | CC41: 3.55 | CD41: 0.96 | CE41: =IF(CA41="-","-",_xlfn.XLOOKUP(CA41,ABNT5101!$B$4:$B$9,ABNT5101!$C$4:$C$9)) -> 3 | CF41: =IF(CA41="-","-",_xlfn.XLOOKUP(CA41,ABNT5101!$B$4:$B$9,ABNT5101!$D$4:$D$9)) -> 0.6 | CG41: =IF(CH41="-","-",IF(CH41="NÃO ATENDE","NÃO ATENDE",IF(CI41="NÃO ATENDE","NÃO ATENDE","ATENDE"))) -> ATENDE | CH41: =IF(CA41="-","-",IF(CC41>=(CE41),"ATENDE",IF(CC41>=(0.99*CE41),"ATENDIMENTO LIMIAR","NÃO ATENDE"))) -> ATENDE | CI41: =IF(CA41="-","-",IF(CD41>=CF41,"ATENDE","NÃO ATENDE")) -> ATENDE | CJ41: =_xlfn.XLOOKUP(CK41,'Banco de dados'!$B:$B,'Banco de dados'!$D:$D) -> LEDSTAR | CK41: SL VT 9.1 35W | CL41: =_xlfn.XLOOKUP(CK41,'Banco de dados'!$B:$B,'Banco de dados'!$E:$E) -> LUM LED SL VT 9.1 35W | CN41: =IF(CM41="-","-",_xlfn.XLOOKUP(CM41,'Banco de dados'!$B:$B,'Banco de dados'!$E:$E)) -> 0 | CO41: =AG41 -> 1 | CP41: =_xlfn.XLOOKUP(CK41,'Banco de dados'!$B:$B,'Banco de dados'!$H:$H) -> 35 | CQ41: =_xlfn.XLOOKUP(CM41,'Banco de dados'!$B:$B,'Banco de dados'!$H:$H) -> 0 | CR41: =_xlfn.XLOOKUP(CK41,'Banco de dados'!$B:$B,'Banco de dados'!$F:$F) -> 5955.62 | CS41: =_xlfn.XLOOKUP(CM41,'Banco de dados'!$B:$B,'Banco de dados'!$F:$F) -> 0 | CT41: 0 | CV41: =IF(AI41<=0.5,"Curto I",IF(AND(AI41>='Braços de IP'!$B$9,AI41<='Braços de IP'!$D$9),'Braços de IP'!$E$9,IF(AND(AI41>='Braços de IP'!$B$10,AI41<='Braços de IP'!$D$10),'Braços de IP'!$E$10,IF(AND(AI41>='Braços de IP'!$B$11,AI41<='Braços de IP'!$D$11),'Braços de IP'!$E$11,IF(AND(AI41>='Braços de IP'!$B$12,AI41<='Braços de IP'!$D$12),'Braços de IP'!$E$12,IF(AND(AI41>='Braços de IP'!$B$13,AI41<='Braços de IP'!$D$13),'Braços de IP'!$E$13,IF(AND(AI41>='Braços de IP'!$B$14,AI41<='Braços de IP'!$D$14),'Braços de IP'!$E$14,"ERRO"))))))) -> Curto II | CX41: =IF($CW41="","",VLOOKUP($CW41,'Braços de IP'!$E$9:$I$15,2,0)) | CY41: =IF($CW41="","",VLOOKUP($CW41,'Braços de IP'!$E$9:$I$15,5,0)) | DF41: =CP41 -> 35 | DG41: =M41 -> 50 | DH41: =SUM(DF41:DG41)*CO41 -> 85 | DI41: =1-DF41/DG41 -> 0.3 | DL41: Sim | DO41: =((M41+N41)-CP41)/(M41+N41) -> 0.3 | DQ41: V1 | DR41: =COUNTIF(I:I,DQ41)/3 -> 0 | DS41: =DR41/$DR$434 -> #DIV/0!
C42: Carol | D42: 11 | E42: PVP | F42: Rua Hildebrando Pinheiro Veloso, 1170 | G42: -30.013687 | H42: -50.173387 | I42: C5 | J42: - | K42: P6 | L42: LED | M42: 50 | N42: 0 | O42: 0 | P42: =M42*AG42*2 -> 100 | Q42: 2 | R42: 3.5 | S42: 7.5 | V42: 0 | W42: 3.5 | X42: 0 | Y42: 0 | Z42: 0 | AA42: 0 | AB42: 0 | AC42: Unilateral | AD42: Braço | AE42: 40.4 | AF42: 7 | AG42: 1 | AH42: 0.4 | AI42: 1.3 | AJ42: =AI42-AH42 -> 0.9 | AK42: - | AL42: - | AM42: Não | AN42: =IF(AC42="Unilateral",2*AG42,IF(AC42="Bilateral Alternada",3*AG42,IF(AC42="Bilateral Frontal",4*AG42,IF(AC42="Canteiro Central",2*AG42,"erro")))) -> 2 | AO42: 0 | AP42: 0 | AQ42: 0 | AR42: 0 | AS42: 0 | AT42: - | AU42: =IF(AO42=0,0,IF(AC42="Unilateral",2*AO42,IF(AC42="Bilateral Alternada",3*AO42,IF(AC42="Bilateral Frontal",4*AO42,IF(AC42="Canteiro Central",2*AO42,"erro"))))) -> 0 | AW42: =VLOOKUP(I42,ABNT5101!$I$3:$J$9,2) -> 7.5 | AX42: =VLOOKUP(I42,ABNT5101!$I$3:$M$9,5) -> 0.18 | AY42: =_xlfn.XLOOKUP(I42,ABNT5101!$I:$I,ABNT5101!$L:$L) -> - | AZ42: =_xlfn.XLOOKUP(I42,ABNT5101!$I:$I,ABNT5101!M:M) -> 0.18 | BA42: =_xlfn.XLOOKUP(I42,ABNT5101!$I:$I,ABNT5101!N:N) -> - | BB42: =_xlfn.XLOOKUP(I42,ABNT5101!$I:$I,ABNT5101!O:O) -> 16 | BC42: =IF(BM42="NÃO ATENDE","NÃO ATENDE",IF(BX42="NÃO ATENDE","NÃO ATENDE",IF(CG42="NÃO ATENDE","NÃO ATENDE","ATENDE"))) -> ATENDE | BD42: =BG42/AW42-1 -> 0.14 | BE42: =BH42/AX42-1 -> 0.66666667 | BF42: =IF($I42="M6",BI42/AY42-1,"-") -> - | BG42: 8.55 | BH42: 0.3 | BM42: =IF(OR(BN42="NÃO ATENDE",BO42="NÃO ATENDE",BP42="NÃO ATENDE"),"NÃO ATENDE","ATENDE") -> ATENDE | BN42: =IF(BG42>=AW42,"ATENDE",IF(BG42>=0.99*AW42,"ATENDIMENTO LIMIAR","NÃO ATENDE")) -> ATENDE | BO42: =IF(BH42>=AX42,"ATENDE",IF(BH42>=(AX42-0.02),"ATENDIMENTO LIMIAR","NÃO ATENDE")) -> ATENDE | BP42: =IF(AY42="-","ATENDE",IF(BI42>=AY42,"ATENDE",IF(BI42>=(AY42-0.02),"ATENDIMENTO LIMIAR","NÃO ATENDE"))) -> ATENDE | BQ42: =I42 -> C5 | BR42: =K42 -> P6 | BS42: =IF(BT42="-","-",BT42/BV42-1) -> 1.1666667 | BT42: 6.5 | BU42: 1.03 | BV42: =IF(BR42="-","-",_xlfn.XLOOKUP(BR42,ABNT5101!$B$4:$B$9,ABNT5101!$C$4:$C$9)) -> 3 | BW42: =IF(BR42="-","-",_xlfn.XLOOKUP(BR42,ABNT5101!$B$4:$B$9,ABNT5101!$D$4:$D$9)) -> 0.6 | BX42: =IF(BY42="-","-",IF(BY42="NÃO ATENDE","NÃO ATENDE",IF(BZ42="NÃO ATENDE","NÃO ATENDE","ATENDE"))) -> ATENDE | BY42: =IF(BR42="-","-",IF(BT42>=BV42,"ATENDE",IF(BT42>=(BV42*0.99),"ATENDIMENTO LIMIAR","NÃO ATENDE"))) -> ATENDE | BZ42: =IF(BR42="-","-",IF(BU42>=BW42,"ATENDE","NÃO ATENDE")) -> ATENDE | CA42: =BR42 -> P6 | CB42: =IF(CC42="-","-",CC42/CE42-1) -> 0.08 | CC42: 3.24 | CD42: 1.14 | CE42: =IF(CA42="-","-",_xlfn.XLOOKUP(CA42,ABNT5101!$B$4:$B$9,ABNT5101!$C$4:$C$9)) -> 3 | CF42: =IF(CA42="-","-",_xlfn.XLOOKUP(CA42,ABNT5101!$B$4:$B$9,ABNT5101!$D$4:$D$9)) -> 0.6 | CG42: =IF(CH42="-","-",IF(CH42="NÃO ATENDE","NÃO ATENDE",IF(CI42="NÃO ATENDE","NÃO ATENDE","ATENDE"))) -> ATENDE | CH42: =IF(CA42="-","-",IF(CC42>=(CE42),"ATENDE",IF(CC42>=(0.99*CE42),"ATENDIMENTO LIMIAR","NÃO ATENDE"))) -> ATENDE | CI42: =IF(CA42="-","-",IF(CD42>=CF42,"ATENDE","NÃO ATENDE")) -> ATENDE | CJ42: =_xlfn.XLOOKUP(CK42,'Banco de dados'!$B:$B,'Banco de dados'!$D:$D) -> SX LIGHTING | CK42: SX-INEVO040HF | CL42: =_xlfn.XLOOKUP(CK42,'Banco de dados'!$B:$B,'Banco de dados'!$E:$E) -> SXINEVO040K40L12CZF7PHF | CN42: =IF(CM42="-","-",_xlfn.XLOOKUP(CM42,'Banco de dados'!$B:$B,'Banco de dados'!$E:$E)) -> 0 | CO42: =AG42 -> 1 | CP42: =_xlfn.XLOOKUP(CK42,'Banco de dados'!$B:$B,'Banco de dados'!$H:$H) -> 39 | CQ42: =_xlfn.XLOOKUP(CM42,'Banco de dados'!$B:$B,'Banco de dados'!$H:$H) -> 0 | CR42: =_xlfn.XLOOKUP(CK42,'Banco de dados'!$B:$B,'Banco de dados'!$F:$F) -> 6552 | CS42: =_xlfn.XLOOKUP(CM42,'Banco de dados'!$B:$B,'Banco de dados'!$F:$F) -> 0 | CT42: 0 | CV42: =IF(AI42<=0.5,"Curto I",IF(AND(AI42>='Braços de IP'!$B$9,AI42<='Braços de IP'!$D$9),'Braços de IP'!$E$9,IF(AND(AI42>='Braços de IP'!$B$10,AI42<='Braços de IP'!$D$10),'Braços de IP'!$E$10,IF(AND(AI42>='Braços de IP'!$B$11,AI42<='Braços de IP'!$D$11),'Braços de IP'!$E$11,IF(AND(AI42>='Braços de IP'!$B$12,AI42<='Braços de IP'!$D$12),'Braços de IP'!$E$12,IF(AND(AI42>='Braços de IP'!$B$13,AI42<='Braços de IP'!$D$13),'Braços de IP'!$E$13,IF(AND(AI42>='Braços de IP'!$B$14,AI42<='Braços de IP'!$D$14),'Braços de IP'!$E$14,"ERRO"))))))) -> Curto II | CX42: =IF($CW42="","",VLOOKUP($CW42,'Braços de IP'!$E$9:$I$15,2,0)) | CY42: =IF($CW42="","",VLOOKUP($CW42,'Braços de IP'!$E$9:$I$15,5,0)) | DF42: =CP42 -> 39 | DG42: =M42 -> 50 | DH42: =SUM(DF42:DG42)*CO42 -> 89 | DI42: =1-DF42/DG42 -> 0.22 | DL42: Sim | DO42: =((M42+N42)-CP42)/(M42+N42) -> 0.22 | DQ42: V1 | DR42: =COUNTIF(I:I,DQ42)/3 -> 0 | DS42: =DR42/$DR$434 -> #DIV/0!
C43: Carol | D43: 11 | E43: PVP | F43: Rua Hildebrando Pinheiro Veloso, 1170 | G43: -30.013687 | H43: -50.173387 | I43: C5 | J43: - | K43: P6 | L43: LED | M43: 50 | N43: 0 | O43: 0 | P43: =M43*AG43*2 -> 100 | Q43: 2 | R43: 3.5 | S43: 7.5 | V43: 0 | W43: 3.5 | X43: 0 | Y43: 0 | Z43: 0 | AA43: 0 | AB43: 0 | AC43: Unilateral | AD43: Braço | AE43: 40.4 | AF43: 7 | AG43: 1 | AH43: 0.4 | AI43: 1.3 | AJ43: =AI43-AH43 -> 0.9 | AK43: - | AL43: - | AM43: Não | AN43: =IF(AC43="Unilateral",2*AG43,IF(AC43="Bilateral Alternada",3*AG43,IF(AC43="Bilateral Frontal",4*AG43,IF(AC43="Canteiro Central",2*AG43,"erro")))) -> 2 | AO43: 0 | AP43: 0 | AQ43: 0 | AR43: 0 | AS43: 0 | AT43: - | AU43: =IF(AO43=0,0,IF(AC43="Unilateral",2*AO43,IF(AC43="Bilateral Alternada",3*AO43,IF(AC43="Bilateral Frontal",4*AO43,IF(AC43="Canteiro Central",2*AO43,"erro"))))) -> 0 | AW43: =VLOOKUP(I43,ABNT5101!$I$3:$J$9,2) -> 7.5 | AX43: =VLOOKUP(I43,ABNT5101!$I$3:$M$9,5) -> 0.18 | AY43: =_xlfn.XLOOKUP(I43,ABNT5101!$I:$I,ABNT5101!$L:$L) -> - | AZ43: =_xlfn.XLOOKUP(I43,ABNT5101!$I:$I,ABNT5101!M:M) -> 0.18 | BA43: =_xlfn.XLOOKUP(I43,ABNT5101!$I:$I,ABNT5101!N:N) -> - | BB43: =_xlfn.XLOOKUP(I43,ABNT5101!$I:$I,ABNT5101!O:O) -> 16 | BC43: =IF(BM43="NÃO ATENDE","NÃO ATENDE",IF(BX43="NÃO ATENDE","NÃO ATENDE",IF(CG43="NÃO ATENDE","NÃO ATENDE","ATENDE"))) -> ATENDE | BD43: =BG43/AW43-1 -> 0.264 | BE43: =BH43/AX43-1 -> -0.055555556 | BF43: =IF($I43="M6",BI43/AY43-1,"-") -> - | BG43: 9.48 | BH43: 0.17 | BM43: =IF(OR(BN43="NÃO ATENDE",BO43="NÃO ATENDE",BP43="NÃO ATENDE"),"NÃO ATENDE","ATENDE") -> ATENDE | BN43: =IF(BG43>=AW43,"ATENDE",IF(BG43>=0.99*AW43,"ATENDIMENTO LIMIAR","NÃO ATENDE")) -> ATENDE | BO43: =IF(BH43>=AX43,"ATENDE",IF(BH43>=(AX43-0.02),"ATENDIMENTO LIMIAR","NÃO ATENDE")) -> ATENDIMENTO LIMIAR | BP43: =IF(AY43="-","ATENDE",IF(BI43>=AY43,"ATENDE",IF(BI43>=(AY43-0.02),"ATENDIMENTO LIMIAR","NÃO ATENDE"))) -> ATENDE | BQ43: =I43 -> C5 | BR43: =K43 -> P6 | BS43: =IF(BT43="-","-",BT43/BV43-1) -> 1.05 | BT43: 6.15 | BU43: 0.7 | BV43: =IF(BR43="-","-",_xlfn.XLOOKUP(BR43,ABNT5101!$B$4:$B$9,ABNT5101!$C$4:$C$9)) -> 3 | BW43: =IF(BR43="-","-",_xlfn.XLOOKUP(BR43,ABNT5101!$B$4:$B$9,ABNT5101!$D$4:$D$9)) -> 0.6 | BX43: =IF(BY43="-","-",IF(BY43="NÃO ATENDE","NÃO ATENDE",IF(BZ43="NÃO ATENDE","NÃO ATENDE","ATENDE"))) -> ATENDE | BY43: =IF(BR43="-","-",IF(BT43>=BV43,"ATENDE",IF(BT43>=(BV43*0.99),"ATENDIMENTO LIMIAR","NÃO ATENDE"))) -> ATENDE | BZ43: =IF(BR43="-","-",IF(BU43>=BW43,"ATENDE","NÃO ATENDE")) -> ATENDE | CA43: =BR43 -> P6 | CB43: =IF(CC43="-","-",CC43/CE43-1) -> 0.19333333 | CC43: 3.58 | CD43: 1.32 | CE43: =IF(CA43="-","-",_xlfn.XLOOKUP(CA43,ABNT5101!$B$4:$B$9,ABNT5101!$C$4:$C$9)) -> 3 | CF43: =IF(CA43="-","-",_xlfn.XLOOKUP(CA43,ABNT5101!$B$4:$B$9,ABNT5101!$D$4:$D$9)) -> 0.6 | CG43: =IF(CH43="-","-",IF(CH43="NÃO ATENDE","NÃO ATENDE",IF(CI43="NÃO ATENDE","NÃO ATENDE","ATENDE"))) -> ATENDE | CH43: =IF(CA43="-","-",IF(CC43>=(CE43),"ATENDE",IF(CC43>=(0.99*CE43),"ATENDIMENTO LIMIAR","NÃO ATENDE"))) -> ATENDE | CI43: =IF(CA43="-","-",IF(CD43>=CF43,"ATENDE","NÃO ATENDE")) -> ATENDE | CJ43: =_xlfn.XLOOKUP(CK43,'Banco de dados'!$B:$B,'Banco de dados'!$D:$D) -> TECNOWATT | CK43: SIGSAGPTLRRSSNDL_40W_50IBBRS | CL43: =_xlfn.XLOOKUP(CK43,'Banco de dados'!$B:$B,'Banco de dados'!$E:$E) -> SIGSAGPTLRRSSNDL_40W_50IBBRS 1-10C1MUN6.5 | CN43: =IF(CM43="-","-",_xlfn.XLOOKUP(CM43,'Banco de dados'!$B:$B,'Banco de dados'!$E:$E)) -> 0 | CO43: =AG43 -> 1 | CP43: =_xlfn.XLOOKUP(CK43,'Banco de dados'!$B:$B,'Banco de dados'!$H:$H) -> 40 | CQ43: =_xlfn.XLOOKUP(CM43,'Banco de dados'!$B:$B,'Banco de dados'!$H:$H) -> 0 | CR43: =_xlfn.XLOOKUP(CK43,'Banco de dados'!$B:$B,'Banco de dados'!$F:$F) -> 6641 | CS43: =_xlfn.XLOOKUP(CM43,'Banco de dados'!$B:$B,'Banco de dados'!$F:$F) -> 0 | CT43: 0 | CU43: 5 | CV43: =IF(AI43<=0.5,"Curto I",IF(AND(AI43>='Braços de IP'!$B$9,AI43<='Braços de IP'!$D$9),'Braços de IP'!$E$9,IF(AND(AI43>='Braços de IP'!$B$10,AI43<='Braços de IP'!$D$10),'Braços de IP'!$E$10,IF(AND(AI43>='Braços de IP'!$B$11,AI43<='Braços de IP'!$D$11),'Braços de IP'!$E$11,IF(AND(AI43>='Braços de IP'!$B$12,AI43<='Braços de IP'!$D$12),'Braços de IP'!$E$12,IF(AND(AI43>='Braços de IP'!$B$13,AI43<='Braços de IP'!$D$13),'Braços de IP'!$E$13,IF(AND(AI43>='Braços de IP'!$B$14,AI43<='Braços de IP'!$D$14),'Braços de IP'!$E$14,"ERRO"))))))) -> Curto II | CX43: =IF($CW43="","",VLOOKUP($CW43,'Braços de IP'!$E$9:$I$15,2,0)) | CY43: =IF($CW43="","",VLOOKUP($CW43,'Braços de IP'!$E$9:$I$15,5,0)) | DF43: =CP43 -> 40 | DG43: =M43 -> 50 | DH43: =SUM(DF43:DG43)*CO43 -> 90 | DI43: =1-DF43/DG43 -> 0.2 | DL43: Sim | DO43: =((M43+N43)-CP43)/(M43+N43) -> 0.2 | DQ43: V1 | DR43: =COUNTIF(I:I,DQ43)/3 -> 0 | DS43: =DR43/$DR$434 -> #DIV/0!
