Workbook
Name Banco_Tipologias: Banco_Tipologias!$C$4:$N$17
Name colunaclasses: Simulações!$BR$2:$BR$1237
Name ilumatic: 'Banco de dados'!#REF!
Name philips: 'Banco de dados'!#REF!
Name red_global: 'Banco de dados'!#REF!
Name red_juganu: 'Banco de dados'!#REF!
Name red_philips: 'Banco de dados'!#REF!
Name red_repume: 'Banco de dados'!#REF!
Name red_tecno: 'Banco de dados'!#REF!
Name redglobal: 'Banco de dados'!#REF!
Name tecnowat: 'Banco de dados'!#REF!

Sheet DefiniçãoFornecedores
D2: Estruturas
B3: Definição | D3: V1 | E3: V2 | F3: V3 | G3: V4 | H3: V5 | I3: Observação
B4: Fornecedor L1 | C4: Conexled | D4: 0 | E4: 0 | F4: 0 | G4: 0 | H4: 0 | I4: Não possui orçamento
B5: Fornecedor L2 | C5: Ilumatic | D5: 0 | E5: 0 | F5: 0 | G5: 0 | H5: 0 | I5: Não possui orçamento
B6: Fornecedor L3 | C6: Juganu | D6: 0 | E6: 0 | F6: 0 | G6: 0 | H6: 0 | I6: Possui orçamento, definir qual classe melhor atende
B7: Fornecedor L4 | C7: Philips | D7: 1 | E7: 1 | F7: 1 | G7: 1 | H7: 1 | I7: Não possui orçamento
B8: Fornecedor L5 | C8: Repume | D8: 0 | E8: 0 | F8: 0 | G8: 0 | H8: 0 | I8: Não possui orçamento
B9: Fornecedor L6 | C9: Tecnowatt | D9: 1 | E9: 1 | F9: 1 | G9: 1 | H9: 1 | I9: Possui orçamento, definir qual classe melhor atende
B10: Fornecedor L7 | C10: Unicoba | D10: 1 | E10: 1 | F10: 1 | G10: 1 | H10: 1 | I10: Possui orçamento, definir qual classe melhor atende
B11: Fornecedor L8 | C11: SX Lighting | D11: 0 | E11: 0 | F11: 0 | G11: 0 | H11: 0 | I11: Não possui orçamento

Sheet Simulações
B1: Id cadastro | C1: Simular | D1: Automatizada | E1: Etiqueta | F1: Padrão | G1: Logradouro | H1: latitude | I1: longitude | J1: Classificação viária | K1: Classificação ciclovia | L1: Classificação pedonal | M1: Tipo de lâmpada | N1: Potencia da lâmpada | O1: Reator | P1: Potencia 2o nivel | Q1: POT TOTAL MALHA | R1: Faixas de Rodagem | S1: Largura Passeio 1 | T1: Largura Via 1 | U1: largura Passeio Central 1 | V1: largura Passeio Central 2 | W1: Largura Via 2 | X1: largura Passeio 2 | Y1: largura Canteiro Central | Z1: largura Ciclovia 1 | AA1: largura Ciclovia 2 | AB1: estacionamento 1 | AC1: estacionamento 2 | AD1: posteacao | AE1: Tipo de estrutura | AF1: distancia entre postes | AG1: altura da luminaria | AH1: qtd de Lampadas IP Princ | AI1: distancia Poste a via | AJ1: projecao do braço | AK1: Pendor | AL1: Altura de Instalação | AM1: Projeção Vertical | AN1: Exclusivo | AO1: Quantidade de pontos inspecionados IP Veic | AP1: qtd de Lampadas IP 2o nivel | AQ1: Tipo de posteação 2o nivel | AR1: Distanciamento 2o nivel | AS1: Altura da luminaria 2o nivel | AT1: Projecao 2o nivel | AU1: Distancia poste-via 2o nivel | AV1: Quantidade de pontos inspecionados IP Sec | AW1: informacoes Adicionais | AX1: Emed - Norma | AY1: U - Norma | AZ1: Luminância Média Exigida | BA1: Uo Uniformidade Global Exigida | BB1: Uniformidade Longitudinal Exigida | BC1: Incremento Linear Exigido | BD1: Atendimento pleno à norma | BE1: Excesso de iluminância média IV | BF1: Excesso de Uniformidade IV | BG1: Excesso de luminância média IV | BH1: Iluminância Média | BI1: Uniformidade Global Mínima | BJ1: Luminância Média | BK1: Uniformidade Longitudinal | BL1: Incremento Linear (TI) | BM1: EIR | BN1: ATENDE TUDO - RUA SIMU | BO1: Atende à Iluminância Média | BP1: Atende à Uniformidade Global Miníma | BQ1: Atende à Luminância Média | BR1: Classe IV | BS1: Classe IP | BT1: Excesso de iluminância média P1 | BU1: Iluminância Média | BV1: Iluminância mínima horizontal E (lux) | BW1: Iluminância Média (Exigida) | BX1: Iluminância mínima horizontal E (lux) | BY1: Atende à NBR 5101 - TUDO SIMU | BZ1: Atende à Iluminância Média | CA1: Atende à Iluminância mínima horizontal | CB1: Classe IP | CC1: Excesso de iluminância média P2 | CD1: Iluminância Média | CE1: Iluminância mínima horizontal E (lux) | CF1: Iluminância Média (Exigida) | CG1: Iluminância mínima horizontal E (lux) exigida | CH1: Atende à NBR 5101 - TUDO SIMU P2 | CI1: Atende à Iluminância Média | CJ1: Atende à Iluminância mínima horizontal | CK1: Fornecedor | CL1: Código Luminária 1 | CM1: Luminária Simulada (IP Principal) | CN1: Código Luminária 2 | CO1: Luminária Simulada (IP Secundário) | CP1: Pontos por poste (IP Principal) | CQ1: Potência simulada - IP Principal (W) | CR1: Potência simulada - IP Secundário (W) | CS1: Fluxo Luminoso - IP Principal (lm) | CT1: Fluxo Luminoso - IP Secundário (lm) | CU1: Ângulo antigo | CV1: Ângulo Simulado | CW1: Braço Antigo | CX1: Braço Novo | CY1: Projeção com alteração | CZ1: Altura de luminária com alteração | DA1: Correção de Ponto Escuro (CPE) | DB1: Quantidade de pontos adicionados para via de veículo | DC1: Quantidade de pontos adicionados para 2º nível | DD1: Observação CPE (Reduçao entre postes e/ou Tipo de Posteação) | DE1: obs conferência | DF1: rev conferência | DG1: IP PRINC SIM | DH1: IP SEC SIM | DI1: TOTAL SIMULADO | DJ1: Eficientização | DK1: Estrutura | DL1: Simulação | DM1: Conferência | DN1: Considerar na Extrapolação | DO1: Inspeção | DQ1: eficientização
E2: IP01982 | F2: PVP | G2: Rua Rua Madalena Gilouski | H2: -23.341599 | I2: -46.826291 | J2: C5 | L2: P6 | M2: LED | N2: 60 | O2: Interno | P2: - | Q2: =N2*AH2*2 -> 120 | R2: 1 | S2: 2 | T2: 5 | X2: 1.5 | AD2: Unilateral | AE2: Braço | AF2: 22 | AG2: 7.3 | AH2: 1 | AI2: 0.65 | AJ2: 1.3 | AK2: =AJ2-AI2 -> 0.65 | AL2: - | AM2: - | AN2: Não | AO2: =IF(AD2="Unilateral",2*AH2,IF(AD2="Bilateral Alternada",3*AH2,IF(AD2="Bilateral Frontal",4*AH2,IF(AD2="Canteiro Central",2*AH2,"erro")))) -> 2 | AV2: =IF(AP2=0,0,IF(AD2="Unilateral",2*AP2,IF(AD2="Bilateral Alternada",3*AP2,IF(AD2="Bilateral Frontal",4*AP2,IF(AD2="Canteiro Central",2*AP2,"erro"))))) -> 0 | AX2: =VLOOKUP(J2,ABNT5101!$I$3:$J$9,2) -> 7.5 | AY2: =VLOOKUP(J2,ABNT5101!$I$3:$M$9,5) -> 0.18 | AZ2: =_xlfn.XLOOKUP(J2,ABNT5101!I:I,ABNT5101!L:L) -> - | BA2: =_xlfn.XLOOKUP(J2,ABNT5101!$I:$I,ABNT5101!M:M) -> 0.18 | BB2: =_xlfn.XLOOKUP(J2,ABNT5101!$I:$I,ABNT5101!N:N) -> - | BC2: =_xlfn.XLOOKUP(J2,ABNT5101!$I:$I,ABNT5101!O:O) -> 16 | BD2: =IF(BN2="NÃO ATENDE","NÃO ATENDE",IF(BY2="NÃO ATENDE","NÃO ATENDE",IF(CH2="NÃO ATENDE","NÃO ATENDE","ATENDE"))) -> NÃO ATENDE | BE2: =BH2/AX2-1 -> -1 | BF2: =BI2/AY2-1 -> -1 | BG2: =IF($J2="M6",BJ2/AZ2-1,"-") -> - | BN2: =IF(OR(BO2="NÃO ATENDE",BP2="NÃO ATENDE",BQ2="NÃO ATENDE"),"NÃO ATENDE","ATENDE") -> NÃO ATENDE | BO2: =IF(BH2>=AX2,"ATENDE",IF(BH2>=0.99*AX2,"ATENDIMENTO LIMIAR","NÃO ATENDE")) -> NÃO ATENDE | BP2: =IF(BI2>=AY2,"ATENDE",IF(BI2>=(AY2-0.02),"ATENDIMENTO LIMIAR","NÃO ATENDE")) -> NÃO ATENDE | BQ2: =IF(AZ2="-","ATENDE",IF(BJ2>=AZ2,"ATENDE",IF(BJ2>=(AZ2-0.02),"ATENDIMENTO LIMIAR","NÃO ATENDE"))) -> ATENDE | BR2: =J2 -> C5 | BS2: =L2 -> P6 | BT2: =IF(BU2="-","-",BU2/BW2-1) -> -1 | BW2: =IF(BS2="-","-",_xlfn.XLOOKUP(BS2,ABNT5101!$B$4:$B$9,ABNT5101!$C$4:$C$9)) -> 3 | BX2: =IF(BS2="-","-",_xlfn.XLOOKUP(BS2,ABNT5101!$B$4:$B$9,ABNT5101!$D$4:$D$9)) -> 0.6 | BY2: =IF(BZ2="-","-",IF(BZ2="NÃO ATENDE","NÃO ATENDE",IF(CA2="NÃO ATENDE","NÃO ATENDE","ATENDE"))) -> NÃO ATENDE | BZ2: =IF(BS2="-","-",IF(BU2>=BW2,"ATENDE",IF(BU2>=(BW2*0.99),"ATENDIMENTO LIMIAR","NÃO ATENDE"))) -> NÃO ATENDE | CA2: =IF(BS2="-","-",IF(BV2>=BX2,"ATENDE","NÃO ATENDE")) -> NÃO ATENDE | CB2: =BS2 -> P6 | CC2: =IF(CD2="-","-",CD2/CF2-1) -> -1 | CF2: =IF(CB2="-","-",_xlfn.XLOOKUP(CB2,ABNT5101!$B$4:$B$9,ABNT5101!$C$4:$C$9)) -> 3 | CG2: =IF(CB2="-","-",_xlfn.XLOOKUP(CB2,ABNT5101!$B$4:$B$9,ABNT5101!$D$4:$D$9)) -> 0.6 | CH2: =IF(CI2="-","-",IF(CI2="NÃO ATENDE","NÃO ATENDE",IF(CJ2="NÃO ATENDE","NÃO ATENDE","ATENDE"))) -> NÃO ATENDE | CI2: =IF(CB2="-","-",IF(CD2>=(CF2),"ATENDE",IF(CD2>=(0.99*CF2),"ATENDIMENTO LIMIAR","NÃO ATENDE"))) -> NÃO ATENDE | CJ2: =IF(CB2="-","-",IF(CE2>=CG2,"ATENDE","NÃO ATENDE")) -> NÃO ATENDE | CK2: =_xlfn.XLOOKUP(CL2,'Banco de dados'!$B:$B,'Banco de dados'!$D:$D) -> #N/A | CM2: =_xlfn.XLOOKUP(CL2,'Banco de dados'!$B:$B,'Banco de dados'!$E:$E) -> #N/A | CO2: =IF(CN2="-","-",_xlfn.XLOOKUP(CN2,'Banco de dados'!$B:$B,'Banco de dados'!$E:$E)) -> #N/A | CP2: =AH2 -> 1 | CQ2: =_xlfn.XLOOKUP(CL2,'Banco de dados'!$B:$B,'Banco de dados'!$H:$H) -> #N/A | CR2: {=_xludf.xlookup(CN2,'Banco de dados'!$B:$B,'Banco de dados'!$H:$H)} -> #NAME? | CS2: {=_xludf.xlookup(CL2,'Banco de dados'!$B:$B,'Banco de dados'!$F:$F)} -> #NAME? | CT2: {=_xludf.xlookup(CN2,'Banco de dados'!$B:$B,'Banco de dados'!$F:$F)} -> #NAME? | CW2: =IF(AJ2=0.5,"Suporte",IF(AND(AJ2>='Braços de IP'!$B$9,AJ2<='Braços de IP'!$D$9),'Braços de IP'!$E$9,IF(AND(AJ2>='Braços de IP'!$B$10,AJ2<='Braços de IP'!$D$10),'Braços de IP'!$E$10,IF(AND(AJ2>='Braços de IP'!$B$11,AJ2<='Braços de IP'!$D$11),'Braços de IP'!$E$11,IF(AND(AJ2>='Braços de IP'!$B$12,AJ2<='Braços de IP'!$D$12),'Braços de IP'!$E$12,IF(AND(AJ2>='Braços de IP'!$B$13,AJ2<='Braços de IP'!$D$13),'Braços de IP'!$E$13,IF(AND(AJ2>='Braços de IP'!$B$14,AJ2<='Braços de IP'!$D$14),'Braços de IP'!$E$14,"ERRO"))))))) -> Curto II | CY2: =IF($CX2="","",VLOOKUP($CX2,'Braços de IP'!$E$9:$I$15,2,0)) | CZ2: =IF($CX2="","",VLOOKUP($CX2,'Braços de IP'!$E$9:$I$15,5,0)) | DG2: =CQ2 -> #N/A | DH2: =N2 -> 60 | DI2: =SUM(DG2:DH2)*CP2 -> #N/A | DJ2: =1-DG2/DH2 -> #N/A | DK2: Lucas | DN2: Sim | DQ2: =((N2+O2)-CQ2)/(N2+O2) -> #VALUE! | DS2: V4 | DT2: =COUNTIF(J:J,DS2)/3 -> 0 | DU2: =DT2/$DT$414 -> #DIV/0! | DV2: =DT2/SUM($DT$315:$DT$342) -> #DIV/0!
E3: IP01982 | F3: PVP | G3: Rua Rua Madalena Gilouski | H3: -23.341599 | I3: -46.826291 | J3: C5 | L3: P6 | M3: LED | N3: 60 | O3: Interno | P3: - | Q3: =N3*AH3*2 -> 120 | R3: 1 | S3: 2 | T3: 5 | X3: 1.5 | AD3: Unilateral | AE3: Braço | AF3: 22 | AG3: 7.3 | AH3: 1 | AI3: 0.65 | AJ3: 1.3 | AK3: =AJ3-AI3 -> 0.65 | AL3: - | AM3: - | AN3: Não | AO3: =IF(AD3="Unilateral",2*AH3,IF(AD3="Bilateral Alternada",3*AH3,IF(AD3="Bilateral Frontal",4*AH3,IF(AD3="Canteiro Central",2*AH3,"erro")))) -> 2 | AV3: =IF(AP3=0,0,IF(AD3="Unilateral",2*AP3,IF(AD3="Bilateral Alternada",3*AP3,IF(AD3="Bilateral Frontal",4*AP3,IF(AD3="Canteiro Central",2*AP3,"erro"))))) -> 0 | AX3: =VLOOKUP(J3,ABNT5101!$I$3:$J$9,2) -> 7.5 | AY3: =VLOOKUP(J3,ABNT5101!$I$3:$M$9,5) -> 0.18 | AZ3: =_xlfn.XLOOKUP(J3,ABNT5101!I:I,ABNT5101!L:L) -> - | BA3: =_xlfn.XLOOKUP(J3,ABNT5101!$I:$I,ABNT5101!M:M) -> 0.18 | BB3: =_xlfn.XLOOKUP(J3,ABNT5101!$I:$I,ABNT5101!N:N) -> - | BC3: =_xlfn.XLOOKUP(J3,ABNT5101!$I:$I,ABNT5101!O:O) -> 16 | BD3: =IF(BN3="NÃO ATENDE","NÃO ATENDE",IF(BY3="NÃO ATENDE","NÃO ATENDE",IF(CH3="NÃO ATENDE","NÃO ATENDE","ATENDE"))) -> NÃO ATENDE | BE3: =BH3/AX3-1 -> -1 | BF3: =BI3/AY3-1 -> -1 | BG3: =IF($J3="M6",BJ3/AZ3-1,"-") -> - | BN3: =IF(OR(BO3="NÃO ATENDE",BP3="NÃO ATENDE",BQ3="NÃO ATENDE"),"NÃO ATENDE","ATENDE") -> NÃO ATENDE | BO3: =IF(BH3>=AX3,"ATENDE",IF(BH3>=0.99*AX3,"ATENDIMENTO LIMIAR","NÃO ATENDE")) -> NÃO ATENDE | BP3: =IF(BI3>=AY3,"ATENDE",IF(BI3>=(AY3-0.02),"ATENDIMENTO LIMIAR","NÃO ATENDE")) -> NÃO ATENDE | BQ3: =IF(AZ3="-","ATENDE",IF(BJ3>=AZ3,"ATENDE",IF(BJ3>=(AZ3-0.02),"ATENDIMENTO LIMIAR","NÃO ATENDE"))) -> ATENDE | BR3: =J3 -> C5 | BS3: =L3 -> P6 | BT3: =IF(BU3="-","-",BU3/BW3-1) -> -1 | BW3: =IF(BS3="-","-",_xlfn.XLOOKUP(BS3,ABNT5101!$B$4:$B$9,ABNT5101!$C$4:$C$9)) -> 3 | BX3: =IF(BS3="-","-",_xlfn.XLOOKUP(BS3,ABNT5101!$B$4:$B$9,ABNT5101!$D$4:$D$9)) -> 0.6 | BY3: =IF(BZ3="-","-",IF(BZ3="NÃO ATENDE","NÃO ATENDE",IF(CA3="NÃO ATENDE","NÃO ATENDE","ATENDE"))) -> NÃO ATENDE | BZ3: =IF(BS3="-","-",IF(BU3>=BW3,"ATENDE",IF(BU3>=(BW3*0.99),"ATENDIMENTO LIMIAR","NÃO ATENDE"))) -> NÃO ATENDE | CA3: =IF(BS3="-","-",IF(BV3>=BX3,"ATENDE","NÃO ATENDE")) -> NÃO ATENDE | CB3: =BS3 -> P6 | CC3: =IF(CD3="-","-",CD3/CF3-1) -> -1 | CF3: =IF(CB3="-","-",_xlfn.XLOOKUP(CB3,ABNT5101!$B$4:$B$9,ABNT5101!$C$4:$C$9)) -> 3 | CG3: =IF(CB3="-","-",_xlfn.XLOOKUP(CB3,ABNT5101!$B$4:$B$9,ABNT5101!$D$4:$D$9)) -> 0.6 | CH3: =IF(CI3="-","-",IF(CI3="NÃO ATENDE","NÃO ATENDE",IF(CJ3="NÃO ATENDE","NÃO ATENDE","ATENDE"))) -> NÃO ATENDE | CI3: =IF(CB3="-","-",IF(CD3>=(CF3),"ATENDE",IF(CD3>=(0.99*CF3),"ATENDIMENTO LIMIAR","NÃO ATENDE"))) -> NÃO ATENDE | CJ3: =IF(CB3="-","-",IF(CE3>=CG3,"ATENDE","NÃO ATENDE")) -> NÃO ATENDE | CK3: =_xlfn.XLOOKUP(CL3,'Banco de dados'!$B:$B,'Banco de dados'!$D:$D) -> #N/A | CM3: =_xlfn.XLOOKUP(CL3,'Banco de dados'!$B:$B,'Banco de dados'!$E:$E) -> #N/A | CO3: =IF(CN3="-","-",_xlfn.XLOOKUP(CN3,'Banco de dados'!$B:$B,'Banco de dados'!$E:$E)) -> #N/A | CP3: =AH3 -> 1 | CQ3: =_xlfn.XLOOKUP(CL3,'Banco de dados'!$B:$B,'Banco de dados'!$H:$H) -> #N/A | CR3: {=_xludf.xlookup(CN3,'Banco de dados'!$B:$B,'Banco de dados'!$H:$H)} -> #NAME? | CS3: {=_xludf.xlookup(CL3,'Banco de dados'!$B:$B,'Banco de dados'!$F:$F)} -> #NAME? | CT3: {=_xludf.xlookup(CN3,'Banco de dados'!$B:$B,'Banco de dados'!$F:$F)} -> #NAME? | CW3: =IF(AJ3=0.5,"Suporte",IF(AND(AJ3>='Braços de IP'!$B$9,AJ3<='Braços de IP'!$D$9),'Braços de IP'!$E$9,IF(AND(AJ3>='Braços de IP'!$B$10,AJ3<='Braços de IP'!$D$10),'Braços de IP'!$E$10,IF(AND(AJ3>='Braços de IP'!$B$11,AJ3<='Braços de IP'!$D$11),'Braços de IP'!$E$11,IF(AND(AJ3>='Braços de IP'!$B$12,AJ3<='Braços de IP'!$D$12),'Braços de IP'!$E$12,IF(AND(AJ3>='Braços de IP'!$B$13,AJ3<='Braços de IP'!$D$13),'Braços de IP'!$E$13,IF(AND(AJ3>='Braços de IP'!$B$14,AJ3<='Braços de IP'!$D$14),'Braços de IP'!$E$14,"ERRO"))))))) -> Curto II | CY3: =IF($CX3="","",VLOOKUP($CX3,'Braços de IP'!$E$9:$I$15,2,0)) | CZ3: =IF($CX3="","",VLOOKUP($CX3,'Braços de IP'!$E$9:$I$15,5,0)) | DG3: =CQ3 -> #N/A | DH3: =N3 -> 60 | DI3: =SUM(DG3:DH3)*CP3 -> #N/A | DJ3: =1-DG3/DH3 -> #N/A | DK3: Lucas | DN3: Sim | DQ3: =((N3+O3)-CQ3)/(N3+O3) -> #VALUE! | DS3: V4 | DT3: =COUNTIF(J:J,DS3)/3 -> 0 | DU3: =DT3/$DT$414 -> #DIV/0! | DV3: =DT3/SUM($DT$315:$DT$342) -> #DIV/0!
E4: IP01982 | F4: PVP | G4: Rua Rua Madalena Gilouski | H4: -23.341599 | I4: -46.826291 | J4: C5 | L4: P6 | M4: LED | N4: 60 | O4: Interno | P4: - | Q4: =N4*AH4*2 -> 120 | R4: 1 | S4: 2 | T4: 5 | X4: 1.5 | AD4: Unilateral | AE4: Braço | AF4: 22 | AG4: 7.3 | AH4: 1 | AI4: 0.65 | AJ4: 1.3 | AK4: =AJ4-AI4 -> 0.65 | AL4: - | AM4: - | AN4: Não | AO4: =IF(AD4="Unilateral",2*AH4,IF(AD4="Bilateral Alternada",3*AH4,IF(AD4="Bilateral Frontal",4*AH4,IF(AD4="Canteiro Central",2*AH4,"erro")))) -> 2 | AV4: =IF(AP4=0,0,IF(AD4="Unilateral",2*AP4,IF(AD4="Bilateral Alternada",3*AP4,IF(AD4="Bilateral Frontal",4*AP4,IF(AD4="Canteiro Central",2*AP4,"erro"))))) -> 0 | AX4: =VLOOKUP(J4,ABNT5101!$I$3:$J$9,2) -> 7.5 | AY4: =VLOOKUP(J4,ABNT5101!$I$3:$M$9,5) -> 0.18 | AZ4: =_xlfn.XLOOKUP(J4,ABNT5101!I:I,ABNT5101!L:L) -> - | BA4: =_xlfn.XLOOKUP(J4,ABNT5101!$I:$I,ABNT5101!M:M) -> 0.18 | BB4: =_xlfn.XLOOKUP(J4,ABNT5101!$I:$I,ABNT5101!N:N) -> - | BC4: =_xlfn.XLOOKUP(J4,ABNT5101!$I:$I,ABNT5101!O:O) -> 16 | BD4: =IF(BN4="NÃO ATENDE","NÃO ATENDE",IF(BY4="NÃO ATENDE","NÃO ATENDE",IF(CH4="NÃO ATENDE","NÃO ATENDE","ATENDE"))) -> NÃO ATENDE | BE4: =BH4/AX4-1 -> -1 | BF4: =BI4/AY4-1 -> -1 | BG4: =IF($J4="M6",BJ4/AZ4-1,"-") -> - | BN4: =IF(OR(BO4="NÃO ATENDE",BP4="NÃO ATENDE",BQ4="NÃO ATENDE"),"NÃO ATENDE","ATENDE") -> NÃO ATENDE | BO4: =IF(BH4>=AX4,"ATENDE",IF(BH4>=0.99*AX4,"ATENDIMENTO LIMIAR","NÃO ATENDE")) -> NÃO ATENDE | BP4: =IF(BI4>=AY4,"ATENDE",IF(BI4>=(AY4-0.02),"ATENDIMENTO LIMIAR","NÃO ATENDE")) -> NÃO ATENDE | BQ4: =IF(AZ4="-","ATENDE",IF(BJ4>=AZ4,"ATENDE",IF(BJ4>=(AZ4-0.02),"ATENDIMENTO LIMIAR","NÃO ATENDE"))) -> ATENDE | BR4: =J4 -> C5 | BS4: =L4 -> P6 | BT4: =IF(BU4="-","-",BU4/BW4-1) -> -1 | BW4: =IF(BS4="-","-",_xlfn.XLOOKUP(BS4,ABNT5101!$B$4:$B$9,ABNT5101!$C$4:$C$9)) -> 3 | BX4: =IF(BS4="-","-",_xlfn.XLOOKUP(BS4,ABNT5101!$B$4:$B$9,ABNT5101!$D$4:$D$9)) -> 0.6 | BY4: =IF(BZ4="-","-",IF(BZ4="NÃO ATENDE","NÃO ATENDE",IF(CA4="NÃO ATENDE","NÃO ATENDE","ATENDE"))) -> NÃO ATENDE | BZ4: =IF(BS4="-","-",IF(BU4>=BW4,"ATENDE",IF(BU4>=(BW4*0.99),"ATENDIMENTO LIMIAR","NÃO ATENDE"))) -> NÃO ATENDE | CA4: =IF(BS4="-","-",IF(BV4>=BX4,"ATENDE","NÃO ATENDE")) -> NÃO ATENDE | CB4: =BS4 -> P6 | CC4: =IF(CD4="-","-",CD4/CF4-1) -> -1 | CF4: =IF(CB4="-","-",_xlfn.XLOOKUP(CB4,ABNT5101!$B$4:$B$9,ABNT5101!$C$4:$C$9)) -> 3 | CG4: =IF(CB4="-","-",_xlfn.XLOOKUP(CB4,ABNT5101!$B$4:$B$9,ABNT5101!$D$4:$D$9)) -> 0.6 | CH4: =IF(CI4="-","-",IF(CI4="NÃO ATENDE","NÃO ATENDE",IF(CJ4="NÃO ATENDE","NÃO ATENDE","ATENDE"))) -> NÃO ATENDE | CI4: =IF(CB4="-","-",IF(CD4>=(CF4),"ATENDE",IF(CD4>=(0.99*CF4),"ATENDIMENTO LIMIAR","NÃO ATENDE"))) -> NÃO ATENDE | CJ4: =IF(CB4="-","-",IF(CE4>=CG4,"ATENDE","NÃO ATENDE")) -> NÃO ATENDE | CK4: =_xlfn.XLOOKUP(CL4,'Banco de dados'!$B:$B,'Banco de dados'!$D:$D) -> #N/A | CM4: =_xlfn.XLOOKUP(CL4,'Banco de dados'!$B:$B,'Banco de dados'!$E:$E) -> #N/A | CO4: =IF(CN4="-","-",_xlfn.XLOOKUP(CN4,'Banco de dados'!$B:$B,'Banco de dados'!$E:$E)) -> #N/A | CP4: =AH4 -> 1 | CQ4: =_xlfn.XLOOKUP(CL4,'Banco de dados'!$B:$B,'Banco de dados'!$H:$H) -> #N/A | CR4: {=_xludf.xlookup(CN4,'Banco de dados'!$B:$B,'Banco de dados'!$H:$H)} -> #NAME? | CS4: {=_xludf.xlookup(CL4,'Banco de dados'!$B:$B,'Banco de dados'!$F:$F)} -> #NAME? | CT4: {=_xludf.xlookup(CN4,'Banco de dados'!$B:$B,'Banco de dados'!$F:$F)} -> #NAME? | CW4: =IF(AJ4=0.5,"Suporte",IF(AND(AJ4>='Braços de IP'!$B$9,AJ4<='Braços de IP'!$D$9),'Braços de IP'!$E$9,IF(AND(AJ4>='Braços de IP'!$B$10,AJ4<='Braços de IP'!$D$10),'Braços de IP'!$E$10,IF(AND(AJ4>='Braços de IP'!$B$11,AJ4<='Braços de IP'!$D$11),'Braços de IP'!$E$11,IF(AND(AJ4>='Braços de IP'!$B$12,AJ4<='Braços de IP'!$D$12),'Braços de IP'!$E$12,IF(AND(AJ4>='Braços de IP'!$B$13,AJ4<='Braços de IP'!$D$13),'Braços de IP'!$E$13,IF(AND(AJ4>='Braços de IP'!$B$14,AJ4<='Braços de IP'!$D$14),'Braços de IP'!$E$14,"ERRO"))))))) -> Curto II | CY4: =IF($CX4="","",VLOOKUP($CX4,'Braços de IP'!$E$9:$I$15,2,0)) | CZ4: =IF($CX4="","",VLOOKUP($CX4,'Braços de IP'!$E$9:$I$15,5,0)) | DG4: =CQ4 -> #N/A | DH4: =N4 -> 60 | DI4: =SUM(DG4:DH4)*CP4 -> #N/A | DJ4: =1-DG4/DH4 -> #N/A | DK4: Lucas | DN4: Sim | DQ4: =((N4+O4)-CQ4)/(N4+O4) -> #VALUE! | DS4: V4 | DT4: =COUNTIF(J:J,DS4)/3 -> 0 | DU4: =DT4/$DT$414 -> #DIV/0! | DV4: =DT4/SUM($DT$315:$DT$342) -> #DIV/0!
E5: IP04038 | F5: V | G5: Rua Praia Grande | H5: -23.289032 | I5: -46.875007 | J5: C5 | L5: Sem Passeio | M5: LED | N5: 87 | O5: Interno | P5: - | Q5: =N5*AH5*2 -> 174 | R5: 1 | S5: - | T5: 5.8 | X5: - | AD5: Unilateral | AE5: Braço | AF5: 34.5 | AG5: 6.5 | AH5: 1 | AI5: 1.3 | AJ5: 2.3 | AK5: =AJ5-AI5 -> 1 | AL5: - | AM5: - | AO5: =IF(AD5="Unilateral",2*AH5,IF(AD5="Bilateral Alternada",3*AH5,IF(AD5="Bilateral Frontal",4*AH5,IF(AD5="Canteiro Central",2*AH5,"erro")))) -> 2 | AV5: =IF(AP5=0,0,IF(AD5="Unilateral",2*AP5,IF(AD5="Bilateral Alternada",3*AP5,IF(AD5="Bilateral Frontal",4*AP5,IF(AD5="Canteiro Central",2*AP5,"erro"))))) -> 0 | AX5: =VLOOKUP(J5,ABNT5101!$I$3:$J$9,2) -> 7.5 | AY5: =VLOOKUP(J5,ABNT5101!$I$3:$M$9,5) -> 0.18 | AZ5: =_xlfn.XLOOKUP(J5,ABNT5101!I:I,ABNT5101!L:L) -> - | BA5: =_xlfn.XLOOKUP(J5,ABNT5101!$I:$I,ABNT5101!M:M) -> 0.18 | BB5: =_xlfn.XLOOKUP(J5,ABNT5101!$I:$I,ABNT5101!N:N) -> - | BC5: =_xlfn.XLOOKUP(J5,ABNT5101!$I:$I,ABNT5101!O:O) -> 16 | BD5: =IF(BN5="NÃO ATENDE","NÃO ATENDE",IF(BY5="NÃO ATENDE","NÃO ATENDE",IF(CH5="NÃO ATENDE","NÃO ATENDE","ATENDE"))) -> NÃO ATENDE | BE5: =BH5/AX5-1 -> -1 | BF5: =BI5/AY5-1 -> -1 | BG5: =IF($J5="M6",BJ5/AZ5-1,"-") -> - | BN5: =IF(OR(BO5="NÃO ATENDE",BP5="NÃO ATENDE",BQ5="NÃO ATENDE"),"NÃO ATENDE","ATENDE") -> NÃO ATENDE | BO5: =IF(BH5>=AX5,"ATENDE",IF(BH5>=0.99*AX5,"ATENDIMENTO LIMIAR","NÃO ATENDE")) -> NÃO ATENDE | BP5: =IF(BI5>=AY5,"ATENDE",IF(BI5>=(AY5-0.02),"ATENDIMENTO LIMIAR","NÃO ATENDE")) -> NÃO ATENDE | BQ5: =IF(AZ5="-","ATENDE",IF(BJ5>=AZ5,"ATENDE",IF(BJ5>=(AZ5-0.02),"ATENDIMENTO LIMIAR","NÃO ATENDE"))) -> ATENDE | BR5: =J5 -> C5 | BS5: =L5 -> Sem Passeio | BT5: =IF(BU5="-","-",BU5/BW5-1) -> #N/A | BW5: =IF(BS5="-","-",_xlfn.XLOOKUP(BS5,ABNT5101!$B$4:$B$9,ABNT5101!$C$4:$C$9)) -> #N/A | BX5: =IF(BS5="-","-",_xlfn.XLOOKUP(BS5,ABNT5101!$B$4:$B$9,ABNT5101!$D$4:$D$9)) -> #N/A | BY5: =IF(BZ5="-","-",IF(BZ5="NÃO ATENDE","NÃO ATENDE",IF(CA5="NÃO ATENDE","NÃO ATENDE","ATENDE"))) -> #N/A | BZ5: =IF(BS5="-","-",IF(BU5>=BW5,"ATENDE",IF(BU5>=(BW5*0.99),"ATENDIMENTO LIMIAR","NÃO ATENDE"))) -> #N/A | CA5: =IF(BS5="-","-",IF(BV5>=BX5,"ATENDE","NÃO ATENDE")) -> #N/A | CB5: =BS5 -> Sem Passeio | CC5: =IF(CD5="-","-",CD5/CF5-1) -> #N/A | CF5: =IF(CB5="-","-",_xlfn.XLOOKUP(CB5,ABNT5101!$B$4:$B$9,ABNT5101!$C$4:$C$9)) -> #N/A | CG5: =IF(CB5="-","-",_xlfn.XLOOKUP(CB5,ABNT5101!$B$4:$B$9,ABNT5101!$D$4:$D$9)) -> #N/A | CH5: =IF(CI5="-","-",IF(CI5="NÃO ATENDE","NÃO ATENDE",IF(CJ5="NÃO ATENDE","NÃO ATENDE","ATENDE"))) -> #N/A | CI5: =IF(CB5="-","-",IF(CD5>=(CF5),"ATENDE",IF(CD5>=(0.99*CF5),"ATENDIMENTO LIMIAR","NÃO ATENDE"))) -> #N/A | CJ5: =IF(CB5="-","-",IF(CE5>=CG5,"ATENDE","NÃO ATENDE")) -> #N/A | CK5: =_xlfn.XLOOKUP(CL5,'Banco de dados'!$B:$B,'Banco de dados'!$D:$D) -> #N/A | CM5: =_xlfn.XLOOKUP(CL5,'Banco de dados'!$B:$B,'Banco de dados'!$E:$E) -> #N/A | CO5: =IF(CN5="-","-",_xlfn.XLOOKUP(CN5,'Banco de dados'!$B:$B,'Banco de dados'!$E:$E)) -> #N/A | CP5: =AH5 -> 1 | CQ5: =_xlfn.XLOOKUP(CL5,'Banco de dados'!$B:$B,'Banco de dados'!$H:$H) -> #N/A | CR5: {=_xludf.xlookup(CN5,'Banco de dados'!$B:$B,'Banco de dados'!$H:$H)} -> #NAME? | CS5: {=_xludf.xlookup(CL5,'Banco de dados'!$B:$B,'Banco de dados'!$F:$F)} -> #NAME? | CT5: {=_xludf.xlookup(CN5,'Banco de dados'!$B:$B,'Banco de dados'!$F:$F)} -> #NAME? | CW5: =IF(AJ5=0.5,"Suporte",IF(AND(AJ5>='Braços de IP'!$B$9,AJ5<='Braços de IP'!$D$9),'Braços de IP'!$E$9,IF(AND(AJ5>='Braços de IP'!$B$10,AJ5<='Braços de IP'!$D$10),'Braços de IP'!$E$10,IF(AND(AJ5>='Braços de IP'!$B$11,AJ5<='Braços de IP'!$D$11),'Braços de IP'!$E$11,IF(AND(AJ5>='Braços de IP'!$B$12,AJ5<='Braços de IP'!$D$12),'Braços de IP'!$E$12,IF(AND(AJ5>='Braços de IP'!$B$13,AJ5<='Braços de IP'!$D$13),'Braços de IP'!$E$13,IF(AND(AJ5>='Braços de IP'!$B$14,AJ5<='Braços de IP'!$D$14),'Braços de IP'!$E$14,"ERRO"))))))) -> Médio II | CY5: =IF($CX5="","",VLOOKUP($CX5,'Braços de IP'!$E$9:$I$15,2,0)) | CZ5: =IF($CX5="","",VLOOKUP($CX5,'Braços de IP'!$E$9:$I$15,5,0)) | DG5: =CQ5 -> #N/A | DH5: =N5 -> 87 | DI5: =SUM(DG5:DH5)*CP5 -> #N/A | DJ5: =1-DG5/DH5 -> #N/A | DK5: Lucas | DN5: Sim | DQ5: =((N5+O5)-CQ5)/(N5+O5) -> #VALUE! | DS5: V4 | DT5: =COUNTIF(J:J,DS5)/3 -> 0 | DU5: =DT5/$DT$414 -> #DIV/0! | DV5: =DT5/SUM($DT$315:$DT$342) -> #DIV/0!
E6: IP04038 | F6: V | G6: Rua Praia Grande | H6: -23.289032 | I6: -46.875007 | J6: C5 | L6: Sem Passeio | M6: LED | N6: 87 | O6: Interno | P6: - | Q6: =N6*AH6*2 -> 174 | R6: 1 | S6: - | T6: 5.8 | X6: - | AD6: Unilateral | AE6: Braço | AF6: 34.5 | AG6: 6.5 | AH6: 1 | AI6: 1.3 | AJ6: 2.3 | AK6: =AJ6-AI6 -> 1 | AL6: - | AM6: - | AO6: =IF(AD6="Unilateral",2*AH6,IF(AD6="Bilateral Alternada",3*AH6,IF(AD6="Bilateral Frontal",4*AH6,IF(AD6="Canteiro Central",2*AH6,"erro")))) -> 2 | AV6: =IF(AP6=0,0,IF(AD6="Unilateral",2*AP6,IF(AD6="Bilateral Alternada",3*AP6,IF(AD6="Bilateral Frontal",4*AP6,IF(AD6="Canteiro Central",2*AP6,"erro"))))) -> 0 | AX6: =VLOOKUP(J6,ABNT5101!$I$3:$J$9,2) -> 7.5 | AY6: =VLOOKUP(J6,ABNT5101!$I$3:$M$9,5) -> 0.18 | AZ6: =_xlfn.XLOOKUP(J6,ABNT5101!I:I,ABNT5101!L:L) -> - | BA6: =_xlfn.XLOOKUP(J6,ABNT5101!$I:$I,ABNT5101!M:M) -> 0.18 | BB6: =_xlfn.XLOOKUP(J6,ABNT5101!$I:$I,ABNT5101!N:N) -> - | BC6: =_xlfn.XLOOKUP(J6,ABNT5101!$I:$I,ABNT5101!O:O) -> 16 | BD6: =IF(BN6="NÃO ATENDE","NÃO ATENDE",IF(BY6="NÃO ATENDE","NÃO ATENDE",IF(CH6="NÃO ATENDE","NÃO ATENDE","ATENDE"))) -> NÃO ATENDE | BE6: =BH6/AX6-1 -> -1 | BF6: =BI6/AY6-1 -> -1 | BG6: =IF($J6="M6",BJ6/AZ6-1,"-") -> - | BN6: =IF(OR(BO6="NÃO ATENDE",BP6="NÃO ATENDE",BQ6="NÃO ATENDE"),"NÃO ATENDE","ATENDE") -> NÃO ATENDE | BO6: =IF(BH6>=AX6,"ATENDE",IF(BH6>=0.99*AX6,"ATENDIMENTO LIMIAR","NÃO ATENDE")) -> NÃO ATENDE | BP6: =IF(BI6>=AY6,"ATENDE",IF(BI6>=(AY6-0.02),"ATENDIMENTO LIMIAR","NÃO ATENDE")) -> NÃO ATENDE | BQ6: =IF(AZ6="-","ATENDE",IF(BJ6>=AZ6,"ATENDE",IF(BJ6>=(AZ6-0.02),"ATENDIMENTO LIMIAR","NÃO ATENDE"))) -> ATENDE | BR6: =J6 -> C5 | BS6: =L6 -> Sem Passeio | BT6: =IF(BU6="-","-",BU6/BW6-1) -> #N/A | BW6: =IF(BS6="-","-",_xlfn.XLOOKUP(BS6,ABNT5101!$B$4:$B$9,ABNT5101!$C$4:$C$9)) -> #N/A | BX6: =IF(BS6="-","-",_xlfn.XLOOKUP(BS6,ABNT5101!$B$4:$B$9,ABNT5101!$D$4:$D$9)) -> #N/A | BY6: =IF(BZ6="-","-",IF(BZ6="NÃO ATENDE","NÃO ATENDE",IF(CA6="NÃO ATENDE","NÃO ATENDE","ATENDE"))) -> #N/A | BZ6: =IF(BS6="-","-",IF(BU6>=BW6,"ATENDE",IF(BU6>=(BW6*0.99),"ATENDIMENTO LIMIAR","NÃO ATENDE"))) -> #N/A | CA6: =IF(BS6="-","-",IF(BV6>=BX6,"ATENDE","NÃO ATENDE")) -> #N/A | CB6: =BS6 -> Sem Passeio | CC6: =IF(CD6="-","-",CD6/CF6-1) -> #N/A | CF6: =IF(CB6="-","-",_xlfn.XLOOKUP(CB6,ABNT5101!$B$4:$B$9,ABNT5101!$C$4:$C$9)) -> #N/A | CG6: =IF(CB6="-","-",_xlfn.XLOOKUP(CB6,ABNT5101!$B$4:$B$9,ABNT5101!$D$4:$D$9)) -> #N/A | CH6: =IF(CI6="-","-",IF(CI6="NÃO ATENDE","NÃO ATENDE",IF(CJ6="NÃO ATENDE","NÃO ATENDE","ATENDE"))) -> #N/A | CI6: =IF(CB6="-","-",IF(CD6>=(CF6),"ATENDE",IF(CD6>=(0.99*CF6),"ATENDIMENTO LIMIAR","NÃO ATENDE"))) -> #N/A | CJ6: =IF(CB6="-","-",IF(CE6>=CG6,"ATENDE","NÃO ATENDE")) -> #N/A | CK6: =_xlfn.XLOOKUP(CL6,'Banco de dados'!$B:$B,'Banco de dados'!$D:$D) -> #N/A | CM6: =_xlfn.XLOOKUP(CL6,'Banco de dados'!$B:$B,'Banco de dados'!$E:$E) -> #N/A | CO6: =IF(CN6="-","-",_xlfn.XLOOKUP(CN6,'Banco de dados'!$B:$B,'Banco de dados'!$E:$E)) -> #N/A | CP6: =AH6 -> 1 | CQ6: =_xlfn.XLOOKUP(CL6,'Banco de dados'!$B:$B,'Banco de dados'!$H:$H) -> #N/A | CR6: {=_xludf.xlookup(CN6,'Banco de dados'!$B:$B,'Banco de dados'!$H:$H)} -> #NAME? | CS6: {=_xludf.xlookup(CL6,'Banco de dados'!$B:$B,'Banco de dados'!$F:$F)} -> #NAME? | CT6: {=_xludf.xlookup(CN6,'Banco de dados'!$B:$B,'Banco de dados'!$F:$F)} -> #NAME? | CW6: =IF(AJ6=0.5,"Suporte",IF(AND(AJ6>='Braços de IP'!$B$9,AJ6<='Braços de IP'!$D$9),'Braços de IP'!$E$9,IF(AND(AJ6>='Braços de IP'!$B$10,AJ6<='Braços de IP'!$D$10),'Braços de IP'!$E$10,IF(AND(AJ6>='Braços de IP'!$B$11,AJ6<='Braços de IP'!$D$11),'Braços de IP'!$E$11,IF(AND(AJ6>='Braços de IP'!$B$12,AJ6<='Braços de IP'!$D$12),'Braços de IP'!$E$12,IF(AND(AJ6>='Braços de IP'!$B$13,AJ6<='Braços de IP'!$D$13),'Braços de IP'!$E$13,IF(AND(AJ6>='Braços de IP'!$B$14,AJ6<='Braços de IP'!$D$14),'Braços de IP'!$E$14,"ERRO"))))))) -> Médio II | CY6: =IF($CX6="","",VLOOKUP($CX6,'Braços de IP'!$E$9:$I$15,2,0)) | CZ6: =IF($CX6="","",VLOOKUP($CX6,'Braços de IP'!$E$9:$I$15,5,0)) | DG6: =CQ6 -> #N/A | DH6: =N6 -> 87 | DI6: =SUM(DG6:DH6)*CP6 -> #N/A | DJ6: =1-DG6/DH6 -> #N/A | DK6: Lucas | DN6: Sim | DQ6: =((N6+O6)-CQ6)/(N6+O6) -> #VALUE! | DS6: V4 | DT6: =COUNTIF(J:J,DS6)/3 -> 0 | DU6: =DT6/$DT$414 -> #DIV/0! | DV6: =DT6/SUM($DT$315:$DT$342) -> #DIV/0!
E7: IP04038 | F7: V | G7: Rua Praia Grande | H7: -23.289032 | I7: -46.875007 | J7: C5 | L7: Sem Passeio | M7: LED | N7: 87 | O7: Interno | P7: - | Q7: =N7*AH7*2 -> 174 | R7: 1 | S7: - | T7: 5.8 | X7: - | AD7: Unilateral | AE7: Braço | AF7: 34.5 | AG7: 6.5 | AH7: 1 | AI7: 1.3 | AJ7: 2.3 | AK7: =AJ7-AI7 -> 1 | AL7: - | AM7: - | AO7: =IF(AD7="Unilateral",2*AH7,IF(AD7="Bilateral Alternada",3*AH7,IF(AD7="Bilateral Frontal",4*AH7,IF(AD7="Canteiro Central",2*AH7,"erro")))) -> 2 | AV7: =IF(AP7=0,0,IF(AD7="Unilateral",2*AP7,IF(AD7="Bilateral Alternada",3*AP7,IF(AD7="Bilateral Frontal",4*AP7,IF(AD7="Canteiro Central",2*AP7,"erro"))))) -> 0 | AX7: =VLOOKUP(J7,ABNT5101!$I$3:$J$9,2) -> 7.5 | AY7: =VLOOKUP(J7,ABNT5101!$I$3:$M$9,5) -> 0.18 | AZ7: =_xlfn.XLOOKUP(J7,ABNT5101!I:I,ABNT5101!L:L) -> - | BA7: =_xlfn.XLOOKUP(J7,ABNT5101!$I:$I,ABNT5101!M:M) -> 0.18 | BB7: =_xlfn.XLOOKUP(J7,ABNT5101!$I:$I,ABNT5101!N:N) -> - | BC7: =_xlfn.XLOOKUP(J7,ABNT5101!$I:$I,ABNT5101!O:O) -> 16 | BD7: =IF(BN7="NÃO ATENDE","NÃO ATENDE",IF(BY7="NÃO ATENDE","NÃO ATENDE",IF(CH7="NÃO ATENDE","NÃO ATENDE","ATENDE"))) -> NÃO ATENDE | BE7: =BH7/AX7-1 -> -1 | BF7: =BI7/AY7-1 -> -1 | BG7: =IF($J7="M6",BJ7/AZ7-1,"-") -> - | BN7: =IF(OR(BO7="NÃO ATENDE",BP7="NÃO ATENDE",BQ7="NÃO ATENDE"),"NÃO ATENDE","ATENDE") -> NÃO ATENDE | BO7: =IF(BH7>=AX7,"ATENDE",IF(BH7>=0.99*AX7,"ATENDIMENTO LIMIAR","NÃO ATENDE")) -> NÃO ATENDE | BP7: =IF(BI7>=AY7,"ATENDE",IF(BI7>=(AY7-0.02),"ATENDIMENTO LIMIAR","NÃO ATENDE")) -> NÃO ATENDE | BQ7: =IF(AZ7="-","ATENDE",IF(BJ7>=AZ7,"ATENDE",IF(BJ7>=(AZ7-0.02),"ATENDIMENTO LIMIAR","NÃO ATENDE"))) -> ATENDE | BR7: =J7 -> C5 | BS7: =L7 -> Sem Passeio | BT7: =IF(BU7="-","-",BU7/BW7-1) -> #N/A | BW7: =IF(BS7="-","-",_xlfn.XLOOKUP(BS7,ABNT5101!$B$4:$B$9,ABNT5101!$C$4:$C$9)) -> #N/A | BX7: =IF(BS7="-","-",_xlfn.XLOOKUP(BS7,ABNT5101!$B$4:$B$9,ABNT5101!$D$4:$D$9)) -> #N/A | BY7: =IF(BZ7="-","-",IF(BZ7="NÃO ATENDE","NÃO ATENDE",IF(CA7="NÃO ATENDE","NÃO ATENDE","ATENDE"))) -> #N/A | BZ7: =IF(BS7="-","-",IF(BU7>=BW7,"ATENDE",IF(BU7>=(BW7*0.99),"ATENDIMENTO LIMIAR","NÃO ATENDE"))) -> #N/A | CA7: =IF(BS7="-","-",IF(BV7>=BX7,"ATENDE","NÃO ATENDE")) -> #N/A | CB7: =BS7 -> Sem Passeio | CC7: =IF(CD7="-","-",CD7/CF7-1) -> #N/A | CF7: =IF(CB7="-","-",_xlfn.XLOOKUP(CB7,ABNT5101!$B$4:$B$9,ABNT5101!$C$4:$C$9)) -> #N/A | CG7: =IF(CB7="-","-",_xlfn.XLOOKUP(CB7,ABNT5101!$B$4:$B$9,ABNT5101!$D$4:$D$9)) -> #N/A | CH7: =IF(CI7="-","-",IF(CI7="NÃO ATENDE","NÃO ATENDE",IF(CJ7="NÃO ATENDE","NÃO ATENDE","ATENDE"))) -> #N/A | CI7: =IF(CB7="-","-",IF(CD7>=(CF7),"ATENDE",IF(CD7>=(0.99*CF7),"ATENDIMENTO LIMIAR","NÃO ATENDE"))) -> #N/A | CJ7: =IF(CB7="-","-",IF(CE7>=CG7,"ATENDE","NÃO ATENDE")) -> #N/A | CK7: =_xlfn.XLOOKUP(CL7,'Banco de dados'!$B:$B,'Banco de dados'!$D:$D) -> #N/A | CM7: =_xlfn.XLOOKUP(CL7,'Banco de dados'!$B:$B,'Banco de dados'!$E:$E) -> #N/A | CO7: =IF(CN7="-","-",_xlfn.XLOOKUP(CN7,'Banco de dados'!$B:$B,'Banco de dados'!$E:$E)) -> #N/A | CP7: =AH7 -> 1 | CQ7: =_xlfn.XLOOKUP(CL7,'Banco de dados'!$B:$B,'Banco de dados'!$H:$H) -> #N/A | CR7: {=_xludf.xlookup(CN7,'Banco de dados'!$B:$B,'Banco de dados'!$H:$H)} -> #NAME? | CS7: {=_xludf.xlookup(CL7,'Banco de dados'!$B:$B,'Banco de dados'!$F:$F)} -> #NAME? | CT7: {=_xludf.xlookup(CN7,'Banco de dados'!$B:$B,'Banco de dados'!$F:$F)} -> #NAME? | CW7: =IF(AJ7=0.5,"Suporte",IF(AND(AJ7>='Braços de IP'!$B$9,AJ7<='Braços de IP'!$D$9),'Braços de IP'!$E$9,IF(AND(AJ7>='Braços de IP'!$B$10,AJ7<='Braços de IP'!$D$10),'Braços de IP'!$E$10,IF(AND(AJ7>='Braços de IP'!$B$11,AJ7<='Braços de IP'!$D$11),'Braços de IP'!$E$11,IF(AND(AJ7>='Braços de IP'!$B$12,AJ7<='Braços de IP'!$D$12),'Braços de IP'!$E$12,IF(AND(AJ7>='Braços de IP'!$B$13,AJ7<='Braços de IP'!$D$13),'Braços de IP'!$E$13,IF(AND(AJ7>='Braços de IP'!$B$14,AJ7<='Braços de IP'!$D$14),'Braços de IP'!$E$14,"ERRO"))))))) -> Médio II | CY7: =IF($CX7="","",VLOOKUP($CX7,'Braços de IP'!$E$9:$I$15,2,0)) | CZ7: =IF($CX7="","",VLOOKUP($CX7,'Braços de IP'!$E$9:$I$15,5,0)) | DG7: =CQ7 -> #N/A | DH7: =N7 -> 87 | DI7: =SUM(DG7:DH7)*CP7 -> #N/A | DJ7: =1-DG7/DH7 -> #N/A | DK7: Lucas | DN7: Sim | DQ7: =((N7+O7)-CQ7)/(N7+O7) -> #VALUE! | DS7: V4 | DT7: =COUNTIF(J:J,DS7)/3 -> 0 | DU7: =DT7/$DT$414 -> #DIV/0! | DV7: =DT7/SUM($DT$315:$DT$342) -> #DIV/0!
A8: FEITO | C8: Sim | E8: IP00974 | F8: PVP | G8: Avenida Jordano Mendes | H8: -23.333575 | I8: -46.837989 | J8: C2 | L8: P5 | M8: LED | N8: 150 | O8: Interno | P8: 10 | Q8: =N8*AH8*2 -> 300 | R8: 1 | S8: 3 | T8: 5.8 | X8: 1.2 | AB8: 3.5 | AC8: 2 | AD8: Unilateral | AE8: Braço | AF8: 36 | AG8: 7.5 | AH8: 1 | AI8: 0.35 | AJ8: 2.6 | AK8: =AJ8-AI8 -> 2.25 | AL8: - | AM8: - | AO8: =IF(AD8="Unilateral",2*AH8,IF(AD8="Bilateral Alternada",3*AH8,IF(AD8="Bilateral Frontal",4*AH8,IF(AD8="Canteiro Central",2*AH8,"erro")))) -> 2 | AV8: =IF(AP8=0,0,IF(AD8="Unilateral",2*AP8,IF(AD8="Bilateral Alternada",3*AP8,IF(AD8="Bilateral Frontal",4*AP8,IF(AD8="Canteiro Central",2*AP8,"erro"))))) -> 0 | AX8: =VLOOKUP(J8,ABNT5101!$I$3:$J$9,2) -> 20 | AY8: =VLOOKUP(J8,ABNT5101!$I$3:$M$9,5) -> 0.28 | AZ8: =_xlfn.XLOOKUP(J8,ABNT5101!I:I,ABNT5101!L:L) -> - | BA8: =_xlfn.XLOOKUP(J8,ABNT5101!$I:$I,ABNT5101!M:M) -> 0.28 | BB8: =_xlfn.XLOOKUP(J8,ABNT5101!$I:$I,ABNT5101!N:N) -> - | BC8: =_xlfn.XLOOKUP(J8,ABNT5101!$I:$I,ABNT5101!O:O) -> 14 | BD8: =IF(BN8="NÃO ATENDE","NÃO ATENDE",IF(BY8="NÃO ATENDE","NÃO ATENDE",IF(CH8="NÃO ATENDE","NÃO ATENDE","ATENDE"))) -> ATENDE | BE8: =BH8/AX8-1 -> 0.029 | BF8: =BI8/AY8-1 -> 0.17857143 | BG8: =IF($J8="M6",BJ8/AZ8-1,"-") -> - | BH8: 20.58 | BI8: 0.33 | BN8: =IF(OR(BO8="NÃO ATENDE",BP8="NÃO ATENDE",BQ8="NÃO ATENDE"),"NÃO ATENDE","ATENDE") -> ATENDE | BO8: =IF(BH8>=AX8,"ATENDE",IF(BH8>=0.99*AX8,"ATENDIMENTO LIMIAR","NÃO ATENDE")) -> ATENDE | BP8: =IF(BI8>=AY8,"ATENDE",IF(BI8>=(AY8-0.02),"ATENDIMENTO LIMIAR","NÃO ATENDE")) -> ATENDE | BQ8: =IF(AZ8="-","ATENDE",IF(BJ8>=AZ8,"ATENDE",IF(BJ8>=(AZ8-0.02),"ATENDIMENTO LIMIAR","NÃO ATENDE"))) -> ATENDE | BR8: =J8 -> C2 | BS8: =L8 -> P5 | BT8: =IF(BU8="-","-",BU8/BW8-1) -> 1.56 | BU8: 12.8 | BV8: 6.57 | BW8: =IF(BS8="-","-",_xlfn.XLOOKUP(BS8,ABNT5101!$B$4:$B$9,ABNT5101!$C$4:$C$9)) -> 5 | BX8: =IF(BS8="-","-",_xlfn.XLOOKUP(BS8,ABNT5101!$B$4:$B$9,ABNT5101!$D$4:$D$9)) -> 1 | BY8: =IF(BZ8="-","-",IF(BZ8="NÃO ATENDE","NÃO ATENDE",IF(CA8="NÃO ATENDE","NÃO ATENDE","ATENDE"))) -> ATENDE | BZ8: =IF(BS8="-","-",IF(BU8>=BW8,"ATENDE",IF(BU8>=(BW8*0.99),"ATENDIMENTO LIMIAR","NÃO ATENDE"))) -> ATENDE | CA8: =IF(BS8="-","-",IF(BV8>=BX8,"ATENDE","NÃO ATENDE")) -> ATENDE | CB8: =BS8 -> P5 | CC8: =IF(CD8="-","-",CD8/CF8-1) -> 0.456 | CD8: 7.28 | CE8: 2.7 | CF8: =IF(CB8="-","-",_xlfn.XLOOKUP(CB8,ABNT5101!$B$4:$B$9,ABNT5101!$C$4:$C$9)) -> 5 | CG8: =IF(CB8="-","-",_xlfn.XLOOKUP(CB8,ABNT5101!$B$4:$B$9,ABNT5101!$D$4:$D$9)) -> 1 | CH8: =IF(CI8="-","-",IF(CI8="NÃO ATENDE","NÃO ATENDE",IF(CJ8="NÃO ATENDE","NÃO ATENDE","ATENDE"))) -> ATENDE | CI8: =IF(CB8="-","-",IF(CD8>=(CF8),"ATENDE",IF(CD8>=(0.99*CF8),"ATENDIMENTO LIMIAR","NÃO ATENDE"))) -> ATENDE | CJ8: =IF(CB8="-","-",IF(CE8>=CG8,"ATENDE","NÃO ATENDE")) -> ATENDE | CK8: =_xlfn.XLOOKUP(CL8,'Banco de dados'!$B:$B,'Banco de dados'!$D:$D) -> LEDSTAR | CL8: ='Banco de dados'!B11 -> SL VT 9.1 85W | CM8: =_xlfn.XLOOKUP(CL8,'Banco de dados'!$B:$B,'Banco de dados'!$E:$E) -> LUM LED SL VT 9.1 85W | CO8: =IF(CN8="-","-",_xlfn.XLOOKUP(CN8,'Banco de dados'!$B:$B,'Banco de dados'!$E:$E)) -> #N/A | CP8: =AH8 -> 1 | CQ8: =_xlfn.XLOOKUP(CL8,'Banco de dados'!$B:$B,'Banco de dados'!$H:$H) -> 85 | CR8: {=_xludf.xlookup(CN8,'Banco de dados'!$B:$B,'Banco de dados'!$H:$H)} -> #NAME? | CS8: {=_xludf.xlookup(CL8,'Banco de dados'!$B:$B,'Banco de dados'!$F:$F)} -> #NAME? | CT8: {=_xludf.xlookup(CN8,'Banco de dados'!$B:$B,'Banco de dados'!$F:$F)} -> #NAME? | CU8: 0 | CV8: 0 | CW8: =IF(AJ8=0.5,"Suporte",IF(AND(AJ8>='Braços de IP'!$B$9,AJ8<='Braços de IP'!$D$9),'Braços de IP'!$E$9,IF(AND(AJ8>='Braços de IP'!$B$10,AJ8<='Braços de IP'!$D$10),'Braços de IP'!$E$10,IF(AND(AJ8>='Braços de IP'!$B$11,AJ8<='Braços de IP'!$D$11),'Braços de IP'!$E$11,IF(AND(AJ8>='Braços de IP'!$B$12,AJ8<='Braços de IP'!$D$12),'Braços de IP'!$E$12,IF(AND(AJ8>='Braços de IP'!$B$13,AJ8<='Braços de IP'!$D$13),'Braços de IP'!$E$13,IF(AND(AJ8>='Braços de IP'!$B$14,AJ8<='Braços de IP'!$D$14),'Braços de IP'!$E$14,"ERRO"))))))) -> Longo I | CY8: =IF($CX8="","",VLOOKUP($CX8,'Braços de IP'!$E$9:$I$15,2,0)) | CZ8: =IF($CX8="","",VLOOKUP($CX8,'Braços de IP'!$E$9:$I$15,5,0)) | DG8: =CQ8 -> 85 | DH8: =N8 -> 150 | DI8: =SUM(DG8:DH8)*CP8 -> 235 | DJ8: =1-DG8/DH8 -> 0.43333333 | DK8: Lucas | DN8: Sim | DQ8: =((N8+O8)-CQ8)/(N8+O8) -> #VALUE! | DS8: V4 | DT8: =COUNTIF(J:J,DS8)/3 -> 0 | DU8: =DT8/$DT$414 -> #DIV/0! | DV8: =DT8/SUM($DT$315:$DT$342) -> #DIV/0!
A9: FEITO | C9: Sim | E9: IP00974 | F9: PVP | G9: Avenida Jordano Mendes | H9: -23.333575 | I9: -46.837989 | J9: C2 | L9: P5 | M9: LED | N9: 150 | O9: Interno | P9: 10 | Q9: =N9*AH9*2 -> 300 | R9: 1 | S9: 3 | T9: 5.8 | X9: 1.2 | AB9: 3.5 | AC9: 2 | AD9: Unilateral | AE9: Braço | AF9: 36 | AG9: 7.5 | AH9: 1 | AI9: 0.35 | AJ9: 2.6 | AK9: =AJ9-AI9 -> 2.25 | AL9: - | AM9: - | AO9: =IF(AD9="Unilateral",2*AH9,IF(AD9="Bilateral Alternada",3*AH9,IF(AD9="Bilateral Frontal",4*AH9,IF(AD9="Canteiro Central",2*AH9,"erro")))) -> 2 | AV9: =IF(AP9=0,0,IF(AD9="Unilateral",2*AP9,IF(AD9="Bilateral Alternada",3*AP9,IF(AD9="Bilateral Frontal",4*AP9,IF(AD9="Canteiro Central",2*AP9,"erro"))))) -> 0 | AX9: =VLOOKUP(J9,ABNT5101!$I$3:$J$9,2) -> 20 | AY9: =VLOOKUP(J9,ABNT5101!$I$3:$M$9,5) -> 0.28 | AZ9: =_xlfn.XLOOKUP(J9,ABNT5101!I:I,ABNT5101!L:L) -> - | BA9: =_xlfn.XLOOKUP(J9,ABNT5101!$I:$I,ABNT5101!M:M) -> 0.28 | BB9: =_xlfn.XLOOKUP(J9,ABNT5101!$I:$I,ABNT5101!N:N) -> - | BC9: =_xlfn.XLOOKUP(J9,ABNT5101!$I:$I,ABNT5101!O:O) -> 14 | BD9: =IF(BN9="NÃO ATENDE","NÃO ATENDE",IF(BY9="NÃO ATENDE","NÃO ATENDE",IF(CH9="NÃO ATENDE","NÃO ATENDE","ATENDE"))) -> NÃO ATENDE | BE9: =BH9/AX9-1 -> 0.024 | BF9: =BI9/AY9-1 -> -0.28571429 | BG9: =IF($J9="M6",BJ9/AZ9-1,"-") -> - | BH9: 20.48 | BI9: 0.2 | BN9: =IF(OR(BO9="NÃO ATENDE",BP9="NÃO ATENDE",BQ9="NÃO ATENDE"),"NÃO ATENDE","ATENDE") -> NÃO ATENDE | BO9: =IF(BH9>=AX9,"ATENDE",IF(BH9>=0.99*AX9,"ATENDIMENTO LIMIAR","NÃO ATENDE")) -> ATENDE | BP9: =IF(BI9>=AY9,"ATENDE",IF(BI9>=(AY9-0.02),"ATENDIMENTO LIMIAR","NÃO ATENDE")) -> NÃO ATENDE | BQ9: =IF(AZ9="-","ATENDE",IF(BJ9>=AZ9,"ATENDE",IF(BJ9>=(AZ9-0.02),"ATENDIMENTO LIMIAR","NÃO ATENDE"))) -> ATENDE | BR9: =J9 -> C2 | BS9: =L9 -> P5 | BT9: =IF(BU9="-","-",BU9/BW9-1) -> 1.852 | BU9: 14.26 | BV9: 6.47 | BW9: =IF(BS9="-","-",_xlfn.XLOOKUP(BS9,ABNT5101!$B$4:$B$9,ABNT5101!$C$4:$C$9)) -> 5 | BX9: =IF(BS9="-","-",_xlfn.XLOOKUP(BS9,ABNT5101!$B$4:$B$9,ABNT5101!$D$4:$D$9)) -> 1 | BY9: =IF(BZ9="-","-",IF(BZ9="NÃO ATENDE","NÃO ATENDE",IF(CA9="NÃO ATENDE","NÃO ATENDE","ATENDE"))) -> ATENDE | BZ9: =IF(BS9="-","-",IF(BU9>=BW9,"ATENDE",IF(BU9>=(BW9*0.99),"ATENDIMENTO LIMIAR","NÃO ATENDE"))) -> ATENDE | CA9: =IF(BS9="-","-",IF(BV9>=BX9,"ATENDE","NÃO ATENDE")) -> ATENDE | CB9: =BS9 -> P5 | CC9: =IF(CD9="-","-",CD9/CF9-1) -> 0.468 | CD9: 7.34 | CE9: 3.58 | CF9: =IF(CB9="-","-",_xlfn.XLOOKUP(CB9,ABNT5101!$B$4:$B$9,ABNT5101!$C$4:$C$9)) -> 5 | CG9: =IF(CB9="-","-",_xlfn.XLOOKUP(CB9,ABNT5101!$B$4:$B$9,ABNT5101!$D$4:$D$9)) -> 1 | CH9: =IF(CI9="-","-",IF(CI9="NÃO ATENDE","NÃO ATENDE",IF(CJ9="NÃO ATENDE","NÃO ATENDE","ATENDE"))) -> ATENDE | CI9: =IF(CB9="-","-",IF(CD9>=(CF9),"ATENDE",IF(CD9>=(0.99*CF9),"ATENDIMENTO LIMIAR","NÃO ATENDE"))) -> ATENDE | CJ9: =IF(CB9="-","-",IF(CE9>=CG9,"ATENDE","NÃO ATENDE")) -> ATENDE | CK9: =_xlfn.XLOOKUP(CL9,'Banco de dados'!$B:$B,'Banco de dados'!$D:$D) -> SX LIGHTING | CL9: ='Banco de dados'!B59 -> SX-INLPP080HF | CM9: =_xlfn.XLOOKUP(CL9,'Banco de dados'!$B:$B,'Banco de dados'!$E:$E) -> SXINLPP080K50L12CZF7PHF | CO9: =IF(CN9="-","-",_xlfn.XLOOKUP(CN9,'Banco de dados'!$B:$B,'Banco de dados'!$E:$E)) -> #N/A | CP9: =AH9 -> 1 | CQ9: =_xlfn.XLOOKUP(CL9,'Banco de dados'!$B:$B,'Banco de dados'!$H:$H) -> 79 | CR9: {=_xludf.xlookup(CN9,'Banco de dados'!$B:$B,'Banco de dados'!$H:$H)} -> #NAME? | CS9: {=_xludf.xlookup(CL9,'Banco de dados'!$B:$B,'Banco de dados'!$F:$F)} -> #NAME? | CT9: {=_xludf.xlookup(CN9,'Banco de dados'!$B:$B,'Banco de dados'!$F:$F)} -> #NAME? | CU9: 0 | CV9: 0 | CW9: =IF(AJ9=0.5,"Suporte",IF(AND(AJ9>='Braços de IP'!$B$9,AJ9<='Braços de IP'!$D$9),'Braços de IP'!$E$9,IF(AND(AJ9>='Braços de IP'!$B$10,AJ9<='Braços de IP'!$D$10),'Braços de IP'!$E$10,IF(AND(AJ9>='Braços de IP'!$B$11,AJ9<='Braços de IP'!$D$11),'Braços de IP'!$E$11,IF(AND(AJ9>='Braços de IP'!$B$12,AJ9<='Braços de IP'!$D$12),'Braços de IP'!$E$12,IF(AND(AJ9>='Braços de IP'!$B$13,AJ9<='Braços de IP'!$D$13),'Braços de IP'!$E$13,IF(AND(AJ9>='Braços de IP'!$B$14,AJ9<='Braços de IP'!$D$14),'Braços de IP'!$E$14,"ERRO"))))))) -> Longo I | CY9: =IF($CX9="","",VLOOKUP($CX9,'Braços de IP'!$E$9:$I$15,2,0)) | CZ9: =IF($CX9="","",VLOOKUP($CX9,'Braços de IP'!$E$9:$I$15,5,0)) | DG9: =CQ9 -> 79 | DH9: =N9 -> 150 | DI9: =SUM(DG9:DH9)*CP9 -> 229 | DJ9: =1-DG9/DH9 -> 0.47333333 | DK9: Lucas | DN9: Sim | DQ9: =((N9+O9)-CQ9)/(N9+O9) -> #VALUE! | DS9: V4 | DT9: =COUNTIF(J:J,DS9)/3 -> 0 | DU9: =DT9/$DT$414 -> #DIV/0! | DV9: =DT9/SUM($DT$315:$DT$342) -> #DIV/0!
A10: FEITO | C10: Sim | E10: IP00974 | F10: PVP | G10: Avenida Jordano Mendes | H10: -23.333575 | I10: -46.837989 | J10: C2 | L10: P5 | M10: LED | N10: 150 | O10: Interno | P10: 10 | Q10: =N10*AH10*2 -> 300 | R10: 1 | S10: 3 | T10: 5.8 | X10: 1.2 | AB10: 3.5 | AC10: 2 | AD10: Unilateral | AE10: Braço | AF10: 36 | AG10: 7.5 | AH10: 1 | AI10: 0.35 | AJ10: 2.6 | AK10: =AJ10-AI10 -> 2.25 | AL10: - | AM10: - | AO10: =IF(AD10="Unilateral",2*AH10,IF(AD10="Bilateral Alternada",3*AH10,IF(AD10="Bilateral Frontal",4*AH10,IF(AD10="Canteiro Central",2*AH10,"erro")))) -> 2 | AV10: =IF(AP10=0,0,IF(AD10="Unilateral",2*AP10,IF(AD10="Bilateral Alternada",3*AP10,IF(AD10="Bilateral Frontal",4*AP10,IF(AD10="Canteiro Central",2*AP10,"erro"))))) -> 0 | AX10: =VLOOKUP(J10,ABNT5101!$I$3:$J$9,2) -> 20 | AY10: =VLOOKUP(J10,ABNT5101!$I$3:$M$9,5) -> 0.28 | AZ10: =_xlfn.XLOOKUP(J10,ABNT5101!I:I,ABNT5101!L:L) -> - | BA10: =_xlfn.XLOOKUP(J10,ABNT5101!$I:$I,ABNT5101!M:M) -> 0.28 | BB10: =_xlfn.XLOOKUP(J10,ABNT5101!$I:$I,ABNT5101!N:N) -> - | BC10: =_xlfn.XLOOKUP(J10,ABNT5101!$I:$I,ABNT5101!O:O) -> 14 | BD10: =IF(BN10="NÃO ATENDE","NÃO ATENDE",IF(BY10="NÃO ATENDE","NÃO ATENDE",IF(CH10="NÃO ATENDE","NÃO ATENDE","ATENDE"))) -> ATENDE | BE10: =BH10/AX10-1 -> 0.0605 | BF10: =BI10/AY10-1 -> 0.42857143 | BG10: =IF($J10="M6",BJ10/AZ10-1,"-") -> - | BH10: 21.21 | BI10: 0.4 | BN10: =IF(OR(BO10="NÃO ATENDE",BP10="NÃO ATENDE",BQ10="NÃO ATENDE"),"NÃO ATENDE","ATENDE") -> ATENDE | BO10: =IF(BH10>=AX10,"ATENDE",IF(BH10>=0.99*AX10,"ATENDIMENTO LIMIAR","NÃO ATENDE")) -> ATENDE | BP10: =IF(BI10>=AY10,"ATENDE",IF(BI10>=(AY10-0.02),"ATENDIMENTO LIMIAR","NÃO ATENDE")) -> ATENDE | BQ10: =IF(AZ10="-","ATENDE",IF(BJ10>=AZ10,"ATENDE",IF(BJ10>=(AZ10-0.02),"ATENDIMENTO LIMIAR","NÃO ATENDE"))) -> ATENDE | BR10: =J10 -> C2 | BS10: =L10 -> P5 | BT10: =IF(BU10="-","-",BU10/BW10-1) -> 1.286 | BU10: 11.43 | BV10: 2.96 | BW10: =IF(BS10="-","-",_xlfn.XLOOKUP(BS10,ABNT5101!$B$4:$B$9,ABNT5101!$C$4:$C$9)) -> 5 | BX10: =IF(BS10="-","-",_xlfn.XLOOKUP(BS10,ABNT5101!$B$4:$B$9,ABNT5101!$D$4:$D$9)) -> 1 | BY10: =IF(BZ10="-","-",IF(BZ10="NÃO ATENDE","NÃO ATENDE",IF(CA10="NÃO ATENDE","NÃO ATENDE","ATENDE"))) -> ATENDE | BZ10: =IF(BS10="-","-",IF(BU10>=BW10,"ATENDE",IF(BU10>=(BW10*0.99),"ATENDIMENTO LIMIAR","NÃO ATENDE"))) -> ATENDE | CA10: =IF(BS10="-","-",IF(BV10>=BX10,"ATENDE","NÃO ATENDE")) -> ATENDE | CB10: =BS10 -> P5 | CC10: =IF(CD10="-","-",CD10/CF10-1) -> 0.062 | CD10: 5.31 | CE10: 2.87 | CF10: =IF(CB10="-","-",_xlfn.XLOOKUP(CB10,ABNT5101!$B$4:$B$9,ABNT5101!$C$4:$C$9)) -> 5 | CG10: =IF(CB10="-","-",_xlfn.XLOOKUP(CB10,ABNT5101!$B$4:$B$9,ABNT5101!$D$4:$D$9)) -> 1 | CH10: =IF(CI10="-","-",IF(CI10="NÃO ATENDE","NÃO ATENDE",IF(CJ10="NÃO ATENDE","NÃO ATENDE","ATENDE"))) -> ATENDE | CI10: =IF(CB10="-","-",IF(CD10>=(CF10),"ATENDE",IF(CD10>=(0.99*CF10),"ATENDIMENTO LIMIAR","NÃO ATENDE"))) -> ATENDE | CJ10: =IF(CB10="-","-",IF(CE10>=CG10,"ATENDE","NÃO ATENDE")) -> ATENDE | CK10: =_xlfn.XLOOKUP(CL10,'Banco de dados'!$B:$B,'Banco de dados'!$D:$D) -> TECNOWATT | CL10: ='Banco de dados'!B71 -> SIGSAGPTLRRSSNDL_90W112IBBRS | CM10: =_xlfn.XLOOKUP(CL10,'Banco de dados'!$B:$B,'Banco de dados'!$E:$E) -> SIGSAGPTLRRSSNDL_90W112IBBRS 1-10C1MUN6.5 | CO10: =IF(CN10="-","-",_xlfn.XLOOKUP(CN10,'Banco de dados'!$B:$B,'Banco de dados'!$E:$E)) -> #N/A | CP10: =AH10 -> 1 | CQ10: =_xlfn.XLOOKUP(CL10,'Banco de dados'!$B:$B,'Banco de dados'!$H:$H) -> 90 | CR10: {=_xludf.xlookup(CN10,'Banco de dados'!$B:$B,'Banco de dados'!$H:$H)} -> #NAME? | CS10: {=_xludf.xlookup(CL10,'Banco de dados'!$B:$B,'Banco de dados'!$F:$F)} -> #NAME? | CT10: {=_xludf.xlookup(CN10,'Banco de dados'!$B:$B,'Banco de dados'!$F:$F)} -> #NAME? | CU10: 0 | CV10: 4 | CW10: =IF(AJ10=0.5,"Suporte",IF(AND(AJ10>='Braços de IP'!$B$9,AJ10<='Braços de IP'!$D$9),'Braços de IP'!$E$9,IF(AND(AJ10>='Braços de IP'!$B$10,AJ10<='Braços de IP'!$D$10),'Braços de IP'!$E$10,IF(AND(AJ10>='Braços de IP'!$B$11,AJ10<='Braços de IP'!$D$11),'Braços de IP'!$E$11,IF(AND(AJ10>='Braços de IP'!$B$12,AJ10<='Braços de IP'!$D$12),'Braços de IP'!$E$12,IF(AND(AJ10>='Braços de IP'!$B$13,AJ10<='Braços de IP'!$D$13),'Braços de IP'!$E$13,IF(AND(AJ10>='Braços de IP'!$B$14,AJ10<='Braços de IP'!$D$14),'Braços de IP'!$E$14,"ERRO"))))))) -> Longo I | CY10: =IF($CX10="","",VLOOKUP($CX10,'Braços de IP'!$E$9:$I$15,2,0)) | CZ10: =IF($CX10="","",VLOOKUP($CX10,'Braços de IP'!$E$9:$I$15,5,0)) | DG10: =CQ10 -> 90 | DH10: =N10 -> 150 | DI10: =SUM(DG10:DH10)*CP10 -> 240 | DJ10: =1-DG10/DH10 -> 0.4 | DK10: Lucas | DN10: Sim | DQ10: =((N10+O10)-CQ10)/(N10+O10) -> #VALUE! | DS10: V4 | DT10: =COUNTIF(J:J,DS10)/3 -> 0 | DU10: =DT10/$DT$414 -> #DIV/0! | DV10: =DT10/SUM($DT$315:$DT$342) -> #DIV/0!
A11: FEITO | C11: Sim | E11: IP01777 | F11: V | G11: Avenida Avenida Arujá | H11: -23.348773 | I11: -46.826275 | J11: C4 | L11: - | M11: LED | N11: 60 | O11: Interno | P11: - | Q11: =N11*AH11*2 -> 120 | R11: 1 | S11: - | T11: 7 | X11: - | AD11: Unilateral | AE11: Braço | AF11: 30 | AG11: 7.6 | AH11: 1 | AI11: 2.3 | AJ11: 2.6 | AK11: =AJ11-AI11 -> 0.3 | AL11: - | AM11: - | AO11: =IF(AD11="Unilateral",2*AH11,IF(AD11="Bilateral Alternada",3*AH11,IF(AD11="Bilateral Frontal",4*AH11,IF(AD11="Canteiro Central",2*AH11,"erro")))) -> 2 | AV11: =IF(AP11=0,0,IF(AD11="Unilateral",2*AP11,IF(AD11="Bilateral Alternada",3*AP11,IF(AD11="Bilateral Frontal",4*AP11,IF(AD11="Canteiro Central",2*AP11,"erro"))))) -> 0 | AX11: =VLOOKUP(J11,ABNT5101!$I$3:$J$9,2) -> 10 | AY11: =VLOOKUP(J11,ABNT5101!$I$3:$M$9,5) -> 0.18 | AZ11: =_xlfn.XLOOKUP(J11,ABNT5101!I:I,ABNT5101!L:L) -> - | BA11: =_xlfn.XLOOKUP(J11,ABNT5101!$I:$I,ABNT5101!M:M) -> 0.18 | BB11: =_xlfn.XLOOKUP(J11,ABNT5101!$I:$I,ABNT5101!N:N) -> - | BC11: =_xlfn.XLOOKUP(J11,ABNT5101!$I:$I,ABNT5101!O:O) -> 16 | BD11: =IF(BN11="NÃO ATENDE","NÃO ATENDE",IF(BY11="NÃO ATENDE","NÃO ATENDE",IF(CH11="NÃO ATENDE","NÃO ATENDE","ATENDE"))) -> ATENDE | BE11: =BH11/AX11-1 -> 0.023 | BF11: =BI11/AY11-1 -> 2.1666667 | BG11: =IF($J11="M6",BJ11/AZ11-1,"-") -> - | BH11: 10.23 | BI11: 0.57 | BN11: =IF(OR(BO11="NÃO ATENDE",BP11="NÃO ATENDE",BQ11="NÃO ATENDE"),"NÃO ATENDE","ATENDE") -> ATENDE | BO11: =IF(BH11>=AX11,"ATENDE",IF(BH11>=0.99*AX11,"ATENDIMENTO LIMIAR","NÃO ATENDE")) -> ATENDE | BP11: =IF(BI11>=AY11,"ATENDE",IF(BI11>=(AY11-0.02),"ATENDIMENTO LIMIAR","NÃO ATENDE")) -> ATENDE | BQ11: =IF(AZ11="-","ATENDE",IF(BJ11>=AZ11,"ATENDE",IF(BJ11>=(AZ11-0.02),"ATENDIMENTO LIMIAR","NÃO ATENDE"))) -> ATENDE | BR11: =J11 -> C4 | BS11: =L11 -> - | BT11: =IF(BU11="-","-",BU11/BW11-1) -> - | BU11: - | BV11: - | BW11: =IF(BS11="-","-",_xlfn.XLOOKUP(BS11,ABNT5101!$B$4:$B$9,ABNT5101!$C$4:$C$9)) -> - | BX11: =IF(BS11="-","-",_xlfn.XLOOKUP(BS11,ABNT5101!$B$4:$B$9,ABNT5101!$D$4:$D$9)) -> - | BY11: =IF(BZ11="-","-",IF(BZ11="NÃO ATENDE","NÃO ATENDE",IF(CA11="NÃO ATENDE","NÃO ATENDE","ATENDE"))) -> - | BZ11: =IF(BS11="-","-",IF(BU11>=BW11,"ATENDE",IF(BU11>=(BW11*0.99),"ATENDIMENTO LIMIAR","NÃO ATENDE"))) -> - | CA11: =IF(BS11="-","-",IF(BV11>=BX11,"ATENDE","NÃO ATENDE")) -> - | CB11: =BS11 -> - | CC11: =IF(CD11="-","-",CD11/CF11-1) -> - | CD11: - | CE11: - | CF11: =IF(CB11="-","-",_xlfn.XLOOKUP(CB11,ABNT5101!$B$4:$B$9,ABNT5101!$C$4:$C$9)) -> - | CG11: =IF(CB11="-","-",_xlfn.XLOOKUP(CB11,ABNT5101!$B$4:$B$9,ABNT5101!$D$4:$D$9)) -> - | CH11: =IF(CI11="-","-",IF(CI11="NÃO ATENDE","NÃO ATENDE",IF(CJ11="NÃO ATENDE","NÃO ATENDE","ATENDE"))) -> - | CI11: =IF(CB11="-","-",IF(CD11>=(CF11),"ATENDE",IF(CD11>=(0.99*CF11),"ATENDIMENTO LIMIAR","NÃO ATENDE"))) -> - | CJ11: =IF(CB11="-","-",IF(CE11>=CG11,"ATENDE","NÃO ATENDE")) -> - | CK11: =_xlfn.XLOOKUP(CL11,'Banco de dados'!$B:$B,'Banco de dados'!$D:$D) -> LEDSTAR | CL11: ='Banco de dados'!B6 -> SL VT 9.1 35W | CM11: =_xlfn.XLOOKUP(CL11,'Banco de dados'!$B:$B,'Banco de dados'!$E:$E) -> LUM LED SL VT 9.1 35W | CO11: =IF(CN11="-","-",_xlfn.XLOOKUP(CN11,'Banco de dados'!$B:$B,'Banco de dados'!$E:$E)) -> #N/A | CP11: =AH11 -> 1 | CQ11: =_xlfn.XLOOKUP(CL11,'Banco de dados'!$B:$B,'Banco de dados'!$H:$H) -> 35 | CR11: {=_xludf.xlookup(CN11,'Banco de dados'!$B:$B,'Banco de dados'!$H:$H)} -> #NAME? | CS11: {=_xludf.xlookup(CL11,'Banco de dados'!$B:$B,'Banco de dados'!$F:$F)} -> #NAME? | CT11: {=_xludf.xlookup(CN11,'Banco de dados'!$B:$B,'Banco de dados'!$F:$F)} -> #NAME? | CW11: =IF(AJ11=0.5,"Suporte",IF(AND(AJ11>='Braços de IP'!$B$9,AJ11<='Braços de IP'!$D$9),'Braços de IP'!$E$9,IF(AND(AJ11>='Braços de IP'!$B$10,AJ11<='Braços de IP'!$D$10),'Braços de IP'!$E$10,IF(AND(AJ11>='Braços de IP'!$B$11,AJ11<='Braços de IP'!$D$11),'Braços de IP'!$E$11,IF(AND(AJ11>='Braços de IP'!$B$12,AJ11<='Braços de IP'!$D$12),'Braços de IP'!$E$12,IF(AND(AJ11>='Braços de IP'!$B$13,AJ11<='Braços de IP'!$D$13),'Braços de IP'!$E$13,IF(AND(AJ11>='Braços de IP'!$B$14,AJ11<='Braços de IP'!$D$14),'Braços de IP'!$E$14,"ERRO"))))))) -> Longo I | CY11: =IF($CX11="","",VLOOKUP($CX11,'Braços de IP'!$E$9:$I$15,2,0)) | CZ11: =IF($CX11="","",VLOOKUP($CX11,'Braços de IP'!$E$9:$I$15,5,0)) | DG11: =CQ11 -> 35 | DH11: =N11 -> 60 | DI11: =SUM(DG11:DH11)*CP11 -> 95 | DJ11: =1-DG11/DH11 -> 0.41666667 | DN11: Sim | DQ11: =((N11+O11)-CQ11)/(N11+O11) -> #VALUE! | DS11: V4 | DT11: =COUNTIF(J:J,DS11)/3 -> 0 | DU11: =DT11/$DT$414 -> #DIV/0! | DV11: =DT11/SUM($DT$315:$DT$342) -> #DIV/0!
A12: FEITO | C12: Sim | E12: IP01777 | F12: V | G12: Avenida Avenida Arujá | H12: -23.348773 | I12: -46.826275 | J12: C4 | L12: - | M12: LED | N12: 60 | O12: Interno | P12: - | Q12: =N12*AH12*2 -> 120 | R12: 1 | S12: - | T12: 7 | X12: - | AD12: Unilateral | AE12: Braço | AF12: 30 | AG12: 7.6 | AH12: 1 | AI12: 2.3 | AJ12: 2.6 | AK12: =AJ12-AI12 -> 0.3 | AL12: - | AM12: - | AO12: =IF(AD12="Unilateral",2*AH12,IF(AD12="Bilateral Alternada",3*AH12,IF(AD12="Bilateral Frontal",4*AH12,IF(AD12="Canteiro Central",2*AH12,"erro")))) -> 2 | AV12: =IF(AP12=0,0,IF(AD12="Unilateral",2*AP12,IF(AD12="Bilateral Alternada",3*AP12,IF(AD12="Bilateral Frontal",4*AP12,IF(AD12="Canteiro Central",2*AP12,"erro"))))) -> 0 | AX12: =VLOOKUP(J12,ABNT5101!$I$3:$J$9,2) -> 10 | AY12: =VLOOKUP(J12,ABNT5101!$I$3:$M$9,5) -> 0.18 | AZ12: =_xlfn.XLOOKUP(J12,ABNT5101!I:I,ABNT5101!L:L) -> - | BA12: =_xlfn.XLOOKUP(J12,ABNT5101!$I:$I,ABNT5101!M:M) -> 0.18 | BB12: =_xlfn.XLOOKUP(J12,ABNT5101!$I:$I,ABNT5101!N:N) -> - | BC12: =_xlfn.XLOOKUP(J12,ABNT5101!$I:$I,ABNT5101!O:O) -> 16 | BD12: =IF(BN12="NÃO ATENDE","NÃO ATENDE",IF(BY12="NÃO ATENDE","NÃO ATENDE",IF(CH12="NÃO ATENDE","NÃO ATENDE","ATENDE"))) -> ATENDE | BE12: =BH12/AX12-1 -> 0.149 | BF12: =BI12/AY12-1 -> 2.8888889 | BG12: =IF($J12="M6",BJ12/AZ12-1,"-") -> - | BH12: 11.49 | BI12: 0.7 | BN12: =IF(OR(BO12="NÃO ATENDE",BP12="NÃO ATENDE",BQ12="NÃO ATENDE"),"NÃO ATENDE","ATENDE") -> ATENDE | BO12: =IF(BH12>=AX12,"ATENDE",IF(BH12>=0.99*AX12,"ATENDIMENTO LIMIAR","NÃO ATENDE")) -> ATENDE | BP12: =IF(BI12>=AY12,"ATENDE",IF(BI12>=(AY12-0.02),"ATENDIMENTO LIMIAR","NÃO ATENDE")) -> ATENDE | BQ12: =IF(AZ12="-","ATENDE",IF(BJ12>=AZ12,"ATENDE",IF(BJ12>=(AZ12-0.02),"ATENDIMENTO LIMIAR","NÃO ATENDE"))) -> ATENDE | BR12: =J12 -> C4 | BS12: =L12 -> - | BT12: =IF(BU12="-","-",BU12/BW12-1) -> - | BU12: - | BV12: - | BW12: =IF(BS12="-","-",_xlfn.XLOOKUP(BS12,ABNT5101!$B$4:$B$9,ABNT5101!$C$4:$C$9)) -> - | BX12: =IF(BS12="-","-",_xlfn.XLOOKUP(BS12,ABNT5101!$B$4:$B$9,ABNT5101!$D$4:$D$9)) -> - | BY12: =IF(BZ12="-","-",IF(BZ12="NÃO ATENDE","NÃO ATENDE",IF(CA12="NÃO ATENDE","NÃO ATENDE","ATENDE"))) -> - | BZ12: =IF(BS12="-","-",IF(BU12>=BW12,"ATENDE",IF(BU12>=(BW12*0.99),"ATENDIMENTO LIMIAR","NÃO ATENDE"))) -> - | CA12: =IF(BS12="-","-",IF(BV12>=BX12,"ATENDE","NÃO ATENDE")) -> - | CB12: =BS12 -> - | CC12: =IF(CD12="-","-",CD12/CF12-1) -> - | CD12: - | CE12: - | CF12: =IF(CB12="-","-",_xlfn.XLOOKUP(CB12,ABNT5101!$B$4:$B$9,ABNT5101!$C$4:$C$9)) -> - | CG12: =IF(CB12="-","-",_xlfn.XLOOKUP(CB12,ABNT5101!$B$4:$B$9,ABNT5101!$D$4:$D$9)) -> - | CH12: =IF(CI12="-","-",IF(CI12="NÃO ATENDE","NÃO ATENDE",IF(CJ12="NÃO ATENDE","NÃO ATENDE","ATENDE"))) -> - | CI12: =IF(CB12="-","-",IF(CD12>=(CF12),"ATENDE",IF(CD12>=(0.99*CF12),"ATENDIMENTO LIMIAR","NÃO ATENDE"))) -> - | CJ12: =IF(CB12="-","-",IF(CE12>=CG12,"ATENDE","NÃO ATENDE")) -> - | CK12: =_xlfn.XLOOKUP(CL12,'Banco de dados'!$B:$B,'Banco de dados'!$D:$D) -> SX LIGHTING | CL12: ='Banco de dados'!B55 -> SX-INEVO040HF | CM12: =_xlfn.XLOOKUP(CL12,'Banco de dados'!$B:$B,'Banco de dados'!$E:$E) -> SXINEVO040K50L12CZF7PHF | CO12: =IF(CN12="-","-",_xlfn.XLOOKUP(CN12,'Banco de dados'!$B:$B,'Banco de dados'!$E:$E)) -> #N/A | CP12: =AH12 -> 1 | CQ12: =_xlfn.XLOOKUP(CL12,'Banco de dados'!$B:$B,'Banco de dados'!$H:$H) -> 39 | CR12: {=_xludf.xlookup(CN12,'Banco de dados'!$B:$B,'Banco de dados'!$H:$H)} -> #NAME? | CS12: {=_xludf.xlookup(CL12,'Banco de dados'!$B:$B,'Banco de dados'!$F:$F)} -> #NAME? | CT12: {=_xludf.xlookup(CN12,'Banco de dados'!$B:$B,'Banco de dados'!$F:$F)} -> #NAME? | CW12: =IF(AJ12=0.5,"Suporte",IF(AND(AJ12>='Braços de IP'!$B$9,AJ12<='Braços de IP'!$D$9),'Braços de IP'!$E$9,IF(AND(AJ12>='Braços de IP'!$B$10,AJ12<='Braços de IP'!$D$10),'Braços de IP'!$E$10,IF(AND(AJ12>='Braços de IP'!$B$11,AJ12<='Braços de IP'!$D$11),'Braços de IP'!$E$11,IF(AND(AJ12>='Braços de IP'!$B$12,AJ12<='Braços de IP'!$D$12),'Braços de IP'!$E$12,IF(AND(AJ12>='Braços de IP'!$B$13,AJ12<='Braços de IP'!$D$13),'Braços de IP'!$E$13,IF(AND(AJ12>='Braços de IP'!$B$14,AJ12<='Braços de IP'!$D$14),'Braços de IP'!$E$14,"ERRO"))))))) -> Longo I | CY12: =IF($CX12="","",VLOOKUP($CX12,'Braços de IP'!$E$9:$I$15,2,0)) | CZ12: =IF($CX12="","",VLOOKUP($CX12,'Braços de IP'!$E$9:$I$15,5,0)) | DG12: =CQ12 -> 39 | DH12: =N12 -> 60 | DI12: =SUM(DG12:DH12)*CP12 -> 99 | DJ12: =1-DG12/DH12 -> 0.35 | DN12: Sim | DQ12: =((N12+O12)-CQ12)/(N12+O12) -> #VALUE! | DS12: V4 | DT12: =COUNTIF(J:J,DS12)/3 -> 0 | DU12: =DT12/$DT$414 -> #DIV/0! | DV12: =DT12/SUM($DT$315:$DT$342) -> #DIV/0!
A13: FEITO | C13: Sim | E13: IP01777 | F13: V | G13: Avenida Avenida Arujá | H13: -23.348773 | I13: -46.826275 | J13: C4 | L13: - | M13: LED | N13: 60 | O13: Interno | P13: - | Q13: =N13*AH13*2 -> 120 | R13: 1 | S13: - | T13: 7 | X13: - | AD13: Unilateral | AE13: Braço | AF13: 30 | AG13: 7.6 | AH13: 1 | AI13: 2.3 | AJ13: 2.6 | AK13: =AJ13-AI13 -> 0.3 | AL13: - | AM13: - | AO13: =IF(AD13="Unilateral",2*AH13,IF(AD13="Bilateral Alternada",3*AH13,IF(AD13="Bilateral Frontal",4*AH13,IF(AD13="Canteiro Central",2*AH13,"erro")))) -> 2 | AV13: =IF(AP13=0,0,IF(AD13="Unilateral",2*AP13,IF(AD13="Bilateral Alternada",3*AP13,IF(AD13="Bilateral Frontal",4*AP13,IF(AD13="Canteiro Central",2*AP13,"erro"))))) -> 0 | AX13: =VLOOKUP(J13,ABNT5101!$I$3:$J$9,2) -> 10 | AY13: =VLOOKUP(J13,ABNT5101!$I$3:$M$9,5) -> 0.18 | AZ13: =_xlfn.XLOOKUP(J13,ABNT5101!I:I,ABNT5101!L:L) -> - | BA13: =_xlfn.XLOOKUP(J13,ABNT5101!$I:$I,ABNT5101!M:M) -> 0.18 | BB13: =_xlfn.XLOOKUP(J13,ABNT5101!$I:$I,ABNT5101!N:N) -> - | BC13: =_xlfn.XLOOKUP(J13,ABNT5101!$I:$I,ABNT5101!O:O) -> 16 | BD13: =IF(BN13="NÃO ATENDE","NÃO ATENDE",IF(BY13="NÃO ATENDE","NÃO ATENDE",IF(CH13="NÃO ATENDE","NÃO ATENDE","ATENDE"))) -> ATENDE | BE13: =BH13/AX13-1 -> 0.296 | BF13: =BI13/AY13-1 -> 2.5 | BG13: =IF($J13="M6",BJ13/AZ13-1,"-") -> - | BH13: 12.96 | BI13: 0.63 | BN13: =IF(OR(BO13="NÃO ATENDE",BP13="NÃO ATENDE",BQ13="NÃO ATENDE"),"NÃO ATENDE","ATENDE") -> ATENDE | BO13: =IF(BH13>=AX13,"ATENDE",IF(BH13>=0.99*AX13,"ATENDIMENTO LIMIAR","NÃO ATENDE")) -> ATENDE | BP13: =IF(BI13>=AY13,"ATENDE",IF(BI13>=(AY13-0.02),"ATENDIMENTO LIMIAR","NÃO ATENDE")) -> ATENDE | BQ13: =IF(AZ13="-","ATENDE",IF(BJ13>=AZ13,"ATENDE",IF(BJ13>=(AZ13-0.02),"ATENDIMENTO LIMIAR","NÃO ATENDE"))) -> ATENDE | BR13: =J13 -> C4 | BS13: =L13 -> - | BT13: =IF(BU13="-","-",BU13/BW13-1) -> - | BU13: - | BV13: - | BW13: =IF(BS13="-","-",_xlfn.XLOOKUP(BS13,ABNT5101!$B$4:$B$9,ABNT5101!$C$4:$C$9)) -> - | BX13: =IF(BS13="-","-",_xlfn.XLOOKUP(BS13,ABNT5101!$B$4:$B$9,ABNT5101!$D$4:$D$9)) -> - | BY13: =IF(BZ13="-","-",IF(BZ13="NÃO ATENDE","NÃO ATENDE",IF(CA13="NÃO ATENDE","NÃO ATENDE","ATENDE"))) -> - | BZ13: =IF(BS13="-","-",IF(BU13>=BW13,"ATENDE",IF(BU13>=(BW13*0.99),"ATENDIMENTO LIMIAR","NÃO ATENDE"))) -> - | CA13: =IF(BS13="-","-",IF(BV13>=BX13,"ATENDE","NÃO ATENDE")) -> - | CB13: =BS13 -> - | CC13: =IF(CD13="-","-",CD13/CF13-1) -> - | CD13: - | CE13: - | CF13: =IF(CB13="-","-",_xlfn.XLOOKUP(CB13,ABNT5101!$B$4:$B$9,ABNT5101!$C$4:$C$9)) -> - | CG13: =IF(CB13="-","-",_xlfn.XLOOKUP(CB13,ABNT5101!$B$4:$B$9,ABNT5101!$D$4:$D$9)) -> - | CH13: =IF(CI13="-","-",IF(CI13="NÃO ATENDE","NÃO ATENDE",IF(CJ13="NÃO ATENDE","NÃO ATENDE","ATENDE"))) -> - | CI13: =IF(CB13="-","-",IF(CD13>=(CF13),"ATENDE",IF(CD13>=(0.99*CF13),"ATENDIMENTO LIMIAR","NÃO ATENDE"))) -> - | CJ13: =IF(CB13="-","-",IF(CE13>=CG13,"ATENDE","NÃO ATENDE")) -> - | CK13: =_xlfn.XLOOKUP(CL13,'Banco de dados'!$B:$B,'Banco de dados'!$D:$D) -> TECNOWATT | CL13: ='Banco de dados'!B66 -> SIGSAGPTLRRSSNDL_40W_50IBBRS | CM13: =_xlfn.XLOOKUP(CL13,'Banco de dados'!$B:$B,'Banco de dados'!$E:$E) -> SIGSAGPTLRRSSNDL_40W_50IBBRS 1-10C1MUN6.5 | CO13: =IF(CN13="-","-",_xlfn.XLOOKUP(CN13,'Banco de dados'!$B:$B,'Banco de dados'!$E:$E)) -> #N/A | CP13: =AH13 -> 1 | CQ13: =_xlfn.XLOOKUP(CL13,'Banco de dados'!$B:$B,'Banco de dados'!$H:$H) -> 40 | CR13: {=_xludf.xlookup(CN13,'Banco de dados'!$B:$B,'Banco de dados'!$H:$H)} -> #NAME? | CS13: {=_xludf.xlookup(CL13,'Banco de dados'!$B:$B,'Banco de dados'!$F:$F)} -> #NAME? | CT13: {=_xludf.xlookup(CN13,'Banco de dados'!$B:$B,'Banco de dados'!$F:$F)} -> #NAME? | CW13: =IF(AJ13=0.5,"Suporte",IF(AND(AJ13>='Braços de IP'!$B$9,AJ13<='Braços de IP'!$D$9),'Braços de IP'!$E$9,IF(AND(AJ13>='Braços de IP'!$B$10,AJ13<='Braços de IP'!$D$10),'Braços de IP'!$E$10,IF(AND(AJ13>='Braços de IP'!$B$11,AJ13<='Braços de IP'!$D$11),'Braços de IP'!$E$11,IF(AND(AJ13>='Braços de IP'!$B$12,AJ13<='Braços de IP'!$D$12),'Braços de IP'!$E$12,IF(AND(AJ13>='Braços de IP'!$B$13,AJ13<='Braços de IP'!$D$13),'Braços de IP'!$E$13,IF(AND(AJ13>='Braços de IP'!$B$14,AJ13<='Braços de IP'!$D$14),'Braços de IP'!$E$14,"ERRO"))))))) -> Longo I | CY13: =IF($CX13="","",VLOOKUP($CX13,'Braços de IP'!$E$9:$I$15,2,0)) | CZ13: =IF($CX13="","",VLOOKUP($CX13,'Braços de IP'!$E$9:$I$15,5,0)) | DG13: =CQ13 -> 40 | DH13: =N13 -> 60 | DI13: =SUM(DG13:DH13)*CP13 -> 100 | DJ13: =1-DG13/DH13 -> 0.33333333 | DN13: Sim | DQ13: =((N13+O13)-CQ13)/(N13+O13) -> #VALUE! | DS13: V4 | DT13: =COUNTIF(J:J,DS13)/3 -> 0 | DU13: =DT13/$DT$414 -> #DIV/0! | DV13: =DT13/SUM($DT$315:$DT$342) -> #DIV/0!
E14: IP04232 | F14: V | G14: Rua Belo Horizonte | H14: -23.290765 | I14: -46.882788 | J14: C5 | L14: Sem Passeio | M14: LED | N14: 58 | O14: Interno | P14: - | Q14: =N14*AH14*2 -> 116 | R14: 1 | S14: - | T14: 7 | X14: - | AD14: Unilateral | AE14: Braço | AF14: 29.6 | AG14: 7.5 | AH14: 1 | AI14: 0.4 | AJ14: 2.6 | AK14: =AJ14-AI14 -> 2.2 | AL14: - | AM14: - | AO14: =IF(AD14="Unilateral",2*AH14,IF(AD14="Bilateral Alternada",3*AH14,IF(AD14="Bilateral Frontal",4*AH14,IF(AD14="Canteiro Central",2*AH14,"erro")))) -> 2 | AV14: =IF(AP14=0,0,IF(AD14="Unilateral",2*AP14,IF(AD14="Bilateral Alternada",3*AP14,IF(AD14="Bilateral Frontal",4*AP14,IF(AD14="Canteiro Central",2*AP14,"erro"))))) -> 0 | AX14: =VLOOKUP(J14,ABNT5101!$I$3:$J$9,2) -> 7.5 | AY14: =VLOOKUP(J14,ABNT5101!$I$3:$M$9,5) -> 0.18 | AZ14: =_xlfn.XLOOKUP(J14,ABNT5101!I:I,ABNT5101!L:L) -> - | BA14: =_xlfn.XLOOKUP(J14,ABNT5101!$I:$I,ABNT5101!M:M) -> 0.18 | BB14: =_xlfn.XLOOKUP(J14,ABNT5101!$I:$I,ABNT5101!N:N) -> - | BC14: =_xlfn.XLOOKUP(J14,ABNT5101!$I:$I,ABNT5101!O:O) -> 16 | BD14: =IF(BN14="NÃO ATENDE","NÃO ATENDE",IF(BY14="NÃO ATENDE","NÃO ATENDE",IF(CH14="NÃO ATENDE","NÃO ATENDE","ATENDE"))) -> NÃO ATENDE | BE14: =BH14/AX14-1 -> -1 | BF14: =BI14/AY14-1 -> -1 | BG14: =IF($J14="M6",BJ14/AZ14-1,"-") -> - | BN14: =IF(OR(BO14="NÃO ATENDE",BP14="NÃO ATENDE",BQ14="NÃO ATENDE"),"NÃO ATENDE","ATENDE") -> NÃO ATENDE | BO14: =IF(BH14>=AX14,"ATENDE",IF(BH14>=0.99*AX14,"ATENDIMENTO LIMIAR","NÃO ATENDE")) -> NÃO ATENDE | BP14: =IF(BI14>=AY14,"ATENDE",IF(BI14>=(AY14-0.02),"ATENDIMENTO LIMIAR","NÃO ATENDE")) -> NÃO ATENDE | BQ14: =IF(AZ14="-","ATENDE",IF(BJ14>=AZ14,"ATENDE",IF(BJ14>=(AZ14-0.02),"ATENDIMENTO LIMIAR","NÃO ATENDE"))) -> ATENDE | BR14: =J14 -> C5 | BS14: =L14 -> Sem Passeio | BT14: =IF(BU14="-","-",BU14/BW14-1) -> #N/A | BW14: =IF(BS14="-","-",_xlfn.XLOOKUP(BS14,ABNT5101!$B$4:$B$9,ABNT5101!$C$4:$C$9)) -> #N/A | BX14: =IF(BS14="-","-",_xlfn.XLOOKUP(BS14,ABNT5101!$B$4:$B$9,ABNT5101!$D$4:$D$9)) -> #N/A | BY14: =IF(BZ14="-","-",IF(BZ14="NÃO ATENDE","NÃO ATENDE",IF(CA14="NÃO ATENDE","NÃO ATENDE","ATENDE"))) -> #N/A | BZ14: =IF(BS14="-","-",IF(BU14>=BW14,"ATENDE",IF(BU14>=(BW14*0.99),"ATENDIMENTO LIMIAR","NÃO ATENDE"))) -> #N/A | CA14: =IF(BS14="-","-",IF(BV14>=BX14,"ATENDE","NÃO ATENDE")) -> #N/A | CB14: =BS14 -> Sem Passeio | CC14: =IF(CD14="-","-",CD14/CF14-1) -> #N/A | CF14: =IF(CB14="-","-",_xlfn.XLOOKUP(CB14,ABNT5101!$B$4:$B$9,ABNT5101!$C$4:$C$9)) -> #N/A | CG14: =IF(CB14="-","-",_xlfn.XLOOKUP(CB14,ABNT5101!$B$4:$B$9,ABNT5101!$D$4:$D$9)) -> #N/A | CH14: =IF(CI14="-","-",IF(CI14="NÃO ATENDE","NÃO ATENDE",IF(CJ14="NÃO ATENDE","NÃO ATENDE","ATENDE"))) -> #N/A | CI14: =IF(CB14="-","-",IF(CD14>=(CF14),"ATENDE",IF(CD14>=(0.99*CF14),"ATENDIMENTO LIMIAR","NÃO ATENDE"))) -> #N/A | CJ14: =IF(CB14="-","-",IF(CE14>=CG14,"ATENDE","NÃO ATENDE")) -> #N/A | CK14: =_xlfn.XLOOKUP(CL14,'Banco de dados'!$B:$B,'Banco de dados'!$D:$D) -> #N/A | CM14: =_xlfn.XLOOKUP(CL14,'Banco de dados'!$B:$B,'Banco de dados'!$E:$E) -> #N/A | CO14: =IF(CN14="-","-",_xlfn.XLOOKUP(CN14,'Banco de dados'!$B:$B,'Banco de dados'!$E:$E)) -> #N/A | CP14: =AH14 -> 1 | CQ14: =_xlfn.XLOOKUP(CL14,'Banco de dados'!$B:$B,'Banco de dados'!$H:$H) -> #N/A | CR14: {=_xludf.xlookup(CN14,'Banco de dados'!$B:$B,'Banco de dados'!$H:$H)} -> #NAME? | CS14: {=_xludf.xlookup(CL14,'Banco de dados'!$B:$B,'Banco de dados'!$F:$F)} -> #NAME? | CT14: {=_xludf.xlookup(CN14,'Banco de dados'!$B:$B,'Banco de dados'!$F:$F)} -> #NAME? | CW14: =IF(AJ14=0.5,"Suporte",IF(AND(AJ14>='Braços de IP'!$B$9,AJ14<='Braços de IP'!$D$9),'Braços de IP'!$E$9,IF(AND(AJ14>='Braços de IP'!$B$10,AJ14<='Braços de IP'!$D$10),'Braços de IP'!$E$10,IF(AND(AJ14>='Braços de IP'!$B$11,AJ14<='Braços de IP'!$D$11),'Braços de IP'!$E$11,IF(AND(AJ14>='Braços de IP'!$B$12,AJ14<='Braços de IP'!$D$12),'Braços de IP'!$E$12,IF(AND(AJ14>='Braços de IP'!$B$13,AJ14<='Braços de IP'!$D$13),'Braços de IP'!$E$13,IF(AND(AJ14>='Braços de IP'!$B$14,AJ14<='Braços de IP'!$D$14),'Braços de IP'!$E$14,"ERRO"))))))) -> Longo I | CY14: =IF($CX14="","",VLOOKUP($CX14,'Braços de IP'!$E$9:$I$15,2,0)) | CZ14: =IF($CX14="","",VLOOKUP($CX14,'Braços de IP'!$E$9:$I$15,5,0)) | DG14: =CQ14 -> #N/A | DH14: =N14 -> 58 | DI14: =SUM(DG14:DH14)*CP14 -> #N/A | DJ14: =1-DG14/DH14 -> #N/A | DN14: Sim | DQ14: =((N14+O14)-CQ14)/(N14+O14) -> #VALUE! | DS14: V4 | DT14: =COUNTIF(J:J,DS14)/3 -> 0 | DU14: =DT14/$DT$414 -> #DIV/0! | DV14: =DT14/SUM($DT$315:$DT$342) -> #DIV/0!
E15: IP04232 | F15: V | G15: Rua Belo Horizonte | H15: -23.290765 | I15: -46.882788 | J15: C5 | L15: Sem Passeio | M15: LED | N15: 58 | O15: Interno | P15: - | Q15: =N15*AH15*2 -> 116 | R15: 1 | S15: - | T15: 7 | X15: - | AD15: Unilateral | AE15: Braço | AF15: 29.6 | AG15: 7.5 | AH15: 1 | AI15: 0.4 | AJ15: 2.6 | AK15: =AJ15-AI15 -> 2.2 | AL15: - | AM15: - | AO15: =IF(AD15="Unilateral",2*AH15,IF(AD15="Bilateral Alternada",3*AH15,IF(AD15="Bilateral Frontal",4*AH15,IF(AD15="Canteiro Central",2*AH15,"erro")))) -> 2 | AV15: =IF(AP15=0,0,IF(AD15="Unilateral",2*AP15,IF(AD15="Bilateral Alternada",3*AP15,IF(AD15="Bilateral Frontal",4*AP15,IF(AD15="Canteiro Central",2*AP15,"erro"))))) -> 0 | AX15: =VLOOKUP(J15,ABNT5101!$I$3:$J$9,2) -> 7.5 | AY15: =VLOOKUP(J15,ABNT5101!$I$3:$M$9,5) -> 0.18 | AZ15: =_xlfn.XLOOKUP(J15,ABNT5101!I:I,ABNT5101!L:L) -> - | BA15: =_xlfn.XLOOKUP(J15,ABNT5101!$I:$I,ABNT5101!M:M) -> 0.18 | BB15: =_xlfn.XLOOKUP(J15,ABNT5101!$I:$I,ABNT5101!N:N) -> - | BC15: =_xlfn.XLOOKUP(J15,ABNT5101!$I:$I,ABNT5101!O:O) -> 16 | BD15: =IF(BN15="NÃO ATENDE","NÃO ATENDE",IF(BY15="NÃO ATENDE","NÃO ATENDE",IF(CH15="NÃO ATENDE","NÃO ATENDE","ATENDE"))) -> NÃO ATENDE | BE15: =BH15/AX15-1 -> -1 | BF15: =BI15/AY15-1 -> -1 | BG15: =IF($J15="M6",BJ15/AZ15-1,"-") -> - | BN15: =IF(OR(BO15="NÃO ATENDE",BP15="NÃO ATENDE",BQ15="NÃO ATENDE"),"NÃO ATENDE","ATENDE") -> NÃO ATENDE | BO15: =IF(BH15>=AX15,"ATENDE",IF(BH15>=0.99*AX15,"ATENDIMENTO LIMIAR","NÃO ATENDE")) -> NÃO ATENDE | BP15: =IF(BI15>=AY15,"ATENDE",IF(BI15>=(AY15-0.02),"ATENDIMENTO LIMIAR","NÃO ATENDE")) -> NÃO ATENDE | BQ15: =IF(AZ15="-","ATENDE",IF(BJ15>=AZ15,"ATENDE",IF(BJ15>=(AZ15-0.02),"ATENDIMENTO LIMIAR","NÃO ATENDE"))) -> ATENDE | BR15: =J15 -> C5 | BS15: =L15 -> Sem Passeio | BT15: =IF(BU15="-","-",BU15/BW15-1) -> #N/A | BW15: =IF(BS15="-","-",_xlfn.XLOOKUP(BS15,ABNT5101!$B$4:$B$9,ABNT5101!$C$4:$C$9)) -> #N/A | BX15: =IF(BS15="-","-",_xlfn.XLOOKUP(BS15,ABNT5101!$B$4:$B$9,ABNT5101!$D$4:$D$9)) -> #N/A | BY15: =IF(BZ15="-","-",IF(BZ15="NÃO ATENDE","NÃO ATENDE",IF(CA15="NÃO ATENDE","NÃO ATENDE","ATENDE"))) -> #N/A | BZ15: =IF(BS15="-","-",IF(BU15>=BW15,"ATENDE",IF(BU15>=(BW15*0.99),"ATENDIMENTO LIMIAR","NÃO ATENDE"))) -> #N/A | CA15: =IF(BS15="-","-",IF(BV15>=BX15,"ATENDE","NÃO ATENDE")) -> #N/A | CB15: =BS15 -> Sem Passeio | CC15: =IF(CD15="-","-",CD15/CF15-1) -> #N/A | CF15: =IF(CB15="-","-",_xlfn.XLOOKUP(CB15,ABNT5101!$B$4:$B$9,ABNT5101!$C$4:$C$9)) -> #N/A | CG15: =IF(CB15="-","-",_xlfn.XLOOKUP(CB15,ABNT5101!$B$4:$B$9,ABNT5101!$D$4:$D$9)) -> #N/A | CH15: =IF(CI15="-","-",IF(CI15="NÃO ATENDE","NÃO ATENDE",IF(CJ15="NÃO ATENDE","NÃO ATENDE","ATENDE"))) -> #N/A | CI15: =IF(CB15="-","-",IF(CD15>=(CF15),"ATENDE",IF(CD15>=(0.99*CF15),"ATENDIMENTO LIMIAR","NÃO ATENDE"))) -> #N/A | CJ15: =IF(CB15="-","-",IF(CE15>=CG15,"ATENDE","NÃO ATENDE")) -> #N/A | CK15: =_xlfn.XLOOKUP(CL15,'Banco de dados'!$B:$B,'Banco de dados'!$D:$D) -> #N/A | CM15: =_xlfn.XLOOKUP(CL15,'Banco de dados'!$B:$B,'Banco de dados'!$E:$E) -> #N/A | CO15: =IF(CN15="-","-",_xlfn.XLOOKUP(CN15,'Banco de dados'!$B:$B,'Banco de dados'!$E:$E)) -> #N/A | CP15: =AH15 -> 1 | CQ15: =_xlfn.XLOOKUP(CL15,'Banco de dados'!$B:$B,'Banco de dados'!$H:$H) -> #N/A | CR15: {=_xludf.xlookup(CN15,'Banco de dados'!$B:$B,'Banco de dados'!$H:$H)} -> #NAME? | CS15: {=_xludf.xlookup(CL15,'Banco de dados'!$B:$B,'Banco de dados'!$F:$F)} -> #NAME? | CT15: {=_xludf.xlookup(CN15,'Banco de dados'!$B:$B,'Banco de dados'!$F:$F)} -> #NAME? | CW15: =IF(AJ15=0.5,"Suporte",IF(AND(AJ15>='Braços de IP'!$B$9,AJ15<='Braços de IP'!$D$9),'Braços de IP'!$E$9,IF(AND(AJ15>='Braços de IP'!$B$10,AJ15<='Braços de IP'!$D$10),'Braços de IP'!$E$10,IF(AND(AJ15>='Braços de IP'!$B$11,AJ15<='Braços de IP'!$D$11),'Braços de IP'!$E$11,IF(AND(AJ15>='Braços de IP'!$B$12,AJ15<='Braços de IP'!$D$12),'Braços de IP'!$E$12,IF(AND(AJ15>='Braços de IP'!$B$13,AJ15<='Braços de IP'!$D$13),'Braços de IP'!$E$13,IF(AND(AJ15>='Braços de IP'!$B$14,AJ15<='Braços de IP'!$D$14),'Braços de IP'!$E$14,"ERRO"))))))) -> Longo I | CY15: =IF($CX15="","",VLOOKUP($CX15,'Braços de IP'!$E$9:$I$15,2,0)) | CZ15: =IF($CX15="","",VLOOKUP($CX15,'Braços de IP'!$E$9:$I$15,5,0)) | DG15: =CQ15 -> #N/A | DH15: =N15 -> 58 | DI15: =SUM(DG15:DH15)*CP15 -> #N/A | DJ15: =1-DG15/DH15 -> #N/A | DN15: Sim | DQ15: =((N15+O15)-CQ15)/(N15+O15) -> #VALUE! | DS15: V4 | DT15: =COUNTIF(J:J,DS15)/3 -> 0 | DU15: =DT15/$DT$414 -> #DIV/0! | DV15: =DT15/SUM($DT$315:$DT$342) -> #DIV/0!
E16: IP04232 | F16: V | G16: Rua Belo Horizonte | H16: -23.290765 | I16: -46.882788 | J16: C5 | L16: Sem Passeio | M16: LED | N16: 58 | O16: Interno | P16: - | Q16: =N16*AH16*2 -> 116 | R16: 1 | S16: - | T16: 7 | X16: - | AD16: Unilateral | AE16: Braço | AF16: 29.6 | AG16: 7.5 | AH16: 1 | AI16: 0.4 | AJ16: 2.6 | AK16: =AJ16-AI16 -> 2.2 | AL16: - | AM16: - | AO16: =IF(AD16="Unilateral",2*AH16,IF(AD16="Bilateral Alternada",3*AH16,IF(AD16="Bilateral Frontal",4*AH16,IF(AD16="Canteiro Central",2*AH16,"erro")))) -> 2 | AV16: =IF(AP16=0,0,IF(AD16="Unilateral",2*AP16,IF(AD16="Bilateral Alternada",3*AP16,IF(AD16="Bilateral Frontal",4*AP16,IF(AD16="Canteiro Central",2*AP16,"erro"))))) -> 0 | AX16: =VLOOKUP(J16,ABNT5101!$I$3:$J$9,2) -> 7.5 | AY16: =VLOOKUP(J16,ABNT5101!$I$3:$M$9,5) -> 0.18 | AZ16: =_xlfn.XLOOKUP(J16,ABNT5101!I:I,ABNT5101!L:L) -> - | BA16: =_xlfn.XLOOKUP(J16,ABNT5101!$I:$I,ABNT5101!M:M) -> 0.18 | BB16: =_xlfn.XLOOKUP(J16,ABNT5101!$I:$I,ABNT5101!N:N) -> - | BC16: =_xlfn.XLOOKUP(J16,ABNT5101!$I:$I,ABNT5101!O:O) -> 16 | BD16: =IF(BN16="NÃO ATENDE","NÃO ATENDE",IF(BY16="NÃO ATENDE","NÃO ATENDE",IF(CH16="NÃO ATENDE","NÃO ATENDE","ATENDE"))) -> NÃO ATENDE | BE16: =BH16/AX16-1 -> -1 | BF16: =BI16/AY16-1 -> -1 | BG16: =IF($J16="M6",BJ16/AZ16-1,"-") -> - | BN16: =IF(OR(BO16="NÃO ATENDE",BP16="NÃO ATENDE",BQ16="NÃO ATENDE"),"NÃO ATENDE","ATENDE") -> NÃO ATENDE | BO16: =IF(BH16>=AX16,"ATENDE",IF(BH16>=0.99*AX16,"ATENDIMENTO LIMIAR","NÃO ATENDE")) -> NÃO ATENDE | BP16: =IF(BI16>=AY16,"ATENDE",IF(BI16>=(AY16-0.02),"ATENDIMENTO LIMIAR","NÃO ATENDE")) -> NÃO ATENDE | BQ16: =IF(AZ16="-","ATENDE",IF(BJ16>=AZ16,"ATENDE",IF(BJ16>=(AZ16-0.02),"ATENDIMENTO LIMIAR","NÃO ATENDE"))) -> ATENDE | BR16: =J16 -> C5 | BS16: =L16 -> Sem Passeio | BT16: =IF(BU16="-","-",BU16/BW16-1) -> #N/A | BW16: =IF(BS16="-","-",_xlfn.XLOOKUP(BS16,ABNT5101!$B$4:$B$9,ABNT5101!$C$4:$C$9)) -> #N/A | BX16: =IF(BS16="-","-",_xlfn.XLOOKUP(BS16,ABNT5101!$B$4:$B$9,ABNT5101!$D$4:$D$9)) -> #N/A | BY16: =IF(BZ16="-","-",IF(BZ16="NÃO ATENDE","NÃO ATENDE",IF(CA16="NÃO ATENDE","NÃO ATENDE","ATENDE"))) -> #N/A | BZ16: =IF(BS16="-","-",IF(BU16>=BW16,"ATENDE",IF(BU16>=(BW16*0.99),"ATENDIMENTO LIMIAR","NÃO ATENDE"))) -> #N/A | CA16: =IF(BS16="-","-",IF(BV16>=BX16,"ATENDE","NÃO ATENDE")) -> #N/A | CB16: =BS16 -> Sem Passeio | CC16: =IF(CD16="-","-",CD16/CF16-1) -> #N/A | CF16: =IF(CB16="-","-",_xlfn.XLOOKUP(CB16,ABNT5101!$B$4:$B$9,ABNT5101!$C$4:$C$9)) -> #N/A | CG16: =IF(CB16="-","-",_xlfn.XLOOKUP(CB16,ABNT5101!$B$4:$B$9,ABNT5101!$D$4:$D$9)) -> #N/A | CH16: =IF(CI16="-","-",IF(CI16="NÃO ATENDE","NÃO ATENDE",IF(CJ16="NÃO ATENDE","NÃO ATENDE","ATENDE"))) -> #N/A | CI16: =IF(CB16="-","-",IF(CD16>=(CF16),"ATENDE",IF(CD16>=(0.99*CF16),"ATENDIMENTO LIMIAR","NÃO ATENDE"))) -> #N/A | CJ16: =IF(CB16="-","-",IF(CE16>=CG16,"ATENDE","NÃO ATENDE")) -> #N/A | CK16: =_xlfn.XLOOKUP(CL16,'Banco de dados'!$B:$B,'Banco de dados'!$D:$D) -> #N/A | CM16: =_xlfn.XLOOKUP(CL16,'Banco de dados'!$B:$B,'Banco de dados'!$E:$E) -> #N/A | CO16: =IF(CN16="-","-",_xlfn.XLOOKUP(CN16,'Banco de dados'!$B:$B,'Banco de dados'!$E:$E)) -> #N/A | CP16: =AH16 -> 1 | CQ16: =_xlfn.XLOOKUP(CL16,'Banco de dados'!$B:$B,'Banco de dados'!$H:$H) -> #N/A | CR16: {=_xludf.xlookup(CN16,'Banco de dados'!$B:$B,'Banco de dados'!$H:$H)} -> #NAME? | CS16: {=_xludf.xlookup(CL16,'Banco de dados'!$B:$B,'Banco de dados'!$F:$F)} -> #NAME? | CT16: {=_xludf.xlookup(CN16,'Banco de dados'!$B:$B,'Banco de dados'!$F:$F)} -> #NAME? | CW16: =IF(AJ16=0.5,"Suporte",IF(AND(AJ16>='Braços de IP'!$B$9,AJ16<='Braços de IP'!$D$9),'Braços de IP'!$E$9,IF(AND(AJ16>='Braços de IP'!$B$10,AJ16<='Braços de IP'!$D$10),'Braços de IP'!$E$10,IF(AND(AJ16>='Braços de IP'!$B$11,AJ16<='Braços de IP'!$D$11),'Braços de IP'!$E$11,IF(AND(AJ16>='Braços de IP'!$B$12,AJ16<='Braços de IP'!$D$12),'Braços de IP'!$E$12,IF(AND(AJ16>='Braços de IP'!$B$13,AJ16<='Braços de IP'!$D$13),'Braços de IP'!$E$13,IF(AND(AJ16>='Braços de IP'!$B$14,AJ16<='Braços de IP'!$D$14),'Braços de IP'!$E$14,"ERRO"))))))) -> Longo I | CY16: =IF($CX16="","",VLOOKUP($CX16,'Braços de IP'!$E$9:$I$15,2,0)) | CZ16: =IF($CX16="","",VLOOKUP($CX16,'Braços de IP'!$E$9:$I$15,5,0)) | DG16: =CQ16 -> #N/A | DH16: =N16 -> 58 | DI16: =SUM(DG16:DH16)*CP16 -> #N/A | DJ16: =1-DG16/DH16 -> #N/A | DN16: Sim | DQ16: =((N16+O16)-CQ16)/(N16+O16) -> #VALUE! | DS16: V4 | DT16: =COUNTIF(J:J,DS16)/3 -> 0 | DU16: =DT16/$DT$414 -> #DIV/0! | DV16: =DT16/SUM($DT$315:$DT$342) -> #DIV/0!
A17: FEITO | C17: Sim | E17: IP06568 | F17: PV | G17: Rua Pajé | H17: -23.412866 | I17: -46.865015 | J17: C4 | L17: P6 | M17: LED | N17: 58 | O17: Interno | P17: - | Q17: =N17*AH17*2 -> 116 | R17: 1 | S17: 1.7 | T17: 5.5 | X17: - | AD17: Unilateral | AE17: Braço | AF17: 27.5 | AG17: 7,40 | AH17: 1 | AI17: 0.4 | AJ17: 2.2 | AK17: =AJ17-AI17 -> 1.8 | AL17: - | AM17: - | AO17: =IF(AD17="Unilateral",2*AH17,IF(AD17="Bilateral Alternada",3*AH17,IF(AD17="Bilateral Frontal",4*AH17,IF(AD17="Canteiro Central",2*AH17,"erro")))) -> 2 | AV17: =IF(AP17=0,0,IF(AD17="Unilateral",2*AP17,IF(AD17="Bilateral Alternada",3*AP17,IF(AD17="Bilateral Frontal",4*AP17,IF(AD17="Canteiro Central",2*AP17,"erro"))))) -> 0 | AX17: =VLOOKUP(J17,ABNT5101!$I$3:$J$9,2) -> 10 | AY17: =VLOOKUP(J17,ABNT5101!$I$3:$M$9,5) -> 0.18 | AZ17: =_xlfn.XLOOKUP(J17,ABNT5101!I:I,ABNT5101!L:L) -> - | BA17: =_xlfn.XLOOKUP(J17,ABNT5101!$I:$I,ABNT5101!M:M) -> 0.18 | BB17: =_xlfn.XLOOKUP(J17,ABNT5101!$I:$I,ABNT5101!N:N) -> - | BC17: =_xlfn.XLOOKUP(J17,ABNT5101!$I:$I,ABNT5101!O:O) -> 16 | BD17: =IF(BN17="NÃO ATENDE","NÃO ATENDE",IF(BY17="NÃO ATENDE","NÃO ATENDE",IF(CH17="NÃO ATENDE","NÃO ATENDE","ATENDE"))) -> ATENDE | BE17: =BH17/AX17-1 -> 0.198 | BF17: =BI17/AY17-1 -> 2.1111111 | BG17: =IF($J17="M6",BJ17/AZ17-1,"-") -> - | BH17: 11.98 | BI17: 0.56 | BN17: =IF(OR(BO17="NÃO ATENDE",BP17="NÃO ATENDE",BQ17="NÃO ATENDE"),"NÃO ATENDE","ATENDE") -> ATENDE | BO17: =IF(BH17>=AX17,"ATENDE",IF(BH17>=0.99*AX17,"ATENDIMENTO LIMIAR","NÃO ATENDE")) -> ATENDE | BP17: =IF(BI17>=AY17,"ATENDE",IF(BI17>=(AY17-0.02),"ATENDIMENTO LIMIAR","NÃO ATENDE")) -> ATENDE | BQ17: =IF(AZ17="-","ATENDE",IF(BJ17>=AZ17,"ATENDE",IF(BJ17>=(AZ17-0.02),"ATENDIMENTO LIMIAR","NÃO ATENDE"))) -> ATENDE | BR17: =J17 -> C4 | BS17: =L17 -> P6 | BT17: =IF(BU17="-","-",BU17/BW17-1) -> 1.9066667 | BU17: 8.72 | BV17: 5.1 | BW17: =IF(BS17="-","-",_xlfn.XLOOKUP(BS17,ABNT5101!$B$4:$B$9,ABNT5101!$C$4:$C$9)) -> 3 | BX17: =IF(BS17="-","-",_xlfn.XLOOKUP(BS17,ABNT5101!$B$4:$B$9,ABNT5101!$D$4:$D$9)) -> 0.6 | BY17: =IF(BZ17="-","-",IF(BZ17="NÃO ATENDE","NÃO ATENDE",IF(CA17="NÃO ATENDE","NÃO ATENDE","ATENDE"))) -> ATENDE | BZ17: =IF(BS17="-","-",IF(BU17>=BW17,"ATENDE",IF(BU17>=(BW17*0.99),"ATENDIMENTO LIMIAR","NÃO ATENDE"))) -> ATENDE | CA17: =IF(BS17="-","-",IF(BV17>=BX17,"ATENDE","NÃO ATENDE")) -> ATENDE | CB17: =BS17 -> P6 | CC17: =IF(CD17="-","-",CD17/CF17-1) -> - | CD17: - | CE17: - | CF17: =IF(CB17="-","-",_xlfn.XLOOKUP(CB17,ABNT5101!$B$4:$B$9,ABNT5101!$C$4:$C$9)) -> 3 | CG17: =IF(CB17="-","-",_xlfn.XLOOKUP(CB17,ABNT5101!$B$4:$B$9,ABNT5101!$D$4:$D$9)) -> 0.6 | CH17: =IF(CI17="-","-",IF(CI17="NÃO ATENDE","NÃO ATENDE",IF(CJ17="NÃO ATENDE","NÃO ATENDE","ATENDE"))) -> ATENDE | CI17: =IF(CB17="-","-",IF(CD17>=(CF17),"ATENDE",IF(CD17>=(0.99*CF17),"ATENDIMENTO LIMIAR","NÃO ATENDE"))) -> ATENDE | CJ17: =IF(CB17="-","-",IF(CE17>=CG17,"ATENDE","NÃO ATENDE")) -> ATENDE | CK17: =_xlfn.XLOOKUP(CL17,'Banco de dados'!$B:$B,'Banco de dados'!$D:$D) -> LEDSTAR | CL17: ='Banco de dados'!B6 -> SL VT 9.1 35W | CM17: =_xlfn.XLOOKUP(CL17,'Banco de dados'!$B:$B,'Banco de dados'!$E:$E) -> LUM LED SL VT 9.1 35W | CN17: - | CO17: =IF(CN17="-","-",_xlfn.XLOOKUP(CN17,'Banco de dados'!$B:$B,'Banco de dados'!$E:$E)) -> - | CP17: =AH17 -> 1 | CQ17: =_xlfn.XLOOKUP(CL17,'Banco de dados'!$B:$B,'Banco de dados'!$H:$H) -> 35 | CR17: {=_xludf.xlookup(CN17,'Banco de dados'!$B:$B,'Banco de dados'!$H:$H)} -> #NAME? | CS17: {=_xludf.xlookup(CL17,'Banco de dados'!$B:$B,'Banco de dados'!$F:$F)} -> #NAME? | CT17: {=_xludf.xlookup(CN17,'Banco de dados'!$B:$B,'Banco de dados'!$F:$F)} -> #NAME? | CW17: =IF(AJ17=0.5,"Suporte",IF(AND(AJ17>='Braços de IP'!$B$9,AJ17<='Braços de IP'!$D$9),'Braços de IP'!$E$9,IF(AND(AJ17>='Braços de IP'!$B$10,AJ17<='Braços de IP'!$D$10),'Braços de IP'!$E$10,IF(AND(AJ17>='Braços de IP'!$B$11,AJ17<='Braços de IP'!$D$11),'Braços de IP'!$E$11,IF(AND(AJ17>='Braços de IP'!$B$12,AJ17<='Braços de IP'!$D$12),'Braços de IP'!$E$12,IF(AND(AJ17>='Braços de IP'!$B$13,AJ17<='Braços de IP'!$D$13),'Braços de IP'!$E$13,IF(AND(AJ17>='Braços de IP'!$B$14,AJ17<='Braços de IP'!$D$14),'Braços de IP'!$E$14,"ERRO"))))))) -> Médio I | CY17: =IF($CX17="","",VLOOKUP($CX17,'Braços de IP'!$E$9:$I$15,2,0)) | CZ17: =IF($CX17="","",VLOOKUP($CX17,'Braços de IP'!$E$9:$I$15,5,0)) | DG17: =CQ17 -> 35 | DH17: =N17 -> 58 | DI17: =SUM(DG17:DH17)*CP17 -> 93 | DJ17: =1-DG17/DH17 -> 0.39655172 | DN17: Sim | DQ17: =((N17+O17)-CQ17)/(N17+O17) -> #VALUE! | DS17: V4 | DT17: =COUNTIF(J:J,DS17)/3 -> 0 | DU17: =DT17/$DT$414 -> #DIV/0! | DV17: =DT17/SUM($DT$315:$DT$342) -> #DIV/0!
A18: FEITO | C18: Sim | E18: IP06568 | F18: PV | G18: Rua Pajé | H18: -23.412866 | I18: -46.865015 | J18: C4 | L18: P6 | M18: LED | N18: 58 | O18: Interno | P18: - | Q18: =N18*AH18*2 -> 116 | R18: 1 | S18: 1.7 | T18: 5.5 | X18: - | AD18: Unilateral | AE18: Braço | AF18: 27.5 | AG18: 7,40 | AH18: 1 | AI18: 0.4 | AJ18: 2.2 | AK18: =AJ18-AI18 -> 1.8 | AL18: - | AM18: - | AO18: =IF(AD18="Unilateral",2*AH18,IF(AD18="Bilateral Alternada",3*AH18,IF(AD18="Bilateral Frontal",4*AH18,IF(AD18="Canteiro Central",2*AH18,"erro")))) -> 2 | AV18: =IF(AP18=0,0,IF(AD18="Unilateral",2*AP18,IF(AD18="Bilateral Alternada",3*AP18,IF(AD18="Bilateral Frontal",4*AP18,IF(AD18="Canteiro Central",2*AP18,"erro"))))) -> 0 | AX18: =VLOOKUP(J18,ABNT5101!$I$3:$J$9,2) -> 10 | AY18: =VLOOKUP(J18,ABNT5101!$I$3:$M$9,5) -> 0.18 | AZ18: =_xlfn.XLOOKUP(J18,ABNT5101!I:I,ABNT5101!L:L) -> - | BA18: =_xlfn.XLOOKUP(J18,ABNT5101!$I:$I,ABNT5101!M:M) -> 0.18 | BB18: =_xlfn.XLOOKUP(J18,ABNT5101!$I:$I,ABNT5101!N:N) -> - | BC18: =_xlfn.XLOOKUP(J18,ABNT5101!$I:$I,ABNT5101!O:O) -> 16 | BD18: =IF(BN18="NÃO ATENDE","NÃO ATENDE",IF(BY18="NÃO ATENDE","NÃO ATENDE",IF(CH18="NÃO ATENDE","NÃO ATENDE","ATENDE"))) -> ATENDE | BE18: =BH18/AX18-1 -> 0.159 | BF18: =BI18/AY18-1 -> 3 | BG18: =IF($J18="M6",BJ18/AZ18-1,"-") -> - | BH18: 11.59 | BI18: 0.72 | BN18: =IF(OR(BO18="NÃO ATENDE",BP18="NÃO ATENDE",BQ18="NÃO ATENDE"),"NÃO ATENDE","ATENDE") -> ATENDE | BO18: =IF(BH18>=AX18,"ATENDE",IF(BH18>=0.99*AX18,"ATENDIMENTO LIMIAR","NÃO ATENDE")) -> ATENDE | BP18: =IF(BI18>=AY18,"ATENDE",IF(BI18>=(AY18-0.02),"ATENDIMENTO LIMIAR","NÃO ATENDE")) -> ATENDE | BQ18: =IF(AZ18="-","ATENDE",IF(BJ18>=AZ18,"ATENDE",IF(BJ18>=(AZ18-0.02),"ATENDIMENTO LIMIAR","NÃO ATENDE"))) -> ATENDE | BR18: =J18 -> C4 | BS18: =L18 -> P6 | BT18: =IF(BU18="-","-",BU18/BW18-1) -> 1.61 | BU18: 7.83 | BV18: 5.14 | BW18: =IF(BS18="-","-",_xlfn.XLOOKUP(BS18,ABNT5101!$B$4:$B$9,ABNT5101!$C$4:$C$9)) -> 3 | BX18: =IF(BS18="-","-",_xlfn.XLOOKUP(BS18,ABNT5101!$B$4:$B$9,ABNT5101!$D$4:$D$9)) -> 0.6 | BY18: =IF(BZ18="-","-",IF(BZ18="NÃO ATENDE","NÃO ATENDE",IF(CA18="NÃO ATENDE","NÃO ATENDE","ATENDE"))) -> ATENDE | BZ18: =IF(BS18="-","-",IF(BU18>=BW18,"ATENDE",IF(BU18>=(BW18*0.99),"ATENDIMENTO LIMIAR","NÃO ATENDE"))) -> ATENDE | CA18: =IF(BS18="-","-",IF(BV18>=BX18,"ATENDE","NÃO ATENDE")) -> ATENDE | CB18: =BS18 -> P6 | CC18: =IF(CD18="-","-",CD18/CF18-1) -> - | CD18: - | CE18: - | CF18: =IF(CB18="-","-",_xlfn.XLOOKUP(CB18,ABNT5101!$B$4:$B$9,ABNT5101!$C$4:$C$9)) -> 3 | CG18: =IF(CB18="-","-",_xlfn.XLOOKUP(CB18,ABNT5101!$B$4:$B$9,ABNT5101!$D$4:$D$9)) -> 0.6 | CH18: =IF(CI18="-","-",IF(CI18="NÃO ATENDE","NÃO ATENDE",IF(CJ18="NÃO ATENDE","NÃO ATENDE","ATENDE"))) -> ATENDE | CI18: =IF(CB18="-","-",IF(CD18>=(CF18),"ATENDE",IF(CD18>=(0.99*CF18),"ATENDIMENTO LIMIAR","NÃO ATENDE"))) -> ATENDE | CJ18: =IF(CB18="-","-",IF(CE18>=CG18,"ATENDE","NÃO ATENDE")) -> ATENDE | CK18: =_xlfn.XLOOKUP(CL18,'Banco de dados'!$B:$B,'Banco de dados'!$D:$D) -> SX LIGHTING | CL18: ='Banco de dados'!B54 -> SX-INEVO030HF | CM18: =_xlfn.XLOOKUP(CL18,'Banco de dados'!$B:$B,'Banco de dados'!$E:$E) -> SXINEVO030K50L12CZF7PHF | CN18: - | CO18: =IF(CN18="-","-",_xlfn.XLOOKUP(CN18,'Banco de dados'!$B:$B,'Banco de dados'!$E:$E)) -> - | CP18: =AH18 -> 1 | CQ18: =_xlfn.XLOOKUP(CL18,'Banco de dados'!$B:$B,'Banco de dados'!$H:$H) -> 31 | CR18: {=_xludf.xlookup(CN18,'Banco de dados'!$B:$B,'Banco de dados'!$H:$H)} -> #NAME? | CS18: {=_xludf.xlookup(CL18,'Banco de dados'!$B:$B,'Banco de dados'!$F:$F)} -> #NAME? | CT18: {=_xludf.xlookup(CN18,'Banco de dados'!$B:$B,'Banco de dados'!$F:$F)} -> #NAME? | CW18: =IF(AJ18=0.5,"Suporte",IF(AND(AJ18>='Braços de IP'!$B$9,AJ18<='Braços de IP'!$D$9),'Braços de IP'!$E$9,IF(AND(AJ18>='Braços de IP'!$B$10,AJ18<='Braços de IP'!$D$10),'Braços de IP'!$E$10,IF(AND(AJ18>='Braços de IP'!$B$11,AJ18<='Braços de IP'!$D$11),'Braços de IP'!$E$11,IF(AND(AJ18>='Braços de IP'!$B$12,AJ18<='Braços de IP'!$D$12),'Braços de IP'!$E$12,IF(AND(AJ18>='Braços de IP'!$B$13,AJ18<='Braços de IP'!$D$13),'Braços de IP'!$E$13,IF(AND(AJ18>='Braços de IP'!$B$14,AJ18<='Braços de IP'!$D$14),'Braços de IP'!$E$14,"ERRO"))))))) -> Médio I | CY18: =IF($CX18="","",VLOOKUP($CX18,'Braços de IP'!$E$9:$I$15,2,0)) | CZ18: =IF($CX18="","",VLOOKUP($CX18,'Braços de IP'!$E$9:$I$15,5,0)) | DG18: =CQ18 -> 31 | DH18: =N18 -> 58 | DI18: =SUM(DG18:DH18)*CP18 -> 89 | DJ18: =1-DG18/DH18 -> 0.46551724 | DN18: Sim | DQ18: =((N18+O18)-CQ18)/(N18+O18) -> #VALUE! | DS18: V4 | DT18: =COUNTIF(J:J,DS18)/3 -> 0 | DU18: =DT18/$DT$414 -> #DIV/0! | DV18: =DT18/SUM($DT$315:$DT$342) -> #DIV/0!
A19: FEITO | C19: Sim | E19: IP06568 | F19: PV | G19: Rua Pajé | H19: -23.412866 | I19: -46.865015 | J19: C4 | L19: P6 | M19: LED | N19: 58 | O19: Interno | P19: - | Q19: =N19*AH19*2 -> 116 | R19: 1 | S19: 1.7 | T19: 5.5 | X19: - | AD19: Unilateral | AE19: Braço | AF19: 27.5 | AG19: 7,40 | AH19: 1 | AI19: 0.4 | AJ19: 2.2 | AK19: =AJ19-AI19 -> 1.8 | AL19: - | AM19: - | AO19: =IF(AD19="Unilateral",2*AH19,IF(AD19="Bilateral Alternada",3*AH19,IF(AD19="Bilateral Frontal",4*AH19,IF(AD19="Canteiro Central",2*AH19,"erro")))) -> 2 | AV19: =IF(AP19=0,0,IF(AD19="Unilateral",2*AP19,IF(AD19="Bilateral Alternada",3*AP19,IF(AD19="Bilateral Frontal",4*AP19,IF(AD19="Canteiro Central",2*AP19,"erro"))))) -> 0 | AX19: =VLOOKUP(J19,ABNT5101!$I$3:$J$9,2) -> 10 | AY19: =VLOOKUP(J19,ABNT5101!$I$3:$M$9,5) -> 0.18 | AZ19: =_xlfn.XLOOKUP(J19,ABNT5101!I:I,ABNT5101!L:L) -> - | BA19: =_xlfn.XLOOKUP(J19,ABNT5101!$I:$I,ABNT5101!M:M) -> 0.18 | BB19: =_xlfn.XLOOKUP(J19,ABNT5101!$I:$I,ABNT5101!N:N) -> - | BC19: =_xlfn.XLOOKUP(J19,ABNT5101!$I:$I,ABNT5101!O:O) -> 16 | BD19: =IF(BN19="NÃO ATENDE","NÃO ATENDE",IF(BY19="NÃO ATENDE","NÃO ATENDE",IF(CH19="NÃO ATENDE","NÃO ATENDE","ATENDE"))) -> ATENDE | BE19: =BH19/AX19-1 -> 0.174 | BF19: =BI19/AY19-1 -> 2.6666667 | BG19: =IF($J19="M6",BJ19/AZ19-1,"-") -> - | BH19: 11.74 | BI19: 0.66 | BN19: =IF(OR(BO19="NÃO ATENDE",BP19="NÃO ATENDE",BQ19="NÃO ATENDE"),"NÃO ATENDE","ATENDE") -> ATENDE | BO19: =IF(BH19>=AX19,"ATENDE",IF(BH19>=0.99*AX19,"ATENDIMENTO LIMIAR","NÃO ATENDE")) -> ATENDE | BP19: =IF(BI19>=AY19,"ATENDE",IF(BI19>=(AY19-0.02),"ATENDIMENTO LIMIAR","NÃO ATENDE")) -> ATENDE | BQ19: =IF(AZ19="-","ATENDE",IF(BJ19>=AZ19,"ATENDE",IF(BJ19>=(AZ19-0.02),"ATENDIMENTO LIMIAR","NÃO ATENDE"))) -> ATENDE | BR19: =J19 -> C4 | BS19: =L19 -> P6 | BT19: =IF(BU19="-","-",BU19/BW19-1) -> 1.6433333 | BU19: 7.93 | BV19: 5.51 | BW19: =IF(BS19="-","-",_xlfn.XLOOKUP(BS19,ABNT5101!$B$4:$B$9,ABNT5101!$C$4:$C$9)) -> 3 | BX19: =IF(BS19="-","-",_xlfn.XLOOKUP(BS19,ABNT5101!$B$4:$B$9,ABNT5101!$D$4:$D$9)) -> 0.6 | BY19: =IF(BZ19="-","-",IF(BZ19="NÃO ATENDE","NÃO ATENDE",IF(CA19="NÃO ATENDE","NÃO ATENDE","ATENDE"))) -> ATENDE | BZ19: =IF(BS19="-","-",IF(BU19>=BW19,"ATENDE",IF(BU19>=(BW19*0.99),"ATENDIMENTO LIMIAR","NÃO ATENDE"))) -> ATENDE | CA19: =IF(BS19="-","-",IF(BV19>=BX19,"ATENDE","NÃO ATENDE")) -> ATENDE | CB19: =BS19 -> P6 | CC19: =IF(CD19="-","-",CD19/CF19-1) -> - | CD19: - | CE19: - | CF19: =IF(CB19="-","-",_xlfn.XLOOKUP(CB19,ABNT5101!$B$4:$B$9,ABNT5101!$C$4:$C$9)) -> 3 | CG19: =IF(CB19="-","-",_xlfn.XLOOKUP(CB19,ABNT5101!$B$4:$B$9,ABNT5101!$D$4:$D$9)) -> 0.6 | CH19: =IF(CI19="-","-",IF(CI19="NÃO ATENDE","NÃO ATENDE",IF(CJ19="NÃO ATENDE","NÃO ATENDE","ATENDE"))) -> ATENDE | CI19: =IF(CB19="-","-",IF(CD19>=(CF19),"ATENDE",IF(CD19>=(0.99*CF19),"ATENDIMENTO LIMIAR","NÃO ATENDE"))) -> ATENDE | CJ19: =IF(CB19="-","-",IF(CE19>=CG19,"ATENDE","NÃO ATENDE")) -> ATENDE | CK19: =_xlfn.XLOOKUP(CL19,'Banco de dados'!$B:$B,'Banco de dados'!$D:$D) -> TECNOWATT | CL19: ='Banco de dados'!B65 -> SIGSAGPTLRRSSNDL_30W_38IBBRS | CM19: =_xlfn.XLOOKUP(CL19,'Banco de dados'!$B:$B,'Banco de dados'!$E:$E) -> SIGSAGPTLRRSSNDL_30W_38IBBRS 1-10C1MUN6.5 | CN19: - | CO19: =IF(CN19="-","-",_xlfn.XLOOKUP(CN19,'Banco de dados'!$B:$B,'Banco de dados'!$E:$E)) -> - | CP19: =AH19 -> 1 | CQ19: =_xlfn.XLOOKUP(CL19,'Banco de dados'!$B:$B,'Banco de dados'!$H:$H) -> 30 | CR19: {=_xludf.xlookup(CN19,'Banco de dados'!$B:$B,'Banco de dados'!$H:$H)} -> #NAME? | CS19: {=_xludf.xlookup(CL19,'Banco de dados'!$B:$B,'Banco de dados'!$F:$F)} -> #NAME? | CT19: {=_xludf.xlookup(CN19,'Banco de dados'!$B:$B,'Banco de dados'!$F:$F)} -> #NAME? | CW19: =IF(AJ19=0.5,"Suporte",IF(AND(AJ19>='Braços de IP'!$B$9,AJ19<='Braços de IP'!$D$9),'Braços de IP'!$E$9,IF(AND(AJ19>='Braços de IP'!$B$10,AJ19<='Braços de IP'!$D$10),'Braços de IP'!$E$10,IF(AND(AJ19>='Braços de IP'!$B$11,AJ19<='Braços de IP'!$D$11),'Braços de IP'!$E$11,IF(AND(AJ19>='Braços de IP'!$B$12,AJ19<='Braços de IP'!$D$12),'Braços de IP'!$E$12,IF(AND(AJ19>='Braços de IP'!$B$13,AJ19<='Braços de IP'!$D$13),'Braços de IP'!$E$13,IF(AND(AJ19>='Braços de IP'!$B$14,AJ19<='Braços de IP'!$D$14),'Braços de IP'!$E$14,"ERRO"))))))) -> Médio I | CY19: =IF($CX19="","",VLOOKUP($CX19,'Braços de IP'!$E$9:$I$15,2,0)) | CZ19: =IF($CX19="","",VLOOKUP($CX19,'Braços de IP'!$E$9:$I$15,5,0)) | DG19: =CQ19 -> 30 | DH19: =N19 -> 58 | DI19: =SUM(DG19:DH19)*CP19 -> 88 | DJ19: =1-DG19/DH19 -> 0.48275862 | DN19: Sim | DQ19: =((N19+O19)-CQ19)/(N19+O19) -> #VALUE! | DS19: V4 | DT19: =COUNTIF(J:J,DS19)/3 -> 0 | DU19: =DT19/$DT$414 -> #DIV/0! | DV19: =DT19/SUM($DT$315:$DT$342) -> #DIV/0!
E20: *474130 | F20: V | G20: Rua Caconde | H20: -23.339681 | I20: -46.925673 | J20: C5 | L20: Sem Passeio | M20: LED | N20: 87 | O20: Interno | P20: - | Q20: =N20*AH20*2 -> 174 | R20: 1 | S20: - | T20: 5.5 | X20: - | AD20: Unilateral | AE20: Braço | AF20: 36.6 | AG20: 6.8 | AH20: 1 | AI20: 2 | AJ20: 2.5 | AK20: =AJ20-AI20 -> 0.5 | AL20: - | AM20: - | AO20: =IF(AD20="Unilateral",2*AH20,IF(AD20="Bilateral Alternada",3*AH20,IF(AD20="Bilateral Frontal",4*AH20,IF(AD20="Canteiro Central",2*AH20,"erro")))) -> 2 | AV20: =IF(AP20=0,0,IF(AD20="Unilateral",2*AP20,IF(AD20="Bilateral Alternada",3*AP20,IF(AD20="Bilateral Frontal",4*AP20,IF(AD20="Canteiro Central",2*AP20,"erro"))))) -> 0 | AX20: =VLOOKUP(J20,ABNT5101!$I$3:$J$9,2) -> 7.5 | AY20: =VLOOKUP(J20,ABNT5101!$I$3:$M$9,5) -> 0.18 | AZ20: =_xlfn.XLOOKUP(J20,ABNT5101!I:I,ABNT5101!L:L) -> - | BA20: =_xlfn.XLOOKUP(J20,ABNT5101!$I:$I,ABNT5101!M:M) -> 0.18 | BB20: =_xlfn.XLOOKUP(J20,ABNT5101!$I:$I,ABNT5101!N:N) -> - | BC20: =_xlfn.XLOOKUP(J20,ABNT5101!$I:$I,ABNT5101!O:O) -> 16 | BD20: =IF(BN20="NÃO ATENDE","NÃO ATENDE",IF(BY20="NÃO ATENDE","NÃO ATENDE",IF(CH20="NÃO ATENDE","NÃO ATENDE","ATENDE"))) -> NÃO ATENDE | BE20: =BH20/AX20-1 -> -1 | BF20: =BI20/AY20-1 -> -1 | BG20: =IF($J20="M6",BJ20/AZ20-1,"-") -> - | BN20: =IF(OR(BO20="NÃO ATENDE",BP20="NÃO ATENDE",BQ20="NÃO ATENDE"),"NÃO ATENDE","ATENDE") -> NÃO ATENDE | BO20: =IF(BH20>=AX20,"ATENDE",IF(BH20>=0.99*AX20,"ATENDIMENTO LIMIAR","NÃO ATENDE")) -> NÃO ATENDE | BP20: =IF(BI20>=AY20,"ATENDE",IF(BI20>=(AY20-0.02),"ATENDIMENTO LIMIAR","NÃO ATENDE")) -> NÃO ATENDE | BQ20: =IF(AZ20="-","ATENDE",IF(BJ20>=AZ20,"ATENDE",IF(BJ20>=(AZ20-0.02),"ATENDIMENTO LIMIAR","NÃO ATENDE"))) -> ATENDE | BR20: =J20 -> C5 | BS20: =L20 -> Sem Passeio | BT20: =IF(BU20="-","-",BU20/BW20-1) -> #N/A | BW20: =IF(BS20="-","-",_xlfn.XLOOKUP(BS20,ABNT5101!$B$4:$B$9,ABNT5101!$C$4:$C$9)) -> #N/A | BX20: =IF(BS20="-","-",_xlfn.XLOOKUP(BS20,ABNT5101!$B$4:$B$9,ABNT5101!$D$4:$D$9)) -> #N/A | BY20: =IF(BZ20="-","-",IF(BZ20="NÃO ATENDE","NÃO ATENDE",IF(CA20="NÃO ATENDE","NÃO ATENDE","ATENDE"))) -> #N/A | BZ20: =IF(BS20="-","-",IF(BU20>=BW20,"ATENDE",IF(BU20>=(BW20*0.99),"ATENDIMENTO LIMIAR","NÃO ATENDE"))) -> #N/A | CA20: =IF(BS20="-","-",IF(BV20>=BX20,"ATENDE","NÃO ATENDE")) -> #N/A | CB20: =BS20 -> Sem Passeio | CC20: =IF(CD20="-","-",CD20/CF20-1) -> #N/A | CF20: =IF(CB20="-","-",_xlfn.XLOOKUP(CB20,ABNT5101!$B$4:$B$9,ABNT5101!$C$4:$C$9)) -> #N/A | CG20: =IF(CB20="-","-",_xlfn.XLOOKUP(CB20,ABNT5101!$B$4:$B$9,ABNT5101!$D$4:$D$9)) -> #N/A | CH20: =IF(CI20="-","-",IF(CI20="NÃO ATENDE","NÃO ATENDE",IF(CJ20="NÃO ATENDE","NÃO ATENDE","ATENDE"))) -> #N/A | CI20: =IF(CB20="-","-",IF(CD20>=(CF20),"ATENDE",IF(CD20>=(0.99*CF20),"ATENDIMENTO LIMIAR","NÃO ATENDE"))) -> #N/A | CJ20: =IF(CB20="-","-",IF(CE20>=CG20,"ATENDE","NÃO ATENDE")) -> #N/A | CK20: =_xlfn.XLOOKUP(CL20,'Banco de dados'!$B:$B,'Banco de dados'!$D:$D) -> #N/A | CM20: =_xlfn.XLOOKUP(CL20,'Banco de dados'!$B:$B,'Banco de dados'!$E:$E) -> #N/A | CO20: =IF(CN20="-","-",_xlfn.XLOOKUP(CN20,'Banco de dados'!$B:$B,'Banco de dados'!$E:$E)) -> #N/A | CP20: =AH20 -> 1 | CQ20: =_xlfn.XLOOKUP(CL20,'Banco de dados'!$B:$B,'Banco de dados'!$H:$H) -> #N/A | CR20: {=_xludf.xlookup(CN20,'Banco de dados'!$B:$B,'Banco de dados'!$H:$H)} -> #NAME? | CS20: {=_xludf.xlookup(CL20,'Banco de dados'!$B:$B,'Banco de dados'!$F:$F)} -> #NAME? | CT20: {=_xludf.xlookup(CN20,'Banco de dados'!$B:$B,'Banco de dados'!$F:$F)} -> #NAME? | CW20: =IF(AJ20=0.5,"Suporte",IF(AND(AJ20>='Braços de IP'!$B$9,AJ20<='Braços de IP'!$D$9),'Braços de IP'!$E$9,IF(AND(AJ20>='Braços de IP'!$B$10,AJ20<='Braços de IP'!$D$10),'Braços de IP'!$E$10,IF(AND(AJ20>='Braços de IP'!$B$11,AJ20<='Braços de IP'!$D$11),'Braços de IP'!$E$11,IF(AND(AJ20>='Braços de IP'!$B$12,AJ20<='Braços de IP'!$D$12),'Braços de IP'!$E$12,IF(AND(AJ20>='Braços de IP'!$B$13,AJ20<='Braços de IP'!$D$13),'Braços de IP'!$E$13,IF(AND(AJ20>='Braços de IP'!$B$14,AJ20<='Braços de IP'!$D$14),'Braços de IP'!$E$14,"ERRO"))))))) -> Médio II | CY20: =IF($CX20="","",VLOOKUP($CX20,'Braços de IP'!$E$9:$I$15,2,0)) | CZ20: =IF($CX20="","",VLOOKUP($CX20,'Braços de IP'!$E$9:$I$15,5,0)) | DG20: =CQ20 -> #N/A | DH20: =N20 -> 87 | DI20: =SUM(DG20:DH20)*CP20 -> #N/A | DJ20: =1-DG20/DH20 -> #N/A | DN20: Sim | DQ20: =((N20+O20)-CQ20)/(N20+O20) -> #VALUE! | DS20: V4 | DT20: =COUNTIF(J:J,DS20)/3 -> 0 | DU20: =DT20/$DT$414 -> #DIV/0! | DV20: =DT20/SUM($DT$315:$DT$342) -> #DIV/0!
E21: *474130 | F21: V | G21: Rua Caconde | H21: -23.339681 | I21: -46.925673 | J21: C5 | L21: Sem Passeio | M21: LED | N21: 87 | O21: Interno | P21: - | Q21: =N21*AH21*2 -> 174 | R21: 1 | S21: - | T21: 5.5 | X21: - | AD21: Unilateral | AE21: Braço | AF21: 36.6 | AG21: 6.8 | AH21: 1 | AI21: 2 | AJ21: 2.5 | AK21: =AJ21-AI21 -> 0.5 | AL21: - | AM21: - | AO21: =IF(AD21="Unilateral",2*AH21,IF(AD21="Bilateral Alternada",3*AH21,IF(AD21="Bilateral Frontal",4*AH21,IF(AD21="Canteiro Central",2*AH21,"erro")))) -> 2 | AV21: =IF(AP21=0,0,IF(AD21="Unilateral",2*AP21,IF(AD21="Bilateral Alternada",3*AP21,IF(AD21="Bilateral Frontal",4*AP21,IF(AD21="Canteiro Central",2*AP21,"erro"))))) -> 0 | AX21: =VLOOKUP(J21,ABNT5101!$I$3:$J$9,2) -> 7.5 | AY21: =VLOOKUP(J21,ABNT5101!$I$3:$M$9,5) -> 0.18 | AZ21: =_xlfn.XLOOKUP(J21,ABNT5101!I:I,ABNT5101!L:L) -> - | BA21: =_xlfn.XLOOKUP(J21,ABNT5101!$I:$I,ABNT5101!M:M) -> 0.18 | BB21: =_xlfn.XLOOKUP(J21,ABNT5101!$I:$I,ABNT5101!N:N) -> - | BC21: =_xlfn.XLOOKUP(J21,ABNT5101!$I:$I,ABNT5101!O:O) -> 16 | BD21: =IF(BN21="NÃO ATENDE","NÃO ATENDE",IF(BY21="NÃO ATENDE","NÃO ATENDE",IF(CH21="NÃO ATENDE","NÃO ATENDE","ATENDE"))) -> NÃO ATENDE | BE21: =BH21/AX21-1 -> -1 | BF21: =BI21/AY21-1 -> -1 | BG21: =IF($J21="M6",BJ21/AZ21-1,"-") -> - | BN21: =IF(OR(BO21="NÃO ATENDE",BP21="NÃO ATENDE",BQ21="NÃO ATENDE"),"NÃO ATENDE","ATENDE") -> NÃO ATENDE | BO21: =IF(BH21>=AX21,"ATENDE",IF(BH21>=0.99*AX21,"ATENDIMENTO LIMIAR","NÃO ATENDE")) -> NÃO ATENDE | BP21: =IF(BI21>=AY21,"ATENDE",IF(BI21>=(AY21-0.02),"ATENDIMENTO LIMIAR","NÃO ATENDE")) -> NÃO ATENDE | BQ21: =IF(AZ21="-","ATENDE",IF(BJ21>=AZ21,"ATENDE",IF(BJ21>=(AZ21-0.02),"ATENDIMENTO LIMIAR","NÃO ATENDE"))) -> ATENDE | BR21: =J21 -> C5 | BS21: =L21 -> Sem Passeio | BT21: =IF(BU21="-","-",BU21/BW21-1) -> #N/A | BW21: =IF(BS21="-","-",_xlfn.XLOOKUP(BS21,ABNT5101!$B$4:$B$9,ABNT5101!$C$4:$C$9)) -> #N/A | BX21: =IF(BS21="-","-",_xlfn.XLOOKUP(BS21,ABNT5101!$B$4:$B$9,ABNT5101!$D$4:$D$9)) -> #N/A | BY21: =IF(BZ21="-","-",IF(BZ21="NÃO ATENDE","NÃO ATENDE",IF(CA21="NÃO ATENDE","NÃO ATENDE","ATENDE"))) -> #N/A | BZ21: =IF(BS21="-","-",IF(BU21>=BW21,"ATENDE",IF(BU21>=(BW21*0.99),"ATENDIMENTO LIMIAR","NÃO ATENDE"))) -> #N/A | CA21: =IF(BS21="-","-",IF(BV21>=BX21,"ATENDE","NÃO ATENDE")) -> #N/A | CB21: =BS21 -> Sem Passeio | CC21: =IF(CD21="-","-",CD21/CF21-1) -> #N/A | CF21: =IF(CB21="-","-",_xlfn.XLOOKUP(CB21,ABNT5101!$B$4:$B$9,ABNT5101!$C$4:$C$9)) -> #N/A | CG21: =IF(CB21="-","-",_xlfn.XLOOKUP(CB21,ABNT5101!$B$4:$B$9,ABNT5101!$D$4:$D$9)) -> #N/A | CH21: =IF(CI21="-","-",IF(CI21="NÃO ATENDE","NÃO ATENDE",IF(CJ21="NÃO ATENDE","NÃO ATENDE","ATENDE"))) -> #N/A | CI21: =IF(CB21="-","-",IF(CD21>=(CF21),"ATENDE",IF(CD21>=(0.99*CF21),"ATENDIMENTO LIMIAR","NÃO ATENDE"))) -> #N/A | CJ21: =IF(CB21="-","-",IF(CE21>=CG21,"ATENDE","NÃO ATENDE")) -> #N/A | CK21: =_xlfn.XLOOKUP(CL21,'Banco de dados'!$B:$B,'Banco de dados'!$D:$D) -> #N/A | CM21: =_xlfn.XLOOKUP(CL21,'Banco de dados'!$B:$B,'Banco de dados'!$E:$E) -> #N/A | CO21: =IF(CN21="-","-",_xlfn.XLOOKUP(CN21,'Banco de dados'!$B:$B,'Banco de dados'!$E:$E)) -> #N/A | CP21: =AH21 -> 1 | CQ21: =_xlfn.XLOOKUP(CL21,'Banco de dados'!$B:$B,'Banco de dados'!$H:$H) -> #N/A | CR21: {=_xludf.xlookup(CN21,'Banco de dados'!$B:$B,'Banco de dados'!$H:$H)} -> #NAME? | CS21: {=_xludf.xlookup(CL21,'Banco de dados'!$B:$B,'Banco de dados'!$F:$F)} -> #NAME? | CT21: {=_xludf.xlookup(CN21,'Banco de dados'!$B:$B,'Banco de dados'!$F:$F)} -> #NAME? | CW21: =IF(AJ21=0.5,"Suporte",IF(AND(AJ21>='Braços de IP'!$B$9,AJ21<='Braços de IP'!$D$9),'Braços de IP'!$E$9,IF(AND(AJ21>='Braços de IP'!$B$10,AJ21<='Braços de IP'!$D$10),'Braços de IP'!$E$10,IF(AND(AJ21>='Braços de IP'!$B$11,AJ21<='Braços de IP'!$D$11),'Braços de IP'!$E$11,IF(AND(AJ21>='Braços de IP'!$B$12,AJ21<='Braços de IP'!$D$12),'Braços de IP'!$E$12,IF(AND(AJ21>='Braços de IP'!$B$13,AJ21<='Braços de IP'!$D$13),'Braços de IP'!$E$13,IF(AND(AJ21>='Braços de IP'!$B$14,AJ21<='Braços de IP'!$D$14),'Braços de IP'!$E$14,"ERRO"))))))) -> Médio II | CY21: =IF($CX21="","",VLOOKUP($CX21,'Braços de IP'!$E$9:$I$15,2,0)) | CZ21: =IF($CX21="","",VLOOKUP($CX21,'Braços de IP'!$E$9:$I$15,5,0)) | DG21: =CQ21 -> #N/A | DH21: =N21 -> 87 | DI21: =SUM(DG21:DH21)*CP21 -> #N/A | DJ21: =1-DG21/DH21 -> #N/A | DN21: Sim | DQ21: =((N21+O21)-CQ21)/(N21+O21) -> #VALUE! | DS21: V4 | DT21: =COUNTIF(J:J,DS21)/3 -> 0 | DU21: =DT21/$DT$414 -> #DIV/0! | DV21: =DT21/SUM($DT$315:$DT$342) -> #DIV/0!
E22: *474130 | F22: V | G22: Rua Caconde | H22: -23.339681 | I22: -46.925673 | J22: C5 | L22: Sem Passeio | M22: LED | N22: 87 | O22: Interno | P22: - | Q22: =N22*AH22*2 -> 174 | R22: 1 | S22: - | T22: 5.5 | X22: - | AD22: Unilateral | AE22: Braço | AF22: 36.6 | AG22: 6.8 | AH22: 1 | AI22: 2 | AJ22: 2.5 | AK22: =AJ22-AI22 -> 0.5 | AL22: - | AM22: - | AO22: =IF(AD22="Unilateral",2*AH22,IF(AD22="Bilateral Alternada",3*AH22,IF(AD22="Bilateral Frontal",4*AH22,IF(AD22="Canteiro Central",2*AH22,"erro")))) -> 2 | AV22: =IF(AP22=0,0,IF(AD22="Unilateral",2*AP22,IF(AD22="Bilateral Alternada",3*AP22,IF(AD22="Bilateral Frontal",4*AP22,IF(AD22="Canteiro Central",2*AP22,"erro"))))) -> 0 | AX22: =VLOOKUP(J22,ABNT5101!$I$3:$J$9,2) -> 7.5 | AY22: =VLOOKUP(J22,ABNT5101!$I$3:$M$9,5) -> 0.18 | AZ22: =_xlfn.XLOOKUP(J22,ABNT5101!I:I,ABNT5101!L:L) -> - | BA22: =_xlfn.XLOOKUP(J22,ABNT5101!$I:$I,ABNT5101!M:M) -> 0.18 | BB22: =_xlfn.XLOOKUP(J22,ABNT5101!$I:$I,ABNT5101!N:N) -> - | BC22: =_xlfn.XLOOKUP(J22,ABNT5101!$I:$I,ABNT5101!O:O) -> 16 | BD22: =IF(BN22="NÃO ATENDE","NÃO ATENDE",IF(BY22="NÃO ATENDE","NÃO ATENDE",IF(CH22="NÃO ATENDE","NÃO ATENDE","ATENDE"))) -> NÃO ATENDE | BE22: =BH22/AX22-1 -> -1 | BF22: =BI22/AY22-1 -> -1 | BG22: =IF($J22="M6",BJ22/AZ22-1,"-") -> - | BN22: =IF(OR(BO22="NÃO ATENDE",BP22="NÃO ATENDE",BQ22="NÃO ATENDE"),"NÃO ATENDE","ATENDE") -> NÃO ATENDE | BO22: =IF(BH22>=AX22,"ATENDE",IF(BH22>=0.99*AX22,"ATENDIMENTO LIMIAR","NÃO ATENDE")) -> NÃO ATENDE | BP22: =IF(BI22>=AY22,"ATENDE",IF(BI22>=(AY22-0.02),"ATENDIMENTO LIMIAR","NÃO ATENDE")) -> NÃO ATENDE | BQ22: =IF(AZ22="-","ATENDE",IF(BJ22>=AZ22,"ATENDE",IF(BJ22>=(AZ22-0.02),"ATENDIMENTO LIMIAR","NÃO ATENDE"))) -> ATENDE | BR22: =J22 -> C5 | BS22: =L22 -> Sem Passeio | BT22: =IF(BU22="-","-",BU22/BW22-1) -> #N/A | BW22: =IF(BS22="-","-",_xlfn.XLOOKUP(BS22,ABNT5101!$B$4:$B$9,ABNT5101!$C$4:$C$9)) -> #N/A | BX22: =IF(BS22="-","-",_xlfn.XLOOKUP(BS22,ABNT5101!$B$4:$B$9,ABNT5101!$D$4:$D$9)) -> #N/A | BY22: =IF(BZ22="-","-",IF(BZ22="NÃO ATENDE","NÃO ATENDE",IF(CA22="NÃO ATENDE","NÃO ATENDE","ATENDE"))) -> #N/A | BZ22: =IF(BS22="-","-",IF(BU22>=BW22,"ATENDE",IF(BU22>=(BW22*0.99),"ATENDIMENTO LIMIAR","NÃO ATENDE"))) -> #N/A | CA22: =IF(BS22="-","-",IF(BV22>=BX22,"ATENDE","NÃO ATENDE")) -> #N/A | CB22: =BS22 -> Sem Passeio | CC22: =IF(CD22="-","-",CD22/CF22-1) -> #N/A | CF22: =IF(CB22="-","-",_xlfn.XLOOKUP(CB22,ABNT5101!$B$4:$B$9,ABNT5101!$C$4:$C$9)) -> #N/A | CG22: =IF(CB22="-","-",_xlfn.XLOOKUP(CB22,ABNT5101!$B$4:$B$9,ABNT5101!$D$4:$D$9)) -> #N/A | CH22: =IF(CI22="-","-",IF(CI22="NÃO ATENDE","NÃO ATENDE",IF(CJ22="NÃO ATENDE","NÃO ATENDE","ATENDE"))) -> #N/A | CI22: =IF(CB22="-","-",IF(CD22>=(CF22),"ATENDE",IF(CD22>=(0.99*CF22),"ATENDIMENTO LIMIAR","NÃO ATENDE"))) -> #N/A | CJ22: =IF(CB22="-","-",IF(CE22>=CG22,"ATENDE","NÃO ATENDE")) -> #N/A | CK22: =_xlfn.XLOOKUP(CL22,'Banco de dados'!$B:$B,'Banco de dados'!$D:$D) -> #N/A | CM22: =_xlfn.XLOOKUP(CL22,'Banco de dados'!$B:$B,'Banco de dados'!$E:$E) -> #N/A | CO22: =IF(CN22="-","-",_xlfn.XLOOKUP(CN22,'Banco de dados'!$B:$B,'Banco de dados'!$E:$E)) -> #N/A | CP22: =AH22 -> 1 | CQ22: =_xlfn.XLOOKUP(CL22,'Banco de dados'!$B:$B,'Banco de dados'!$H:$H) -> #N/A | CR22: {=_xludf.xlookup(CN22,'Banco de dados'!$B:$B,'Banco de dados'!$H:$H)} -> #NAME? | CS22: {=_xludf.xlookup(CL22,'Banco de dados'!$B:$B,'Banco de dados'!$F:$F)} -> #NAME? | CT22: {=_xludf.xlookup(CN22,'Banco de dados'!$B:$B,'Banco de dados'!$F:$F)} -> #NAME? | CW22: =IF(AJ22=0.5,"Suporte",IF(AND(AJ22>='Braços de IP'!$B$9,AJ22<='Braços de IP'!$D$9),'Braços de IP'!$E$9,IF(AND(AJ22>='Braços de IP'!$B$10,AJ22<='Braços de IP'!$D$10),'Braços de IP'!$E$10,IF(AND(AJ22>='Braços de IP'!$B$11,AJ22<='Braços de IP'!$D$11),'Braços de IP'!$E$11,IF(AND(AJ22>='Braços de IP'!$B$12,AJ22<='Braços de IP'!$D$12),'Braços de IP'!$E$12,IF(AND(AJ22>='Braços de IP'!$B$13,AJ22<='Braços de IP'!$D$13),'Braços de IP'!$E$13,IF(AND(AJ22>='Braços de IP'!$B$14,AJ22<='Braços de IP'!$D$14),'Braços de IP'!$E$14,"ERRO"))))))) -> Médio II | CY22: =IF($CX22="","",VLOOKUP($CX22,'Braços de IP'!$E$9:$I$15,2,0)) | CZ22: =IF($CX22="","",VLOOKUP($CX22,'Braços de IP'!$E$9:$I$15,5,0)) | DG22: =CQ22 -> #N/A | DH22: =N22 -> 87 | DI22: =SUM(DG22:DH22)*CP22 -> #N/A | DJ22: =1-DG22/DH22 -> #N/A | DN22: Sim | DQ22: =((N22+O22)-CQ22)/(N22+O22) -> #VALUE! | DS22: V4 | DT22: =COUNTIF(J:J,DS22)/3 -> 0 | DU22: =DT22/$DT$414 -> #DIV/0! | DV22: =DT22/SUM($DT$315:$DT$342) -> #DIV/0!
E23: IP07845 | F23: PVP | G23: Rua dos Alecrins | H23: -23.403562 | I23: -46.864942 | J23: C4 | L23: P6 | M23: LED | N23: 60 | O23: Interno | P23: - | Q23: =N23*AH23*2 -> 120 | R23: 1 | S23: 2.9 | T23: 6.5 | X23: 3 | AD23: Unilateral | AE23: Braço | AF23: 30 | AG23: 7.5 | AH23: 1 | AI23: 0.7 | AJ23: 2.5 | AK23: =AJ23-AI23 -> 1.8 | AL23: - | AM23: - | AO23: =IF(AD23="Unilateral",2*AH23,IF(AD23="Bilateral Alternada",3*AH23,IF(AD23="Bilateral Frontal",4*AH23,IF(AD23="Canteiro Central",2*AH23,"erro")))) -> 2 | AV23: =IF(AP23=0,0,IF(AD23="Unilateral",2*AP23,IF(AD23="Bilateral Alternada",3*AP23,IF(AD23="Bilateral Frontal",4*AP23,IF(AD23="Canteiro Central",2*AP23,"erro"))))) -> 0 | AX23: =VLOOKUP(J23,ABNT5101!$I$3:$J$9,2) -> 10 | AY23: =VLOOKUP(J23,ABNT5101!$I$3:$M$9,5) -> 0.18 | AZ23: =_xlfn.XLOOKUP(J23,ABNT5101!I:I,ABNT5101!L:L) -> - | BA23: =_xlfn.XLOOKUP(J23,ABNT5101!$I:$I,ABNT5101!M:M) -> 0.18 | BB23: =_xlfn.XLOOKUP(J23,ABNT5101!$I:$I,ABNT5101!N:N) -> - | BC23: =_xlfn.XLOOKUP(J23,ABNT5101!$I:$I,ABNT5101!O:O) -> 16 | BD23: =IF(BN23="NÃO ATENDE","NÃO ATENDE",IF(BY23="NÃO ATENDE","NÃO ATENDE",IF(CH23="NÃO ATENDE","NÃO ATENDE","ATENDE"))) -> NÃO ATENDE | BE23: =BH23/AX23-1 -> -1 | BF23: =BI23/AY23-1 -> -1 | BG23: =IF($J23="M6",BJ23/AZ23-1,"-") -> - | BN23: =IF(OR(BO23="NÃO ATENDE",BP23="NÃO ATENDE",BQ23="NÃO ATENDE"),"NÃO ATENDE","ATENDE") -> NÃO ATENDE | BO23: =IF(BH23>=AX23,"ATENDE",IF(BH23>=0.99*AX23,"ATENDIMENTO LIMIAR","NÃO ATENDE")) -> NÃO ATENDE | BP23: =IF(BI23>=AY23,"ATENDE",IF(BI23>=(AY23-0.02),"ATENDIMENTO LIMIAR","NÃO ATENDE")) -> NÃO ATENDE | BQ23: =IF(AZ23="-","ATENDE",IF(BJ23>=AZ23,"ATENDE",IF(BJ23>=(AZ23-0.02),"ATENDIMENTO LIMIAR","NÃO ATENDE"))) -> ATENDE | BR23: =J23 -> C4 | BS23: =L23 -> P6 | BT23: =IF(BU23="-","-",BU23/BW23-1) -> -1 | BW23: =IF(BS23="-","-",_xlfn.XLOOKUP(BS23,ABNT5101!$B$4:$B$9,ABNT5101!$C$4:$C$9)) -> 3 | BX23: =IF(BS23="-","-",_xlfn.XLOOKUP(BS23,ABNT5101!$B$4:$B$9,ABNT5101!$D$4:$D$9)) -> 0.6 | BY23: =IF(BZ23="-","-",IF(BZ23="NÃO ATENDE","NÃO ATENDE",IF(CA23="NÃO ATENDE","NÃO ATENDE","ATENDE"))) -> NÃO ATENDE | BZ23: =IF(BS23="-","-",IF(BU23>=BW23,"ATENDE",IF(BU23>=(BW23*0.99),"ATENDIMENTO LIMIAR","NÃO ATENDE"))) -> NÃO ATENDE | CA23: =IF(BS23="-","-",IF(BV23>=BX23,"ATENDE","NÃO ATENDE")) -> NÃO ATENDE | CB23: =BS23 -> P6 | CC23: =IF(CD23="-","-",CD23/CF23-1) -> -1 | CF23: =IF(CB23="-","-",_xlfn.XLOOKUP(CB23,ABNT5101!$B$4:$B$9,ABNT5101!$C$4:$C$9)) -> 3 | CG23: =IF(CB23="-","-",_xlfn.XLOOKUP(CB23,ABNT5101!$B$4:$B$9,ABNT5101!$D$4:$D$9)) -> 0.6 | CH23: =IF(CI23="-","-",IF(CI23="NÃO ATENDE","NÃO ATENDE",IF(CJ23="NÃO ATENDE","NÃO ATENDE","ATENDE"))) -> NÃO ATENDE | CI23: =IF(CB23="-","-",IF(CD23>=(CF23),"ATENDE",IF(CD23>=(0.99*CF23),"ATENDIMENTO LIMIAR","NÃO ATENDE"))) -> NÃO ATENDE | CJ23: =IF(CB23="-","-",IF(CE23>=CG23,"ATENDE","NÃO ATENDE")) -> NÃO ATENDE | CK23: =_xlfn.XLOOKUP(CL23,'Banco de dados'!$B:$B,'Banco de dados'!$D:$D) -> #N/A | CM23: =_xlfn.XLOOKUP(CL23,'Banco de dados'!$B:$B,'Banco de dados'!$E:$E) -> #N/A | CO23: =IF(CN23="-","-",_xlfn.XLOOKUP(CN23,'Banco de dados'!$B:$B,'Banco de dados'!$E:$E)) -> #N/A | CP23: =AH23 -> 1 | CQ23: =_xlfn.XLOOKUP(CL23,'Banco de dados'!$B:$B,'Banco de dados'!$H:$H) -> #N/A | CR23: {=_xludf.xlookup(CN23,'Banco de dados'!$B:$B,'Banco de dados'!$H:$H)} -> #NAME? | CS23: {=_xludf.xlookup(CL23,'Banco de dados'!$B:$B,'Banco de dados'!$F:$F)} -> #NAME? | CT23: {=_xludf.xlookup(CN23,'Banco de dados'!$B:$B,'Banco de dados'!$F:$F)} -> #NAME? | CW23: =IF(AJ23=0.5,"Suporte",IF(AND(AJ23>='Braços de IP'!$B$9,AJ23<='Braços de IP'!$D$9),'Braços de IP'!$E$9,IF(AND(AJ23>='Braços de IP'!$B$10,AJ23<='Braços de IP'!$D$10),'Braços de IP'!$E$10,IF(AND(AJ23>='Braços de IP'!$B$11,AJ23<='Braços de IP'!$D$11),'Braços de IP'!$E$11,IF(AND(AJ23>='Braços de IP'!$B$12,AJ23<='Braços de IP'!$D$12),'Braços de IP'!$E$12,IF(AND(AJ23>='Braços de IP'!$B$13,AJ23<='Braços de IP'!$D$13),'Braços de IP'!$E$13,IF(AND(AJ23>='Braços de IP'!$B$14,AJ23<='Braços de IP'!$D$14),'Braços de IP'!$E$14,"ERRO"))))))) -> Médio II | CY23: =IF($CX23="","",VLOOKUP($CX23,'Braços de IP'!$E$9:$I$15,2,0)) | CZ23: =IF($CX23="","",VLOOKUP($CX23,'Braços de IP'!$E$9:$I$15,5,0)) | DG23: =CQ23 -> #N/A | DH23: =N23 -> 60 | DI23: =SUM(DG23:DH23)*CP23 -> #N/A | DJ23: =1-DG23/DH23 -> #N/A | DN23: Sim | DQ23: =((N23+O23)-CQ23)/(N23+O23) -> #VALUE! | DS23: V4 | DT23: =COUNTIF(J:J,DS23)/3 -> 0 | DU23: =DT23/$DT$414 -> #DIV/0! | DV23: =DT23/SUM($DT$315:$DT$342) -> #DIV/0!
E24: IP07845 | F24: PVP | G24: Rua dos Alecrins | H24: -23.403562 | I24: -46.864942 | J24: C4 | L24: P6 | M24: LED | N24: 60 | O24: Interno | P24: - | Q24: =N24*AH24*2 -> 120 | R24: 1 | S24: 2.9 | T24: 6.5 | X24: 3 | AD24: Unilateral | AE24: Braço | AF24: 30 | AG24: 7.5 | AH24: 1 | AI24: 0.7 | AJ24: 2.5 | AK24: =AJ24-AI24 -> 1.8 | AL24: - | AM24: - | AO24: =IF(AD24="Unilateral",2*AH24,IF(AD24="Bilateral Alternada",3*AH24,IF(AD24="Bilateral Frontal",4*AH24,IF(AD24="Canteiro Central",2*AH24,"erro")))) -> 2 | AV24: =IF(AP24=0,0,IF(AD24="Unilateral",2*AP24,IF(AD24="Bilateral Alternada",3*AP24,IF(AD24="Bilateral Frontal",4*AP24,IF(AD24="Canteiro Central",2*AP24,"erro"))))) -> 0 | AX24: =VLOOKUP(J24,ABNT5101!$I$3:$J$9,2) -> 10 | AY24: =VLOOKUP(J24,ABNT5101!$I$3:$M$9,5) -> 0.18 | AZ24: =_xlfn.XLOOKUP(J24,ABNT5101!I:I,ABNT5101!L:L) -> - | BA24: =_xlfn.XLOOKUP(J24,ABNT5101!$I:$I,ABNT5101!M:M) -> 0.18 | BB24: =_xlfn.XLOOKUP(J24,ABNT5101!$I:$I,ABNT5101!N:N) -> - | BC24: =_xlfn.XLOOKUP(J24,ABNT5101!$I:$I,ABNT5101!O:O) -> 16 | BD24: =IF(BN24="NÃO ATENDE","NÃO ATENDE",IF(BY24="NÃO ATENDE","NÃO ATENDE",IF(CH24="NÃO ATENDE","NÃO ATENDE","ATENDE"))) -> NÃO ATENDE | BE24: =BH24/AX24-1 -> -1 | BF24: =BI24/AY24-1 -> -1 | BG24: =IF($J24="M6",BJ24/AZ24-1,"-") -> - | BN24: =IF(OR(BO24="NÃO ATENDE",BP24="NÃO ATENDE",BQ24="NÃO ATENDE"),"NÃO ATENDE","ATENDE") -> NÃO ATENDE | BO24: =IF(BH24>=AX24,"ATENDE",IF(BH24>=0.99*AX24,"ATENDIMENTO LIMIAR","NÃO ATENDE")) -> NÃO ATENDE | BP24: =IF(BI24>=AY24,"ATENDE",IF(BI24>=(AY24-0.02),"ATENDIMENTO LIMIAR","NÃO ATENDE")) -> NÃO ATENDE | BQ24: =IF(AZ24="-","ATENDE",IF(BJ24>=AZ24,"ATENDE",IF(BJ24>=(AZ24-0.02),"ATENDIMENTO LIMIAR","NÃO ATENDE"))) -> ATENDE | BR24: =J24 -> C4 | BS24: =L24 -> P6 | BT24: =IF(BU24="-","-",BU24/BW24-1) -> -1 | BW24: =IF(BS24="-","-",_xlfn.XLOOKUP(BS24,ABNT5101!$B$4:$B$9,ABNT5101!$C$4:$C$9)) -> 3 | BX24: =IF(BS24="-","-",_xlfn.XLOOKUP(BS24,ABNT5101!$B$4:$B$9,ABNT5101!$D$4:$D$9)) -> 0.6 | BY24: =IF(BZ24="-","-",IF(BZ24="NÃO ATENDE","NÃO ATENDE",IF(CA24="NÃO ATENDE","NÃO ATENDE","ATENDE"))) -> NÃO ATENDE | BZ24: =IF(BS24="-","-",IF(BU24>=BW24,"ATENDE",IF(BU24>=(BW24*0.99),"ATENDIMENTO LIMIAR","NÃO ATENDE"))) -> NÃO ATENDE | CA24: =IF(BS24="-","-",IF(BV24>=BX24,"ATENDE","NÃO ATENDE")) -> NÃO ATENDE | CB24: =BS24 -> P6 | CC24: =IF(CD24="-","-",CD24/CF24-1) -> -1 | CF24: =IF(CB24="-","-",_xlfn.XLOOKUP(CB24,ABNT5101!$B$4:$B$9,ABNT5101!$C$4:$C$9)) -> 3 | CG24: =IF(CB24="-","-",_xlfn.XLOOKUP(CB24,ABNT5101!$B$4:$B$9,ABNT5101!$D$4:$D$9)) -> 0.6 | CH24: =IF(CI24="-","-",IF(CI24="NÃO ATENDE","NÃO ATENDE",IF(CJ24="NÃO ATENDE","NÃO ATENDE","ATENDE"))) -> NÃO ATENDE | CI24: =IF(CB24="-","-",IF(CD24>=(CF24),"ATENDE",IF(CD24>=(0.99*CF24),"ATENDIMENTO LIMIAR","NÃO ATENDE"))) -> NÃO ATENDE | CJ24: =IF(CB24="-","-",IF(CE24>=CG24,"ATENDE","NÃO ATENDE")) -> NÃO ATENDE | CK24: =_xlfn.XLOOKUP(CL24,'Banco de dados'!$B:$B,'Banco de dados'!$D:$D) -> #N/A | CM24: =_xlfn.XLOOKUP(CL24,'Banco de dados'!$B:$B,'Banco de dados'!$E:$E) -> #N/A | CO24: =IF(CN24="-","-",_xlfn.XLOOKUP(CN24,'Banco de dados'!$B:$B,'Banco de dados'!$E:$E)) -> #N/A | CP24: =AH24 -> 1 | CQ24: =_xlfn.XLOOKUP(CL24,'Banco de dados'!$B:$B,'Banco de dados'!$H:$H) -> #N/A | CR24: {=_xludf.xlookup(CN24,'Banco de dados'!$B:$B,'Banco de dados'!$H:$H)} -> #NAME? | CS24: {=_xludf.xlookup(CL24,'Banco de dados'!$B:$B,'Banco de dados'!$F:$F)} -> #NAME? | CT24: {=_xludf.xlookup(CN24,'Banco de dados'!$B:$B,'Banco de dados'!$F:$F)} -> #NAME? | CW24: =IF(AJ24=0.5,"Suporte",IF(AND(AJ24>='Braços de IP'!$B$9,AJ24<='Braços de IP'!$D$9),'Braços de IP'!$E$9,IF(AND(AJ24>='Braços de IP'!$B$10,AJ24<='Braços de IP'!$D$10),'Braços de IP'!$E$10,IF(AND(AJ24>='Braços de IP'!$B$11,AJ24<='Braços de IP'!$D$11),'Braços de IP'!$E$11,IF(AND(AJ24>='Braços de IP'!$B$12,AJ24<='Braços de IP'!$D$12),'Braços de IP'!$E$12,IF(AND(AJ24>='Braços de IP'!$B$13,AJ24<='Braços de IP'!$D$13),'Braços de IP'!$E$13,IF(AND(AJ24>='Braços de IP'!$B$14,AJ24<='Braços de IP'!$D$14),'Braços de IP'!$E$14,"ERRO"))))))) -> Médio II | CY24: =IF($CX24="","",VLOOKUP($CX24,'Braços de IP'!$E$9:$I$15,2,0)) | CZ24: =IF($CX24="","",VLOOKUP($CX24,'Braços de IP'!$E$9:$I$15,5,0)) | DG24: =CQ24 -> #N/A | DH24: =N24 -> 60 | DI24: =SUM(DG24:DH24)*CP24 -> #N/A | DJ24: =1-DG24/DH24 -> #N/A | DN24: Sim | DQ24: =((N24+O24)-CQ24)/(N24+O24) -> #VALUE! | DS24: V4 | DT24: =COUNTIF(J:J,DS24)/3 -> 0 | DU24: =DT24/$DT$414 -> #DIV/0! | DV24: =DT24/SUM($DT$315:$DT$342) -> #DIV/0!
E25: IP07845 | F25: PVP | G25: Rua dos Alecrins | H25: -23.403562 | I25: -46.864942 | J25: C4 | L25: P6 | M25: LED | N25: 60 | O25: Interno | P25: - | Q25: =N25*AH25*2 -> 120 | R25: 1 | S25: 2.9 | T25: 6.5 | X25: 3 | AD25: Unilateral | AE25: Braço | AF25: 30 | AG25: 7.5 | AH25: 1 | AI25: 0.7 | AJ25: 2.5 | AK25: =AJ25-AI25 -> 1.8 | AL25: - | AM25: - | AO25: =IF(AD25="Unilateral",2*AH25,IF(AD25="Bilateral Alternada",3*AH25,IF(AD25="Bilateral Frontal",4*AH25,IF(AD25="Canteiro Central",2*AH25,"erro")))) -> 2 | AV25: =IF(AP25=0,0,IF(AD25="Unilateral",2*AP25,IF(AD25="Bilateral Alternada",3*AP25,IF(AD25="Bilateral Frontal",4*AP25,IF(AD25="Canteiro Central",2*AP25,"erro"))))) -> 0 | AX25: =VLOOKUP(J25,ABNT5101!$I$3:$J$9,2) -> 10 | AY25: =VLOOKUP(J25,ABNT5101!$I$3:$M$9,5) -> 0.18 | AZ25: =_xlfn.XLOOKUP(J25,ABNT5101!I:I,ABNT5101!L:L) -> - | BA25: =_xlfn.XLOOKUP(J25,ABNT5101!$I:$I,ABNT5101!M:M) -> 0.18 | BB25: =_xlfn.XLOOKUP(J25,ABNT5101!$I:$I,ABNT5101!N:N) -> - | BC25: =_xlfn.XLOOKUP(J25,ABNT5101!$I:$I,ABNT5101!O:O) -> 16 | BD25: =IF(BN25="NÃO ATENDE","NÃO ATENDE",IF(BY25="NÃO ATENDE","NÃO ATENDE",IF(CH25="NÃO ATENDE","NÃO ATENDE","ATENDE"))) -> NÃO ATENDE | BE25: =BH25/AX25-1 -> -1 | BF25: =BI25/AY25-1 -> -1 | BG25: =IF($J25="M6",BJ25/AZ25-1,"-") -> - | BN25: =IF(OR(BO25="NÃO ATENDE",BP25="NÃO ATENDE",BQ25="NÃO ATENDE"),"NÃO ATENDE","ATENDE") -> NÃO ATENDE | BO25: =IF(BH25>=AX25,"ATENDE",IF(BH25>=0.99*AX25,"ATENDIMENTO LIMIAR","NÃO ATENDE")) -> NÃO ATENDE | BP25: =IF(BI25>=AY25,"ATENDE",IF(BI25>=(AY25-0.02),"ATENDIMENTO LIMIAR","NÃO ATENDE")) -> NÃO ATENDE | BQ25: =IF(AZ25="-","ATENDE",IF(BJ25>=AZ25,"ATENDE",IF(BJ25>=(AZ25-0.02),"ATENDIMENTO LIMIAR","NÃO ATENDE"))) -> ATENDE | BR25: =J25 -> C4 | BS25: =L25 -> P6 | BT25: =IF(BU25="-","-",BU25/BW25-1) -> -1 | BW25: =IF(BS25="-","-",_xlfn.XLOOKUP(BS25,ABNT5101!$B$4:$B$9,ABNT5101!$C$4:$C$9)) -> 3 | BX25: =IF(BS25="-","-",_xlfn.XLOOKUP(BS25,ABNT5101!$B$4:$B$9,ABNT5101!$D$4:$D$9)) -> 0.6 | BY25: =IF(BZ25="-","-",IF(BZ25="NÃO ATENDE","NÃO ATENDE",IF(CA25="NÃO ATENDE","NÃO ATENDE","ATENDE"))) -> NÃO ATENDE | BZ25: =IF(BS25="-","-",IF(BU25>=BW25,"ATENDE",IF(BU25>=(BW25*0.99),"ATENDIMENTO LIMIAR","NÃO ATENDE"))) -> NÃO ATENDE | CA25: =IF(BS25="-","-",IF(BV25>=BX25,"ATENDE","NÃO ATENDE")) -> NÃO ATENDE | CB25: =BS25 -> P6 | CC25: =IF(CD25="-","-",CD25/CF25-1) -> -1 | CF25: =IF(CB25="-","-",_xlfn.XLOOKUP(CB25,ABNT5101!$B$4:$B$9,ABNT5101!$C$4:$C$9)) -> 3 | CG25: =IF(CB25="-","-",_xlfn.XLOOKUP(CB25,ABNT5101!$B$4:$B$9,ABNT5101!$D$4:$D$9)) -> 0.6 | CH25: =IF(CI25="-","-",IF(CI25="NÃO ATENDE","NÃO ATENDE",IF(CJ25="NÃO ATENDE","NÃO ATENDE","ATENDE"))) -> NÃO ATENDE | CI25: =IF(CB25="-","-",IF(CD25>=(CF25),"ATENDE",IF(CD25>=(0.99*CF25),"ATENDIMENTO LIMIAR","NÃO ATENDE"))) -> NÃO ATENDE | CJ25: =IF(CB25="-","-",IF(CE25>=CG25,"ATENDE","NÃO ATENDE")) -> NÃO ATENDE | CK25: =_xlfn.XLOOKUP(CL25,'Banco de dados'!$B:$B,'Banco de dados'!$D:$D) -> #N/A | CM25: =_xlfn.XLOOKUP(CL25,'Banco de dados'!$B:$B,'Banco de dados'!$E:$E) -> #N/A | CO25: =IF(CN25="-","-",_xlfn.XLOOKUP(CN25,'Banco de dados'!$B:$B,'Banco de dados'!$E:$E)) -> #N/A | CP25: =AH25 -> 1 | CQ25: =_xlfn.XLOOKUP(CL25,'Banco de dados'!$B:$B,'Banco de dados'!$H:$H) -> #N/A | CR25: {=_xludf.xlookup(CN25,'Banco de dados'!$B:$B,'Banco de dados'!$H:$H)} -> #NAME? | CS25: {=_xludf.xlookup(CL25,'Banco de dados'!$B:$B,'Banco de dados'!$F:$F)} -> #NAME? | CT25: {=_xludf.xlookup(CN25,'Banco de dados'!$B:$B,'Banco de dados'!$F:$F)} -> #NAME? | CW25: =IF(AJ25=0.5,"Suporte",IF(AND(AJ25>='Braços de IP'!$B$9,AJ25<='Braços de IP'!$D$9),'Braços de IP'!$E$9,IF(AND(AJ25>='Braços de IP'!$B$10,AJ25<='Braços de IP'!$D$10),'Braços de IP'!$E$10,IF(AND(AJ25>='Braços de IP'!$B$11,AJ25<='Braços de IP'!$D$11),'Braços de IP'!$E$11,IF(AND(AJ25>='Braços de IP'!$B$12,AJ25<='Braços de IP'!$D$12),'Braços de IP'!$E$12,IF(AND(AJ25>='Braços de IP'!$B$13,AJ25<='Braços de IP'!$D$13),'Braços de IP'!$E$13,IF(AND(AJ25>='Braços de IP'!$B$14,AJ25<='Braços de IP'!$D$14),'Braços de IP'!$E$14,"ERRO"))))))) -> Médio II | CY25: =IF($CX25="","",VLOOKUP($CX25,'Braços de IP'!$E$9:$I$15,2,0)) | CZ25: =IF($CX25="","",VLOOKUP($CX25,'Braços de IP'!$E$9:$I$15,5,0)) | DG25: =CQ25 -> #N/A | DH25: =N25 -> 60 | DI25: =SUM(DG25:DH25)*CP25 -> #N/A | DJ25: =1-DG25/DH25 -> #N/A | DN25: Sim | DQ25: =((N25+O25)-CQ25)/(N25+O25) -> #VALUE! | DS25: V4 | DT25: =COUNTIF(J:J,DS25)/3 -> 0 | DU25: =DT25/$DT$414 -> #DIV/0! | DV25: =DT25/SUM($DT$315:$DT$342) -> #DIV/0!
E26: IP06313 | F26: PVP | G26: Rua Takaharu Urano | H26: -23.409133 | I26: -46.853039 | J26: C4 | L26: P6 | M26: LED | N26: 87 | O26: Interno | P26: - | Q26: =N26*AH26*2 -> 174 | R26: 1 | S26: 1,5 | T26: 6.7 | X26: 3 | AD26: Unilateral | AE26: Braço | AF26: 32.5 | AG26: 7.3 | AH26: 1 | AI26: 0.65 | AJ26: 2.6 | AK26: =AJ26-AI26 -> 1.95 | AL26: - | AM26: - | AO26: =IF(AD26="Unilateral",2*AH26,IF(AD26="Bilateral Alternada",3*AH26,IF(AD26="Bilateral Frontal",4*AH26,IF(AD26="Canteiro Central",2*AH26,"erro")))) -> 2 | AV26: =IF(AP26=0,0,IF(AD26="Unilateral",2*AP26,IF(AD26="Bilateral Alternada",3*AP26,IF(AD26="Bilateral Frontal",4*AP26,IF(AD26="Canteiro Central",2*AP26,"erro"))))) -> 0 | AX26: =VLOOKUP(J26,ABNT5101!$I$3:$J$9,2) -> 10 | AY26: =VLOOKUP(J26,ABNT5101!$I$3:$M$9,5) -> 0.18 | AZ26: =_xlfn.XLOOKUP(J26,ABNT5101!I:I,ABNT5101!L:L) -> - | BA26: =_xlfn.XLOOKUP(J26,ABNT5101!$I:$I,ABNT5101!M:M) -> 0.18 | BB26: =_xlfn.XLOOKUP(J26,ABNT5101!$I:$I,ABNT5101!N:N) -> - | BC26: =_xlfn.XLOOKUP(J26,ABNT5101!$I:$I,ABNT5101!O:O) -> 16 | BD26: =IF(BN26="NÃO ATENDE","NÃO ATENDE",IF(BY26="NÃO ATENDE","NÃO ATENDE",IF(CH26="NÃO ATENDE","NÃO ATENDE","ATENDE"))) -> NÃO ATENDE | BE26: =BH26/AX26-1 -> -1 | BF26: =BI26/AY26-1 -> -1 | BG26: =IF($J26="M6",BJ26/AZ26-1,"-") -> - | BN26: =IF(OR(BO26="NÃO ATENDE",BP26="NÃO ATENDE",BQ26="NÃO ATENDE"),"NÃO ATENDE","ATENDE") -> NÃO ATENDE | BO26: =IF(BH26>=AX26,"ATENDE",IF(BH26>=0.99*AX26,"ATENDIMENTO LIMIAR","NÃO ATENDE")) -> NÃO ATENDE | BP26: =IF(BI26>=AY26,"ATENDE",IF(BI26>=(AY26-0.02),"ATENDIMENTO LIMIAR","NÃO ATENDE")) -> NÃO ATENDE | BQ26: =IF(AZ26="-","ATENDE",IF(BJ26>=AZ26,"ATENDE",IF(BJ26>=(AZ26-0.02),"ATENDIMENTO LIMIAR","NÃO ATENDE"))) -> ATENDE | BR26: =J26 -> C4 | BS26: =L26 -> P6 | BT26: =IF(BU26="-","-",BU26/BW26-1) -> -1 | BW26: =IF(BS26="-","-",_xlfn.XLOOKUP(BS26,ABNT5101!$B$4:$B$9,ABNT5101!$C$4:$C$9)) -> 3 | BX26: =IF(BS26="-","-",_xlfn.XLOOKUP(BS26,ABNT5101!$B$4:$B$9,ABNT5101!$D$4:$D$9)) -> 0.6 | BY26: =IF(BZ26="-","-",IF(BZ26="NÃO ATENDE","NÃO ATENDE",IF(CA26="NÃO ATENDE","NÃO ATENDE","ATENDE"))) -> NÃO ATENDE | BZ26: =IF(BS26="-","-",IF(BU26>=BW26,"ATENDE",IF(BU26>=(BW26*0.99),"ATENDIMENTO LIMIAR","NÃO ATENDE"))) -> NÃO ATENDE | CA26: =IF(BS26="-","-",IF(BV26>=BX26,"ATENDE","NÃO ATENDE")) -> NÃO ATENDE | CB26: =BS26 -> P6 | CC26: =IF(CD26="-","-",CD26/CF26-1) -> -1 | CF26: =IF(CB26="-","-",_xlfn.XLOOKUP(CB26,ABNT5101!$B$4:$B$9,ABNT5101!$C$4:$C$9)) -> 3 | CG26: =IF(CB26="-","-",_xlfn.XLOOKUP(CB26,ABNT5101!$B$4:$B$9,ABNT5101!$D$4:$D$9)) -> 0.6 | CH26: =IF(CI26="-","-",IF(CI26="NÃO ATENDE","NÃO ATENDE",IF(CJ26="NÃO ATENDE","NÃO ATENDE","ATENDE"))) -> NÃO ATENDE | CI26: =IF(CB26="-","-",IF(CD26>=(CF26),"ATENDE",IF(CD26>=(0.99*CF26),"ATENDIMENTO LIMIAR","NÃO ATENDE"))) -> NÃO ATENDE | CJ26: =IF(CB26="-","-",IF(CE26>=CG26,"ATENDE","NÃO ATENDE")) -> NÃO ATENDE | CK26: =_xlfn.XLOOKUP(CL26,'Banco de dados'!$B:$B,'Banco de dados'!$D:$D) -> #N/A | CM26: =_xlfn.XLOOKUP(CL26,'Banco de dados'!$B:$B,'Banco de dados'!$E:$E) -> #N/A | CO26: =IF(CN26="-","-",_xlfn.XLOOKUP(CN26,'Banco de dados'!$B:$B,'Banco de dados'!$E:$E)) -> #N/A | CP26: =AH26 -> 1 | CQ26: =_xlfn.XLOOKUP(CL26,'Banco de dados'!$B:$B,'Banco de dados'!$H:$H) -> #N/A | CR26: {=_xludf.xlookup(CN26,'Banco de dados'!$B:$B,'Banco de dados'!$H:$H)} -> #NAME? | CS26: {=_xludf.xlookup(CL26,'Banco de dados'!$B:$B,'Banco de dados'!$F:$F)} -> #NAME? | CT26: {=_xludf.xlookup(CN26,'Banco de dados'!$B:$B,'Banco de dados'!$F:$F)} -> #NAME? | CW26: =IF(AJ26=0.5,"Suporte",IF(AND(AJ26>='Braços de IP'!$B$9,AJ26<='Braços de IP'!$D$9),'Braços de IP'!$E$9,IF(AND(AJ26>='Braços de IP'!$B$10,AJ26<='Braços de IP'!$D$10),'Braços de IP'!$E$10,IF(AND(AJ26>='Braços de IP'!$B$11,AJ26<='Braços de IP'!$D$11),'Braços de IP'!$E$11,IF(AND(AJ26>='Braços de IP'!$B$12,AJ26<='Braços de IP'!$D$12),'Braços de IP'!$E$12,IF(AND(AJ26>='Braços de IP'!$B$13,AJ26<='Braços de IP'!$D$13),'Braços de IP'!$E$13,IF(AND(AJ26>='Braços de IP'!$B$14,AJ26<='Braços de IP'!$D$14),'Braços de IP'!$E$14,"ERRO"))))))) -> Longo I | CY26: =IF($CX26="","",VLOOKUP($CX26,'Braços de IP'!$E$9:$I$15,2,0)) | CZ26: =IF($CX26="","",VLOOKUP($CX26,'Braços de IP'!$E$9:$I$15,5,0)) | DG26: =CQ26 -> #N/A | DH26: =N26 -> 87 | DI26: =SUM(DG26:DH26)*CP26 -> #N/A | DJ26: =1-DG26/DH26 -> #N/A | DN26: Sim | DQ26: =((N26+O26)-CQ26)/(N26+O26) -> #VALUE! | DS26: V4 | DT26: =COUNTIF(J:J,DS26)/3 -> 0 | DU26: =DT26/$DT$414 -> #DIV/0! | DV26: =DT26/SUM($DT$315:$DT$342) -> #DIV/0!
E27: IP06313 | F27: PVP | G27: Rua Takaharu Urano | H27: -23.409133 | I27: -46.853039 | J27: C4 | L27: P6 | M27: LED | N27: 87 | O27: Interno | P27: - | Q27: =N27*AH27*2 -> 174 | R27: 1 | S27: 1,5 | T27: 6.7 | X27: 3 | AD27: Unilateral | AE27: Braço | AF27: 32.5 | AG27: 7.3 | AH27: 1 | AI27: 0.65 | AJ27: 2.6 | AK27: =AJ27-AI27 -> 1.95 | AL27: - | AM27: - | AO27: =IF(AD27="Unilateral",2*AH27,IF(AD27="Bilateral Alternada",3*AH27,IF(AD27="Bilateral Frontal",4*AH27,IF(AD27="Canteiro Central",2*AH27,"erro")))) -> 2 | AV27: =IF(AP27=0,0,IF(AD27="Unilateral",2*AP27,IF(AD27="Bilateral Alternada",3*AP27,IF(AD27="Bilateral Frontal",4*AP27,IF(AD27="Canteiro Central",2*AP27,"erro"))))) -> 0 | AX27: =VLOOKUP(J27,ABNT5101!$I$3:$J$9,2) -> 10 | AY27: =VLOOKUP(J27,ABNT5101!$I$3:$M$9,5) -> 0.18 | AZ27: =_xlfn.XLOOKUP(J27,ABNT5101!I:I,ABNT5101!L:L) -> - | BA27: =_xlfn.XLOOKUP(J27,ABNT5101!$I:$I,ABNT5101!M:M) -> 0.18 | BB27: =_xlfn.XLOOKUP(J27,ABNT5101!$I:$I,ABNT5101!N:N) -> - | BC27: =_xlfn.XLOOKUP(J27,ABNT5101!$I:$I,ABNT5101!O:O) -> 16 | BD27: =IF(BN27="NÃO ATENDE","NÃO ATENDE",IF(BY27="NÃO ATENDE","NÃO ATENDE",IF(CH27="NÃO ATENDE","NÃO ATENDE","ATENDE"))) -> NÃO ATENDE | BE27: =BH27/AX27-1 -> -1 | BF27: =BI27/AY27-1 -> -1 | BG27: =IF($J27="M6",BJ27/AZ27-1,"-") -> - | BN27: =IF(OR(BO27="NÃO ATENDE",BP27="NÃO ATENDE",BQ27="NÃO ATENDE"),"NÃO ATENDE","ATENDE") -> NÃO ATENDE | BO27: =IF(BH27>=AX27,"ATENDE",IF(BH27>=0.99*AX27,"ATENDIMENTO LIMIAR","NÃO ATENDE")) -> NÃO ATENDE | BP27: =IF(BI27>=AY27,"ATENDE",IF(BI27>=(AY27-0.02),"ATENDIMENTO LIMIAR","NÃO ATENDE")) -> NÃO ATENDE | BQ27: =IF(AZ27="-","ATENDE",IF(BJ27>=AZ27,"ATENDE",IF(BJ27>=(AZ27-0.02),"ATENDIMENTO LIMIAR","NÃO ATENDE"))) -> ATENDE | BR27: =J27 -> C4 | BS27: =L27 -> P6 | BT27: =IF(BU27="-","-",BU27/BW27-1) -> -1 | BW27: =IF(BS27="-","-",_xlfn.XLOOKUP(BS27,ABNT5101!$B$4:$B$9,ABNT5101!$C$4:$C$9)) -> 3 | BX27: =IF(BS27="-","-",_xlfn.XLOOKUP(BS27,ABNT5101!$B$4:$B$9,ABNT5101!$D$4:$D$9)) -> 0.6 | BY27: =IF(BZ27="-","-",IF(BZ27="NÃO ATENDE","NÃO ATENDE",IF(CA27="NÃO ATENDE","NÃO ATENDE","ATENDE"))) -> NÃO ATENDE | BZ27: =IF(BS27="-","-",IF(BU27>=BW27,"ATENDE",IF(BU27>=(BW27*0.99),"ATENDIMENTO LIMIAR","NÃO ATENDE"))) -> NÃO ATENDE | CA27: =IF(BS27="-","-",IF(BV27>=BX27,"ATENDE","NÃO ATENDE")) -> NÃO ATENDE | CB27: =BS27 -> P6 | CC27: =IF(CD27="-","-",CD27/CF27-1) -> -1 | CF27: =IF(CB27="-","-",_xlfn.XLOOKUP(CB27,ABNT5101!$B$4:$B$9,ABNT5101!$C$4:$C$9)) -> 3 | CG27: =IF(CB27="-","-",_xlfn.XLOOKUP(CB27,ABNT5101!$B$4:$B$9,ABNT5101!$D$4:$D$9)) -> 0.6 | CH27: =IF(CI27="-","-",IF(CI27="NÃO ATENDE","NÃO ATENDE",IF(CJ27="NÃO ATENDE","NÃO ATENDE","ATENDE"))) -> NÃO ATENDE | CI27: =IF(CB27="-","-",IF(CD27>=(CF27),"ATENDE",IF(CD27>=(0.99*CF27),"ATENDIMENTO LIMIAR","NÃO ATENDE"))) -> NÃO ATENDE | CJ27: =IF(CB27="-","-",IF(CE27>=CG27,"ATENDE","NÃO ATENDE")) -> NÃO ATENDE | CK27: =_xlfn.XLOOKUP(CL27,'Banco de dados'!$B:$B,'Banco de dados'!$D:$D) -> #N/A | CM27: =_xlfn.XLOOKUP(CL27,'Banco de dados'!$B:$B,'Banco de dados'!$E:$E) -> #N/A | CO27: =IF(CN27="-","-",_xlfn.XLOOKUP(CN27,'Banco de dados'!$B:$B,'Banco de dados'!$E:$E)) -> #N/A | CP27: =AH27 -> 1 | CQ27: =_xlfn.XLOOKUP(CL27,'Banco de dados'!$B:$B,'Banco de dados'!$H:$H) -> #N/A | CR27: {=_xludf.xlookup(CN27,'Banco de dados'!$B:$B,'Banco de dados'!$H:$H)} -> #NAME? | CS27: {=_xludf.xlookup(CL27,'Banco de dados'!$B:$B,'Banco de dados'!$F:$F)} -> #NAME? | CT27: {=_xludf.xlookup(CN27,'Banco de dados'!$B:$B,'Banco de dados'!$F:$F)} -> #NAME? | CW27: =IF(AJ27=0.5,"Suporte",IF(AND(AJ27>='Braços de IP'!$B$9,AJ27<='Braços de IP'!$D$9),'Braços de IP'!$E$9,IF(AND(AJ27>='Braços de IP'!$B$10,AJ27<='Braços de IP'!$D$10),'Braços de IP'!$E$10,IF(AND(AJ27>='Braços de IP'!$B$11,AJ27<='Braços de IP'!$D$11),'Braços de IP'!$E$11,IF(AND(AJ27>='Braços de IP'!$B$12,AJ27<='Braços de IP'!$D$12),'Braços de IP'!$E$12,IF(AND(AJ27>='Braços de IP'!$B$13,AJ27<='Braços de IP'!$D$13),'Braços de IP'!$E$13,IF(AND(AJ27>='Braços de IP'!$B$14,AJ27<='Braços de IP'!$D$14),'Braços de IP'!$E$14,"ERRO"))))))) -> Longo I | CY27: =IF($CX27="","",VLOOKUP($CX27,'Braços de IP'!$E$9:$I$15,2,0)) | CZ27: =IF($CX27="","",VLOOKUP($CX27,'Braços de IP'!$E$9:$I$15,5,0)) | DG27: =CQ27 -> #N/A | DH27: =N27 -> 87 | DI27: =SUM(DG27:DH27)*CP27 -> #N/A | DJ27: =1-DG27/DH27 -> #N/A | DN27: Sim | DQ27: =((N27+O27)-CQ27)/(N27+O27) -> #VALUE! | DS27: V4 | DT27: =COUNTIF(J:J,DS27)/3 -> 0 | DU27: =DT27/$DT$414 -> #DIV/0! | DV27: =DT27/SUM($DT$315:$DT$342) -> #DIV/0!
E28: IP06313 | F28: PVP | G28: Rua Takaharu Urano | H28: -23.409133 | I28: -46.853039 | J28: C4 | L28: P6 | M28: LED | N28: 87 | O28: Interno | P28: - | Q28: =N28*AH28*2 -> 174 | R28: 1 | S28: 1,5 | T28: 6.7 | X28: 3 | AD28: Unilateral | AE28: Braço | AF28: 32.5 | AG28: 7.3 | AH28: 1 | AI28: 0.65 | AJ28: 2.6 | AK28: =AJ28-AI28 -> 1.95 | AL28: - | AM28: - | AO28: =IF(AD28="Unilateral",2*AH28,IF(AD28="Bilateral Alternada",3*AH28,IF(AD28="Bilateral Frontal",4*AH28,IF(AD28="Canteiro Central",2*AH28,"erro")))) -> 2 | AV28: =IF(AP28=0,0,IF(AD28="Unilateral",2*AP28,IF(AD28="Bilateral Alternada",3*AP28,IF(AD28="Bilateral Frontal",4*AP28,IF(AD28="Canteiro Central",2*AP28,"erro"))))) -> 0 | AX28: =VLOOKUP(J28,ABNT5101!$I$3:$J$9,2) -> 10 | AY28: =VLOOKUP(J28,ABNT5101!$I$3:$M$9,5) -> 0.18 | AZ28: =_xlfn.XLOOKUP(J28,ABNT5101!I:I,ABNT5101!L:L) -> - | BA28: =_xlfn.XLOOKUP(J28,ABNT5101!$I:$I,ABNT5101!M:M) -> 0.18 | BB28: =_xlfn.XLOOKUP(J28,ABNT5101!$I:$I,ABNT5101!N:N) -> - | BC28: =_xlfn.XLOOKUP(J28,ABNT5101!$I:$I,ABNT5101!O:O) -> 16 | BD28: =IF(BN28="NÃO ATENDE","NÃO ATENDE",IF(BY28="NÃO ATENDE","NÃO ATENDE",IF(CH28="NÃO ATENDE","NÃO ATENDE","ATENDE"))) -> NÃO ATENDE | BE28: =BH28/AX28-1 -> -1 | BF28: =BI28/AY28-1 -> -1 | BG28: =IF($J28="M6",BJ28/AZ28-1,"-") -> - | BN28: =IF(OR(BO28="NÃO ATENDE",BP28="NÃO ATENDE",BQ28="NÃO ATENDE"),"NÃO ATENDE","ATENDE") -> NÃO ATENDE | BO28: =IF(BH28>=AX28,"ATENDE",IF(BH28>=0.99*AX28,"ATENDIMENTO LIMIAR","NÃO ATENDE")) -> NÃO ATENDE | BP28: =IF(BI28>=AY28,"ATENDE",IF(BI28>=(AY28-0.02),"ATENDIMENTO LIMIAR","NÃO ATENDE")) -> NÃO ATENDE | BQ28: =IF(AZ28="-","ATENDE",IF(BJ28>=AZ28,"ATENDE",IF(BJ28>=(AZ28-0.02),"ATENDIMENTO LIMIAR","NÃO ATENDE"))) -> ATENDE | BR28: =J28 -> C4 | BS28: =L28 -> P6 | BT28: =IF(BU28="-","-",BU28/BW28-1) -> -1 | BW28: =IF(BS28="-","-",_xlfn.XLOOKUP(BS28,ABNT5101!$B$4:$B$9,ABNT5101!$C$4:$C$9)) -> 3 | BX28: =IF(BS28="-","-",_xlfn.XLOOKUP(BS28,ABNT5101!$B$4:$B$9,ABNT5101!$D$4:$D$9)) -> 0.6 | BY28: =IF(BZ28="-","-",IF(BZ28="NÃO ATENDE","NÃO ATENDE",IF(CA28="NÃO ATENDE","NÃO ATENDE","ATENDE"))) -> NÃO ATENDE | BZ28: =IF(BS28="-","-",IF(BU28>=BW28,"ATENDE",IF(BU28>=(BW28*0.99),"ATENDIMENTO LIMIAR","NÃO ATENDE"))) -> NÃO ATENDE | CA28: =IF(BS28="-","-",IF(BV28>=BX28,"ATENDE","NÃO ATENDE")) -> NÃO ATENDE | CB28: =BS28 -> P6 | CC28: =IF(CD28="-","-",CD28/CF28-1) -> -1 | CF28: =IF(CB28="-","-",_xlfn.XLOOKUP(CB28,ABNT5101!$B$4:$B$9,ABNT5101!$C$4:$C$9)) -> 3 | CG28: =IF(CB28="-","-",_xlfn.XLOOKUP(CB28,ABNT5101!$B$4:$B$9,ABNT5101!$D$4:$D$9)) -> 0.6 | CH28: =IF(CI28="-","-",IF(CI28="NÃO ATENDE","NÃO ATENDE",IF(CJ28="NÃO ATENDE","NÃO ATENDE","ATENDE"))) -> NÃO ATENDE | CI28: =IF(CB28="-","-",IF(CD28>=(CF28),"ATENDE",IF(CD28>=(0.99*CF28),"ATENDIMENTO LIMIAR","NÃO ATENDE"))) -> NÃO ATENDE | CJ28: =IF(CB28="-","-",IF(CE28>=CG28,"ATENDE","NÃO ATENDE")) -> NÃO ATENDE | CK28: =_xlfn.XLOOKUP(CL28,'Banco de dados'!$B:$B,'Banco de dados'!$D:$D) -> #N/A | CM28: =_xlfn.XLOOKUP(CL28,'Banco de dados'!$B:$B,'Banco de dados'!$E:$E) -> #N/A | CO28: =IF(CN28="-","-",_xlfn.XLOOKUP(CN28,'Banco de dados'!$B:$B,'Banco de dados'!$E:$E)) -> #N/A | CP28: =AH28 -> 1 | CQ28: =_xlfn.XLOOKUP(CL28,'Banco de dados'!$B:$B,'Banco de dados'!$H:$H) -> #N/A | CR28: {=_xludf.xlookup(CN28,'Banco de dados'!$B:$B,'Banco de dados'!$H:$H)} -> #NAME? | CS28: {=_xludf.xlookup(CL28,'Banco de dados'!$B:$B,'Banco de dados'!$F:$F)} -> #NAME? | CT28: {=_xludf.xlookup(CN28,'Banco de dados'!$B:$B,'Banco de dados'!$F:$F)} -> #NAME? | CW28: =IF(AJ28=0.5,"Suporte",IF(AND(AJ28>='Braços de IP'!$B$9,AJ28<='Braços de IP'!$D$9),'Braços de IP'!$E$9,IF(AND(AJ28>='Braços de IP'!$B$10,AJ28<='Braços de IP'!$D$10),'Braços de IP'!$E$10,IF(AND(AJ28>='Braços de IP'!$B$11,AJ28<='Braços de IP'!$D$11),'Braços de IP'!$E$11,IF(AND(AJ28>='Braços de IP'!$B$12,AJ28<='Braços de IP'!$D$12),'Braços de IP'!$E$12,IF(AND(AJ28>='Braços de IP'!$B$13,AJ28<='Braços de IP'!$D$13),'Braços de IP'!$E$13,IF(AND(AJ28>='Braços de IP'!$B$14,AJ28<='Braços de IP'!$D$14),'Braços de IP'!$E$14,"ERRO"))))))) -> Longo I | CY28: =IF($CX28="","",VLOOKUP($CX28,'Braços de IP'!$E$9:$I$15,2,0)) | CZ28: =IF($CX28="","",VLOOKUP($CX28,'Braços de IP'!$E$9:$I$15,5,0)) | DG28: =CQ28 -> #N/A | DH28: =N28 -> 87 | DI28: =SUM(DG28:DH28)*CP28 -> #N/A | DJ28: =1-DG28/DH28 -> #N/A | DN28: Sim | DQ28: =((N28+O28)-CQ28)/(N28+O28) -> #VALUE! | DS28: V4 | DT28: =COUNTIF(J:J,DS28)/3 -> 0 | DU28: =DT28/$DT$414 -> #DIV/0! | DV28: =DT28/SUM($DT$315:$DT$342) -> #DIV/0!
E29: IP07985 | F29: PVP | G29: Rua dos Lírios | H29: -23.406042 | I29: -46.85383 | J29: C4 | L29: P6 | M29: LED | N29: 90 | O29: Interno | P29: - | Q29: =N29*AH29*2 -> 180 | R29: 1 | S29: 3.5 | T29: 7.1 | X29: 3.3 | AD29: Unilateral | AE29: Braço | AF29: 22.1 | AG29: 7.4 | AH29: 1 | AI29: 0.25 | AJ29: 2.3 | AK29: =AJ29-AI29 -> 2.05 | AL29: - | AM29: - | AO29: =IF(AD29="Unilateral",2*AH29,IF(AD29="Bilateral Alternada",3*AH29,IF(AD29="Bilateral Frontal",4*AH29,IF(AD29="Canteiro Central",2*AH29,"erro")))) -> 2 | AV29: =IF(AP29=0,0,IF(AD29="Unilateral",2*AP29,IF(AD29="Bilateral Alternada",3*AP29,IF(AD29="Bilateral Frontal",4*AP29,IF(AD29="Canteiro Central",2*AP29,"erro"))))) -> 0 | AX29: =VLOOKUP(J29,ABNT5101!$I$3:$J$9,2) -> 10 | AY29: =VLOOKUP(J29,ABNT5101!$I$3:$M$9,5) -> 0.18 | AZ29: =_xlfn.XLOOKUP(J29,ABNT5101!I:I,ABNT5101!L:L) -> - | BA29: =_xlfn.XLOOKUP(J29,ABNT5101!$I:$I,ABNT5101!M:M) -> 0.18 | BB29: =_xlfn.XLOOKUP(J29,ABNT5101!$I:$I,ABNT5101!N:N) -> - | BC29: =_xlfn.XLOOKUP(J29,ABNT5101!$I:$I,ABNT5101!O:O) -> 16 | BD29: =IF(BN29="NÃO ATENDE","NÃO ATENDE",IF(BY29="NÃO ATENDE","NÃO ATENDE",IF(CH29="NÃO ATENDE","NÃO ATENDE","ATENDE"))) -> NÃO ATENDE | BE29: =BH29/AX29-1 -> -1 | BF29: =BI29/AY29-1 -> -1 | BG29: =IF($J29="M6",BJ29/AZ29-1,"-") -> - | BN29: =IF(OR(BO29="NÃO ATENDE",BP29="NÃO ATENDE",BQ29="NÃO ATENDE"),"NÃO ATENDE","ATENDE") -> NÃO ATENDE | BO29: =IF(BH29>=AX29,"ATENDE",IF(BH29>=0.99*AX29,"ATENDIMENTO LIMIAR","NÃO ATENDE")) -> NÃO ATENDE | BP29: =IF(BI29>=AY29,"ATENDE",IF(BI29>=(AY29-0.02),"ATENDIMENTO LIMIAR","NÃO ATENDE")) -> NÃO ATENDE | BQ29: =IF(AZ29="-","ATENDE",IF(BJ29>=AZ29,"ATENDE",IF(BJ29>=(AZ29-0.02),"ATENDIMENTO LIMIAR","NÃO ATENDE"))) -> ATENDE | BR29: =J29 -> C4 | BS29: =L29 -> P6 | BT29: =IF(BU29="-","-",BU29/BW29-1) -> -1 | BW29: =IF(BS29="-","-",_xlfn.XLOOKUP(BS29,ABNT5101!$B$4:$B$9,ABNT5101!$C$4:$C$9)) -> 3 | BX29: =IF(BS29="-","-",_xlfn.XLOOKUP(BS29,ABNT5101!$B$4:$B$9,ABNT5101!$D$4:$D$9)) -> 0.6 | BY29: =IF(BZ29="-","-",IF(BZ29="NÃO ATENDE","NÃO ATENDE",IF(CA29="NÃO ATENDE","NÃO ATENDE","ATENDE"))) -> NÃO ATENDE | BZ29: =IF(BS29="-","-",IF(BU29>=BW29,"ATENDE",IF(BU29>=(BW29*0.99),"ATENDIMENTO LIMIAR","NÃO ATENDE"))) -> NÃO ATENDE | CA29: =IF(BS29="-","-",IF(BV29>=BX29,"ATENDE","NÃO ATENDE")) -> NÃO ATENDE | CB29: =BS29 -> P6 | CC29: =IF(CD29="-","-",CD29/CF29-1) -> -1 | CF29: =IF(CB29="-","-",_xlfn.XLOOKUP(CB29,ABNT5101!$B$4:$B$9,ABNT5101!$C$4:$C$9)) -> 3 | CG29: =IF(CB29="-","-",_xlfn.XLOOKUP(CB29,ABNT5101!$B$4:$B$9,ABNT5101!$D$4:$D$9)) -> 0.6 | CH29: =IF(CI29="-","-",IF(CI29="NÃO ATENDE","NÃO ATENDE",IF(CJ29="NÃO ATENDE","NÃO ATENDE","ATENDE"))) -> NÃO ATENDE | CI29: =IF(CB29="-","-",IF(CD29>=(CF29),"ATENDE",IF(CD29>=(0.99*CF29),"ATENDIMENTO LIMIAR","NÃO ATENDE"))) -> NÃO ATENDE | CJ29: =IF(CB29="-","-",IF(CE29>=CG29,"ATENDE","NÃO ATENDE")) -> NÃO ATENDE | CK29: =_xlfn.XLOOKUP(CL29,'Banco de dados'!$B:$B,'Banco de dados'!$D:$D) -> #N/A | CM29: =_xlfn.XLOOKUP(CL29,'Banco de dados'!$B:$B,'Banco de dados'!$E:$E) -> #N/A | CO29: =IF(CN29="-","-",_xlfn.XLOOKUP(CN29,'Banco de dados'!$B:$B,'Banco de dados'!$E:$E)) -> #N/A | CP29: =AH29 -> 1 | CQ29: =_xlfn.XLOOKUP(CL29,'Banco de dados'!$B:$B,'Banco de dados'!$H:$H) -> #N/A | CR29: {=_xludf.xlookup(CN29,'Banco de dados'!$B:$B,'Banco de dados'!$H:$H)} -> #NAME? | CS29: {=_xludf.xlookup(CL29,'Banco de dados'!$B:$B,'Banco de dados'!$F:$F)} -> #NAME? | CT29: {=_xludf.xlookup(CN29,'Banco de dados'!$B:$B,'Banco de dados'!$F:$F)} -> #NAME? | CW29: =IF(AJ29=0.5,"Suporte",IF(AND(AJ29>='Braços de IP'!$B$9,AJ29<='Braços de IP'!$D$9),'Braços de IP'!$E$9,IF(AND(AJ29>='Braços de IP'!$B$10,AJ29<='Braços de IP'!$D$10),'Braços de IP'!$E$10,IF(AND(AJ29>='Braços de IP'!$B$11,AJ29<='Braços de IP'!$D$11),'Braços de IP'!$E$11,IF(AND(AJ29>='Braços de IP'!$B$12,AJ29<='Braços de IP'!$D$12),'Braços de IP'!$E$12,IF(AND(AJ29>='Braços de IP'!$B$13,AJ29<='Braços de IP'!$D$13),'Braços de IP'!$E$13,IF(AND(AJ29>='Braços de IP'!$B$14,AJ29<='Braços de IP'!$D$14),'Braços de IP'!$E$14,"ERRO"))))))) -> Médio II | CY29: =IF($CX29="","",VLOOKUP($CX29,'Braços de IP'!$E$9:$I$15,2,0)) | CZ29: =IF($CX29="","",VLOOKUP($CX29,'Braços de IP'!$E$9:$I$15,5,0)) | DG29: =CQ29 -> #N/A | DH29: =N29 -> 90 | DI29: =SUM(DG29:DH29)*CP29 -> #N/A | DJ29: =1-DG29/DH29 -> #N/A | DN29: Sim | DQ29: =((N29+O29)-CQ29)/(N29+O29) -> #VALUE! | DS29: V5 | DT29: =COUNTIF(J:J,DS29)/3 -> 0 | DU29: =DT29/$DT$414 -> #DIV/0! | DV29: =DT29/SUM($DT$315:$DT$342) -> #DIV/0!
E30: IP07985 | F30: PVP | G30: Rua dos Lírios | H30: -23.406042 | I30: -46.85383 | J30: C4 | L30: P6 | M30: LED | N30: 90 | O30: Interno | P30: - | Q30: =N30*AH30*2 -> 180 | R30: 1 | S30: 3.5 | T30: 7.1 | X30: 3.3 | AD30: Unilateral | AE30: Braço | AF30: 22.1 | AG30: 7.4 | AH30: 1 | AI30: 0.25 | AJ30: 2.3 | AK30: =AJ30-AI30 -> 2.05 | AL30: - | AM30: - | AO30: =IF(AD30="Unilateral",2*AH30,IF(AD30="Bilateral Alternada",3*AH30,IF(AD30="Bilateral Frontal",4*AH30,IF(AD30="Canteiro Central",2*AH30,"erro")))) -> 2 | AV30: =IF(AP30=0,0,IF(AD30="Unilateral",2*AP30,IF(AD30="Bilateral Alternada",3*AP30,IF(AD30="Bilateral Frontal",4*AP30,IF(AD30="Canteiro Central",2*AP30,"erro"))))) -> 0 | AX30: =VLOOKUP(J30,ABNT5101!$I$3:$J$9,2) -> 10 | AY30: =VLOOKUP(J30,ABNT5101!$I$3:$M$9,5) -> 0.18 | AZ30: =_xlfn.XLOOKUP(J30,ABNT5101!I:I,ABNT5101!L:L) -> - | BA30: =_xlfn.XLOOKUP(J30,ABNT5101!$I:$I,ABNT5101!M:M) -> 0.18 | BB30: =_xlfn.XLOOKUP(J30,ABNT5101!$I:$I,ABNT5101!N:N) -> - | BC30: =_xlfn.XLOOKUP(J30,ABNT5101!$I:$I,ABNT5101!O:O) -> 16 | BD30: =IF(BN30="NÃO ATENDE","NÃO ATENDE",IF(BY30="NÃO ATENDE","NÃO ATENDE",IF(CH30="NÃO ATENDE","NÃO ATENDE","ATENDE"))) -> NÃO ATENDE | BE30: =BH30/AX30-1 -> -1 | BF30: =BI30/AY30-1 -> -1 | BG30: =IF($J30="M6",BJ30/AZ30-1,"-") -> - | BN30: =IF(OR(BO30="NÃO ATENDE",BP30="NÃO ATENDE",BQ30="NÃO ATENDE"),"NÃO ATENDE","ATENDE") -> NÃO ATENDE | BO30: =IF(BH30>=AX30,"ATENDE",IF(BH30>=0.99*AX30,"ATENDIMENTO LIMIAR","NÃO ATENDE")) -> NÃO ATENDE | BP30: =IF(BI30>=AY30,"ATENDE",IF(BI30>=(AY30-0.02),"ATENDIMENTO LIMIAR","NÃO ATENDE")) -> NÃO ATENDE | BQ30: =IF(AZ30="-","ATENDE",IF(BJ30>=AZ30,"ATENDE",IF(BJ30>=(AZ30-0.02),"ATENDIMENTO LIMIAR","NÃO ATENDE"))) -> ATENDE | BR30: =J30 -> C4 | BS30: =L30 -> P6 | BT30: =IF(BU30="-","-",BU30/BW30-1) -> -1 | BW30: =IF(BS30="-","-",_xlfn.XLOOKUP(BS30,ABNT5101!$B$4:$B$9,ABNT5101!$C$4:$C$9)) -> 3 | BX30: =IF(BS30="-","-",_xlfn.XLOOKUP(BS30,ABNT5101!$B$4:$B$9,ABNT5101!$D$4:$D$9)) -> 0.6 | BY30: =IF(BZ30="-","-",IF(BZ30="NÃO ATENDE","NÃO ATENDE",IF(CA30="NÃO ATENDE","NÃO ATENDE","ATENDE"))) -> NÃO ATENDE | BZ30: =IF(BS30="-","-",IF(BU30>=BW30,"ATENDE",IF(BU30>=(BW30*0.99),"ATENDIMENTO LIMIAR","NÃO ATENDE"))) -> NÃO ATENDE | CA30: =IF(BS30="-","-",IF(BV30>=BX30,"ATENDE","NÃO ATENDE")) -> NÃO ATENDE | CB30: =BS30 -> P6 | CC30: =IF(CD30="-","-",CD30/CF30-1) -> -1 | CF30: =IF(CB30="-","-",_xlfn.XLOOKUP(CB30,ABNT5101!$B$4:$B$9,ABNT5101!$C$4:$C$9)) -> 3 | CG30: =IF(CB30="-","-",_xlfn.XLOOKUP(CB30,ABNT5101!$B$4:$B$9,ABNT5101!$D$4:$D$9)) -> 0.6 | CH30: =IF(CI30="-","-",IF(CI30="NÃO ATENDE","NÃO ATENDE",IF(CJ30="NÃO ATENDE","NÃO ATENDE","ATENDE"))) -> NÃO ATENDE | CI30: =IF(CB30="-","-",IF(CD30>=(CF30),"ATENDE",IF(CD30>=(0.99*CF30),"ATENDIMENTO LIMIAR","NÃO ATENDE"))) -> NÃO ATENDE | CJ30: =IF(CB30="-","-",IF(CE30>=CG30,"ATENDE","NÃO ATENDE")) -> NÃO ATENDE | CK30: =_xlfn.XLOOKUP(CL30,'Banco de dados'!$B:$B,'Banco de dados'!$D:$D) -> #N/A | CM30: =_xlfn.XLOOKUP(CL30,'Banco de dados'!$B:$B,'Banco de dados'!$E:$E) -> #N/A | CO30: =IF(CN30="-","-",_xlfn.XLOOKUP(CN30,'Banco de dados'!$B:$B,'Banco de dados'!$E:$E)) -> #N/A | CP30: =AH30 -> 1 | CQ30: =_xlfn.XLOOKUP(CL30,'Banco de dados'!$B:$B,'Banco de dados'!$H:$H) -> #N/A | CR30: {=_xludf.xlookup(CN30,'Banco de dados'!$B:$B,'Banco de dados'!$H:$H)} -> #NAME? | CS30: {=_xludf.xlookup(CL30,'Banco de dados'!$B:$B,'Banco de dados'!$F:$F)} -> #NAME? | CT30: {=_xludf.xlookup(CN30,'Banco de dados'!$B:$B,'Banco de dados'!$F:$F)} -> #NAME? | CW30: =IF(AJ30=0.5,"Suporte",IF(AND(AJ30>='Braços de IP'!$B$9,AJ30<='Braços de IP'!$D$9),'Braços de IP'!$E$9,IF(AND(AJ30>='Braços de IP'!$B$10,AJ30<='Braços de IP'!$D$10),'Braços de IP'!$E$10,IF(AND(AJ30>='Braços de IP'!$B$11,AJ30<='Braços de IP'!$D$11),'Braços de IP'!$E$11,IF(AND(AJ30>='Braços de IP'!$B$12,AJ30<='Braços de IP'!$D$12),'Braços de IP'!$E$12,IF(AND(AJ30>='Braços de IP'!$B$13,AJ30<='Braços de IP'!$D$13),'Braços de IP'!$E$13,IF(AND(AJ30>='Braços de IP'!$B$14,AJ30<='Braços de IP'!$D$14),'Braços de IP'!$E$14,"ERRO"))))))) -> Médio II | CY30: =IF($CX30="","",VLOOKUP($CX30,'Braços de IP'!$E$9:$I$15,2,0)) | CZ30: =IF($CX30="","",VLOOKUP($CX30,'Braços de IP'!$E$9:$I$15,5,0)) | DG30: =CQ30 -> #N/A | DH30: =N30 -> 90 | DI30: =SUM(DG30:DH30)*CP30 -> #N/A | DJ30: =1-DG30/DH30 -> #N/A | DN30: Sim | DQ30: =((N30+O30)-CQ30)/(N30+O30) -> #VALUE! | DS30: V5 | DT30: =COUNTIF(J:J,DS30)/3 -> 0 | DU30: =DT30/$DT$414 -> #DIV/0! | DV30: =DT30/SUM($DT$315:$DT$342) -> #DIV/0!
E31: IP07985 | F31: PVP | G31: Rua dos Lírios | H31: -23.406042 | I31: -46.85383 | J31: C4 | L31: P6 | M31: LED | N31: 90 | O31: Interno | P31: - | Q31: =N31*AH31*2 -> 180 | R31: 1 | S31: 3.5 | T31: 7.1 | X31: 3.3 | AD31: Unilateral | AE31: Braço | AF31: 22.1 | AG31: 7.4 | AH31: 1 | AI31: 0.25 | AJ31: 2.3 | AK31: =AJ31-AI31 -> 2.05 | AL31: - | AM31: - | AO31: =IF(AD31="Unilateral",2*AH31,IF(AD31="Bilateral Alternada",3*AH31,IF(AD31="Bilateral Frontal",4*AH31,IF(AD31="Canteiro Central",2*AH31,"erro")))) -> 2 | AV31: =IF(AP31=0,0,IF(AD31="Unilateral",2*AP31,IF(AD31="Bilateral Alternada",3*AP31,IF(AD31="Bilateral Frontal",4*AP31,IF(AD31="Canteiro Central",2*AP31,"erro"))))) -> 0 | AX31: =VLOOKUP(J31,ABNT5101!$I$3:$J$9,2) -> 10 | AY31: =VLOOKUP(J31,ABNT5101!$I$3:$M$9,5) -> 0.18 | AZ31: =_xlfn.XLOOKUP(J31,ABNT5101!I:I,ABNT5101!L:L) -> - | BA31: =_xlfn.XLOOKUP(J31,ABNT5101!$I:$I,ABNT5101!M:M) -> 0.18 | BB31: =_xlfn.XLOOKUP(J31,ABNT5101!$I:$I,ABNT5101!N:N) -> - | BC31: =_xlfn.XLOOKUP(J31,ABNT5101!$I:$I,ABNT5101!O:O) -> 16 | BD31: =IF(BN31="NÃO ATENDE","NÃO ATENDE",IF(BY31="NÃO ATENDE","NÃO ATENDE",IF(CH31="NÃO ATENDE","NÃO ATENDE","ATENDE"))) -> NÃO ATENDE | BE31: =BH31/AX31-1 -> -1 | BF31: =BI31/AY31-1 -> -1 | BG31: =IF($J31="M6",BJ31/AZ31-1,"-") -> - | BN31: =IF(OR(BO31="NÃO ATENDE",BP31="NÃO ATENDE",BQ31="NÃO ATENDE"),"NÃO ATENDE","ATENDE") -> NÃO ATENDE | BO31: =IF(BH31>=AX31,"ATENDE",IF(BH31>=0.99*AX31,"ATENDIMENTO LIMIAR","NÃO ATENDE")) -> NÃO ATENDE | BP31: =IF(BI31>=AY31,"ATENDE",IF(BI31>=(AY31-0.02),"ATENDIMENTO LIMIAR","NÃO ATENDE")) -> NÃO ATENDE | BQ31: =IF(AZ31="-","ATENDE",IF(BJ31>=AZ31,"ATENDE",IF(BJ31>=(AZ31-0.02),"ATENDIMENTO LIMIAR","NÃO ATENDE"))) -> ATENDE | BR31: =J31 -> C4 | BS31: =L31 -> P6 | BT31: =IF(BU31="-","-",BU31/BW31-1) -> -1 | BW31: =IF(BS31="-","-",_xlfn.XLOOKUP(BS31,ABNT5101!$B$4:$B$9,ABNT5101!$C$4:$C$9)) -> 3 | BX31: =IF(BS31="-","-",_xlfn.XLOOKUP(BS31,ABNT5101!$B$4:$B$9,ABNT5101!$D$4:$D$9)) -> 0.6 | BY31: =IF(BZ31="-","-",IF(BZ31="NÃO ATENDE","NÃO ATENDE",IF(CA31="NÃO ATENDE","NÃO ATENDE","ATENDE"))) -> NÃO ATENDE | BZ31: =IF(BS31="-","-",IF(BU31>=BW31,"ATENDE",IF(BU31>=(BW31*0.99),"ATENDIMENTO LIMIAR","NÃO ATENDE"))) -> NÃO ATENDE | CA31: =IF(BS31="-","-",IF(BV31>=BX31,"ATENDE","NÃO ATENDE")) -> NÃO ATENDE | CB31: =BS31 -> P6 | CC31: =IF(CD31="-","-",CD31/CF31-1) -> -1 | CF31: =IF(CB31="-","-",_xlfn.XLOOKUP(CB31,ABNT5101!$B$4:$B$9,ABNT5101!$C$4:$C$9)) -> 3 | CG31: =IF(CB31="-","-",_xlfn.XLOOKUP(CB31,ABNT5101!$B$4:$B$9,ABNT5101!$D$4:$D$9)) -> 0.6 | CH31: =IF(CI31="-","-",IF(CI31="NÃO ATENDE","NÃO ATENDE",IF(CJ31="NÃO ATENDE","NÃO ATENDE","ATENDE"))) -> NÃO ATENDE | CI31: =IF(CB31="-","-",IF(CD31>=(CF31),"ATENDE",IF(CD31>=(0.99*CF31),"ATENDIMENTO LIMIAR","NÃO ATENDE"))) -> NÃO ATENDE | CJ31: =IF(CB31="-","-",IF(CE31>=CG31,"ATENDE","NÃO ATENDE")) -> NÃO ATENDE | CK31: =_xlfn.XLOOKUP(CL31,'Banco de dados'!$B:$B,'Banco de dados'!$D:$D) -> #N/A | CM31: =_xlfn.XLOOKUP(CL31,'Banco de dados'!$B:$B,'Banco de dados'!$E:$E) -> #N/A | CO31: =IF(CN31="-","-",_xlfn.XLOOKUP(CN31,'Banco de dados'!$B:$B,'Banco de dados'!$E:$E)) -> #N/A | CP31: =AH31 -> 1 | CQ31: =_xlfn.XLOOKUP(CL31,'Banco de dados'!$B:$B,'Banco de dados'!$H:$H) -> #N/A | CR31: {=_xludf.xlookup(CN31,'Banco de dados'!$B:$B,'Banco de dados'!$H:$H)} -> #NAME? | CS31: {=_xludf.xlookup(CL31,'Banco de dados'!$B:$B,'Banco de dados'!$F:$F)} -> #NAME? | CT31: {=_xludf.xlookup(CN31,'Banco de dados'!$B:$B,'Banco de dados'!$F:$F)} -> #NAME? | CW31: =IF(AJ31=0.5,"Suporte",IF(AND(AJ31>='Braços de IP'!$B$9,AJ31<='Braços de IP'!$D$9),'Braços de IP'!$E$9,IF(AND(AJ31>='Braços de IP'!$B$10,AJ31<='Braços de IP'!$D$10),'Braços de IP'!$E$10,IF(AND(AJ31>='Braços de IP'!$B$11,AJ31<='Braços de IP'!$D$11),'Braços de IP'!$E$11,IF(AND(AJ31>='Braços de IP'!$B$12,AJ31<='Braços de IP'!$D$12),'Braços de IP'!$E$12,IF(AND(AJ31>='Braços de IP'!$B$13,AJ31<='Braços de IP'!$D$13),'Braços de IP'!$E$13,IF(AND(AJ31>='Braços de IP'!$B$14,AJ31<='Braços de IP'!$D$14),'Braços de IP'!$E$14,"ERRO"))))))) -> Médio II | CY31: =IF($CX31="","",VLOOKUP($CX31,'Braços de IP'!$E$9:$I$15,2,0)) | CZ31: =IF($CX31="","",VLOOKUP($CX31,'Braços de IP'!$E$9:$I$15,5,0)) | DG31: =CQ31 -> #N/A | DH31: =N31 -> 90 | DI31: =SUM(DG31:DH31)*CP31 -> #N/A | DJ31: =1-DG31/DH31 -> #N/A | DN31: Sim | DQ31: =((N31+O31)-CQ31)/(N31+O31) -> #VALUE! | DS31: V5 | DT31: =COUNTIF(J:J,DS31)/3 -> 0 | DU31: =DT31/$DT$414 -> #DIV/0! | DV31: =DT31/SUM($DT$315:$DT$342) -> #DIV/0!
E32: IP06867 | F32: V | G32: Rua Campos do Jordão | H32: -23.413899 | I32: -46.845169 | J32: C5 | L32: Sem Passeio | M32: LED | N32: 100 | O32: Interno | P32: - | Q32: =N32*AH32*2 -> 200 | R32: 1 | S32: - | T32: 5.1 | X32: - | AD32: Unilateral | AE32: Braço | AF32: 15.5 | AG32: 6.5 | AH32: 1 | AI32: 0.35 | AJ32: 2.5 | AK32: =AJ32-AI32 -> 2.15 | AL32: - | AM32: - | AO32: =IF(AD32="Unilateral",2*AH32,IF(AD32="Bilateral Alternada",3*AH32,IF(AD32="Bilateral Frontal",4*AH32,IF(AD32="Canteiro Central",2*AH32,"erro")))) -> 2 | AV32: =IF(AP32=0,0,IF(AD32="Unilateral",2*AP32,IF(AD32="Bilateral Alternada",3*AP32,IF(AD32="Bilateral Frontal",4*AP32,IF(AD32="Canteiro Central",2*AP32,"erro"))))) -> 0 | AX32: =VLOOKUP(J32,ABNT5101!$I$3:$J$9,2) -> 7.5 | AY32: =VLOOKUP(J32,ABNT5101!$I$3:$M$9,5) -> 0.18 | AZ32: =_xlfn.XLOOKUP(J32,ABNT5101!I:I,ABNT5101!L:L) -> - | BA32: =_xlfn.XLOOKUP(J32,ABNT5101!$I:$I,ABNT5101!M:M) -> 0.18 | BB32: =_xlfn.XLOOKUP(J32,ABNT5101!$I:$I,ABNT5101!N:N) -> - | BC32: =_xlfn.XLOOKUP(J32,ABNT5101!$I:$I,ABNT5101!O:O) -> 16 | BD32: =IF(BN32="NÃO ATENDE","NÃO ATENDE",IF(BY32="NÃO ATENDE","NÃO ATENDE",IF(CH32="NÃO ATENDE","NÃO ATENDE","ATENDE"))) -> NÃO ATENDE | BE32: =BH32/AX32-1 -> -1 | BF32: =BI32/AY32-1 -> -1 | BG32: =IF($J32="M6",BJ32/AZ32-1,"-") -> - | BN32: =IF(OR(BO32="NÃO ATENDE",BP32="NÃO ATENDE",BQ32="NÃO ATENDE"),"NÃO ATENDE","ATENDE") -> NÃO ATENDE | BO32: =IF(BH32>=AX32,"ATENDE",IF(BH32>=0.99*AX32,"ATENDIMENTO LIMIAR","NÃO ATENDE")) -> NÃO ATENDE | BP32: =IF(BI32>=AY32,"ATENDE",IF(BI32>=(AY32-0.02),"ATENDIMENTO LIMIAR","NÃO ATENDE")) -> NÃO ATENDE | BQ32: =IF(AZ32="-","ATENDE",IF(BJ32>=AZ32,"ATENDE",IF(BJ32>=(AZ32-0.02),"ATENDIMENTO LIMIAR","NÃO ATENDE"))) -> ATENDE | BR32: =J32 -> C5 | BS32: =L32 -> Sem Passeio | BT32: =IF(BU32="-","-",BU32/BW32-1) -> #N/A | BW32: =IF(BS32="-","-",_xlfn.XLOOKUP(BS32,ABNT5101!$B$4:$B$9,ABNT5101!$C$4:$C$9)) -> #N/A | BX32: =IF(BS32="-","-",_xlfn.XLOOKUP(BS32,ABNT5101!$B$4:$B$9,ABNT5101!$D$4:$D$9)) -> #N/A | BY32: =IF(BZ32="-","-",IF(BZ32="NÃO ATENDE","NÃO ATENDE",IF(CA32="NÃO ATENDE","NÃO ATENDE","ATENDE"))) -> #N/A | BZ32: =IF(BS32="-","-",IF(BU32>=BW32,"ATENDE",IF(BU32>=(BW32*0.99),"ATENDIMENTO LIMIAR","NÃO ATENDE"))) -> #N/A | CA32: =IF(BS32="-","-",IF(BV32>=BX32,"ATENDE","NÃO ATENDE")) -> #N/A | CB32: =BS32 -> Sem Passeio | CC32: =IF(CD32="-","-",CD32/CF32-1) -> #N/A | CF32: =IF(CB32="-","-",_xlfn.XLOOKUP(CB32,ABNT5101!$B$4:$B$9,ABNT5101!$C$4:$C$9)) -> #N/A | CG32: =IF(CB32="-","-",_xlfn.XLOOKUP(CB32,ABNT5101!$B$4:$B$9,ABNT5101!$D$4:$D$9)) -> #N/A | CH32: =IF(CI32="-","-",IF(CI32="NÃO ATENDE","NÃO ATENDE",IF(CJ32="NÃO ATENDE","NÃO ATENDE","ATENDE"))) -> #N/A | CI32: =IF(CB32="-","-",IF(CD32>=(CF32),"ATENDE",IF(CD32>=(0.99*CF32),"ATENDIMENTO LIMIAR","NÃO ATENDE"))) -> #N/A | CJ32: =IF(CB32="-","-",IF(CE32>=CG32,"ATENDE","NÃO ATENDE")) -> #N/A | CK32: =_xlfn.XLOOKUP(CL32,'Banco de dados'!$B:$B,'Banco de dados'!$D:$D) -> #N/A | CM32: =_xlfn.XLOOKUP(CL32,'Banco de dados'!$B:$B,'Banco de dados'!$E:$E) -> #N/A | CO32: =IF(CN32="-","-",_xlfn.XLOOKUP(CN32,'Banco de dados'!$B:$B,'Banco de dados'!$E:$E)) -> #N/A | CP32: =AH32 -> 1 | CQ32: =_xlfn.XLOOKUP(CL32,'Banco de dados'!$B:$B,'Banco de dados'!$H:$H) -> #N/A | CR32: {=_xludf.xlookup(CN32,'Banco de dados'!$B:$B,'Banco de dados'!$H:$H)} -> #NAME? | CS32: {=_xludf.xlookup(CL32,'Banco de dados'!$B:$B,'Banco de dados'!$F:$F)} -> #NAME? | CT32: {=_xludf.xlookup(CN32,'Banco de dados'!$B:$B,'Banco de dados'!$F:$F)} -> #NAME? | CW32: =IF(AJ32=0.5,"Suporte",IF(AND(AJ32>='Braços de IP'!$B$9,AJ32<='Braços de IP'!$D$9),'Braços de IP'!$E$9,IF(AND(AJ32>='Braços de IP'!$B$10,AJ32<='Braços de IP'!$D$10),'Braços de IP'!$E$10,IF(AND(AJ32>='Braços de IP'!$B$11,AJ32<='Braços de IP'!$D$11),'Braços de IP'!$E$11,IF(AND(AJ32>='Braços de IP'!$B$12,AJ32<='Braços de IP'!$D$12),'Braços de IP'!$E$12,IF(AND(AJ32>='Braços de IP'!$B$13,AJ32<='Braços de IP'!$D$13),'Braços de IP'!$E$13,IF(AND(AJ32>='Braços de IP'!$B$14,AJ32<='Braços de IP'!$D$14),'Braços de IP'!$E$14,"ERRO"))))))) -> Médio II | CY32: =IF($CX32="","",VLOOKUP($CX32,'Braços de IP'!$E$9:$I$15,2,0)) | CZ32: =IF($CX32="","",VLOOKUP($CX32,'Braços de IP'!$E$9:$I$15,5,0)) | DG32: =CQ32 -> #N/A | DH32: =N32 -> 100 | DI32: =SUM(DG32:DH32)*CP32 -> #N/A | DJ32: =1-DG32/DH32 -> #N/A | DN32: Sim | DQ32: =((N32+O32)-CQ32)/(N32+O32) -> #VALUE! | DS32: V5 | DT32: =COUNTIF(J:J,DS32)/3 -> 0 | DU32: =DT32/$DT$414 -> #DIV/0! | DV32: =DT32/SUM($DT$315:$DT$342) -> #DIV/0!
E33: IP06867 | F33: V | G33: Rua Campos do Jordão | H33: -23.413899 | I33: -46.845169 | J33: C5 | L33: Sem Passeio | M33: LED | N33: 100 | O33: Interno | P33: - | Q33: =N33*AH33*2 -> 200 | R33: 1 | S33: - | T33: 5.1 | X33: - | AD33: Unilateral | AE33: Braço | AF33: 15.5 | AG33: 6.5 | AH33: 1 | AI33: 0.35 | AJ33: 2.5 | AK33: =AJ33-AI33 -> 2.15 | AL33: - | AM33: - | AO33: =IF(AD33="Unilateral",2*AH33,IF(AD33="Bilateral Alternada",3*AH33,IF(AD33="Bilateral Frontal",4*AH33,IF(AD33="Canteiro Central",2*AH33,"erro")))) -> 2 | AV33: =IF(AP33=0,0,IF(AD33="Unilateral",2*AP33,IF(AD33="Bilateral Alternada",3*AP33,IF(AD33="Bilateral Frontal",4*AP33,IF(AD33="Canteiro Central",2*AP33,"erro"))))) -> 0 | AX33: =VLOOKUP(J33,ABNT5101!$I$3:$J$9,2) -> 7.5 | AY33: =VLOOKUP(J33,ABNT5101!$I$3:$M$9,5) -> 0.18 | AZ33: =_xlfn.XLOOKUP(J33,ABNT5101!I:I,ABNT5101!L:L) -> - | BA33: =_xlfn.XLOOKUP(J33,ABNT5101!$I:$I,ABNT5101!M:M) -> 0.18 | BB33: =_xlfn.XLOOKUP(J33,ABNT5101!$I:$I,ABNT5101!N:N) -> - | BC33: =_xlfn.XLOOKUP(J33,ABNT5101!$I:$I,ABNT5101!O:O) -> 16 | BD33: =IF(BN33="NÃO ATENDE","NÃO ATENDE",IF(BY33="NÃO ATENDE","NÃO ATENDE",IF(CH33="NÃO ATENDE","NÃO ATENDE","ATENDE"))) -> NÃO ATENDE | BE33: =BH33/AX33-1 -> -1 | BF33: =BI33/AY33-1 -> -1 | BG33: =IF($J33="M6",BJ33/AZ33-1,"-") -> - | BN33: =IF(OR(BO33="NÃO ATENDE",BP33="NÃO ATENDE",BQ33="NÃO ATENDE"),"NÃO ATENDE","ATENDE") -> NÃO ATENDE | BO33: =IF(BH33>=AX33,"ATENDE",IF(BH33>=0.99*AX33,"ATENDIMENTO LIMIAR","NÃO ATENDE")) -> NÃO ATENDE | BP33: =IF(BI33>=AY33,"ATENDE",IF(BI33>=(AY33-0.02),"ATENDIMENTO LIMIAR","NÃO ATENDE")) -> NÃO ATENDE | BQ33: =IF(AZ33="-","ATENDE",IF(BJ33>=AZ33,"ATENDE",IF(BJ33>=(AZ33-0.02),"ATENDIMENTO LIMIAR","NÃO ATENDE"))) -> ATENDE | BR33: =J33 -> C5 | BS33: =L33 -> Sem Passeio | BT33: =IF(BU33="-","-",BU33/BW33-1) -> #N/A | BW33: =IF(BS33="-","-",_xlfn.XLOOKUP(BS33,ABNT5101!$B$4:$B$9,ABNT5101!$C$4:$C$9)) -> #N/A | BX33: =IF(BS33="-","-",_xlfn.XLOOKUP(BS33,ABNT5101!$B$4:$B$9,ABNT5101!$D$4:$D$9)) -> #N/A | BY33: =IF(BZ33="-","-",IF(BZ33="NÃO ATENDE","NÃO ATENDE",IF(CA33="NÃO ATENDE","NÃO ATENDE","ATENDE"))) -> #N/A | BZ33: =IF(BS33="-","-",IF(BU33>=BW33,"ATENDE",IF(BU33>=(BW33*0.99),"ATENDIMENTO LIMIAR","NÃO ATENDE"))) -> #N/A | CA33: =IF(BS33="-","-",IF(BV33>=BX33,"ATENDE","NÃO ATENDE")) -> #N/A | CB33: =BS33 -> Sem Passeio | CC33: =IF(CD33="-","-",CD33/CF33-1) -> #N/A | CF33: =IF(CB33="-","-",_xlfn.XLOOKUP(CB33,ABNT5101!$B$4:$B$9,ABNT5101!$C$4:$C$9)) -> #N/A | CG33: =IF(CB33="-","-",_xlfn.XLOOKUP(CB33,ABNT5101!$B$4:$B$9,ABNT5101!$D$4:$D$9)) -> #N/A | CH33: =IF(CI33="-","-",IF(CI33="NÃO ATENDE","NÃO ATENDE",IF(CJ33="NÃO ATENDE","NÃO ATENDE","ATENDE"))) -> #N/A | CI33: =IF(CB33="-","-",IF(CD33>=(CF33),"ATENDE",IF(CD33>=(0.99*CF33),"ATENDIMENTO LIMIAR","NÃO ATENDE"))) -> #N/A | CJ33: =IF(CB33="-","-",IF(CE33>=CG33,"ATENDE","NÃO ATENDE")) -> #N/A | CK33: =_xlfn.XLOOKUP(CL33,'Banco de dados'!$B:$B,'Banco de dados'!$D:$D) -> #N/A | CM33: =_xlfn.XLOOKUP(CL33,'Banco de dados'!$B:$B,'Banco de dados'!$E:$E) -> #N/A | CO33: =IF(CN33="-","-",_xlfn.XLOOKUP(CN33,'Banco de dados'!$B:$B,'Banco de dados'!$E:$E)) -> #N/A | CP33: =AH33 -> 1 | CQ33: =_xlfn.XLOOKUP(CL33,'Banco de dados'!$B:$B,'Banco de dados'!$H:$H) -> #N/A | CR33: {=_xludf.xlookup(CN33,'Banco de dados'!$B:$B,'Banco de dados'!$H:$H)} -> #NAME? | CS33: {=_xludf.xlookup(CL33,'Banco de dados'!$B:$B,'Banco de dados'!$F:$F)} -> #NAME? | CT33: {=_xludf.xlookup(CN33,'Banco de dados'!$B:$B,'Banco de dados'!$F:$F)} -> #NAME? | CW33: =IF(AJ33=0.5,"Suporte",IF(AND(AJ33>='Braços de IP'!$B$9,AJ33<='Braços de IP'!$D$9),'Braços de IP'!$E$9,IF(AND(AJ33>='Braços de IP'!$B$10,AJ33<='Braços de IP'!$D$10),'Braços de IP'!$E$10,IF(AND(AJ33>='Braços de IP'!$B$11,AJ33<='Braços de IP'!$D$11),'Braços de IP'!$E$11,IF(AND(AJ33>='Braços de IP'!$B$12,AJ33<='Braços de IP'!$D$12),'Braços de IP'!$E$12,IF(AND(AJ33>='Braços de IP'!$B$13,AJ33<='Braços de IP'!$D$13),'Braços de IP'!$E$13,IF(AND(AJ33>='Braços de IP'!$B$14,AJ33<='Braços de IP'!$D$14),'Braços de IP'!$E$14,"ERRO"))))))) -> Médio II | CY33: =IF($CX33="","",VLOOKUP($CX33,'Braços de IP'!$E$9:$I$15,2,0)) | CZ33: =IF($CX33="","",VLOOKUP($CX33,'Braços de IP'!$E$9:$I$15,5,0)) | DG33: =CQ33 -> #N/A | DH33: =N33 -> 100 | DI33: =SUM(DG33:DH33)*CP33 -> #N/A | DJ33: =1-DG33/DH33 -> #N/A | DN33: Sim | DQ33: =((N33+O33)-CQ33)/(N33+O33) -> #VALUE! | DS33: V5 | DT33: =COUNTIF(J:J,DS33)/3 -> 0 | DU33: =DT33/$DT$414 -> #DIV/0! | DV33: =DT33/SUM($DT$315:$DT$342) -> #DIV/0!
E34: IP06867 | F34: V | G34: Rua Campos do Jordão | H34: -23.413899 | I34: -46.845169 | J34: C5 | L34: Sem Passeio | M34: LED | N34: 100 | O34: Interno | P34: - | Q34: =N34*AH34*2 -> 200 | R34: 1 | S34: - | T34: 5.1 | X34: - | AD34: Unilateral | AE34: Braço | AF34: 15.5 | AG34: 6.5 | AH34: 1 | AI34: 0.35 | AJ34: 2.5 | AK34: =AJ34-AI34 -> 2.15 | AL34: - | AM34: - | AO34: =IF(AD34="Unilateral",2*AH34,IF(AD34="Bilateral Alternada",3*AH34,IF(AD34="Bilateral Frontal",4*AH34,IF(AD34="Canteiro Central",2*AH34,"erro")))) -> 2 | AV34: =IF(AP34=0,0,IF(AD34="Unilateral",2*AP34,IF(AD34="Bilateral Alternada",3*AP34,IF(AD34="Bilateral Frontal",4*AP34,IF(AD34="Canteiro Central",2*AP34,"erro"))))) -> 0 | AX34: =VLOOKUP(J34,ABNT5101!$I$3:$J$9,2) -> 7.5 | AY34: =VLOOKUP(J34,ABNT5101!$I$3:$M$9,5) -> 0.18 | AZ34: =_xlfn.XLOOKUP(J34,ABNT5101!I:I,ABNT5101!L:L) -> - | BA34: =_xlfn.XLOOKUP(J34,ABNT5101!$I:$I,ABNT5101!M:M) -> 0.18 | BB34: =_xlfn.XLOOKUP(J34,ABNT5101!$I:$I,ABNT5101!N:N) -> - | BC34: =_xlfn.XLOOKUP(J34,ABNT5101!$I:$I,ABNT5101!O:O) -> 16 | BD34: =IF(BN34="NÃO ATENDE","NÃO ATENDE",IF(BY34="NÃO ATENDE","NÃO ATENDE",IF(CH34="NÃO ATENDE","NÃO ATENDE","ATENDE"))) -> NÃO ATENDE | BE34: =BH34/AX34-1 -> -1 | BF34: =BI34/AY34-1 -> -1 | BG34: =IF($J34="M6",BJ34/AZ34-1,"-") -> - | BN34: =IF(OR(BO34="NÃO ATENDE",BP34="NÃO ATENDE",BQ34="NÃO ATENDE"),"NÃO ATENDE","ATENDE") -> NÃO ATENDE | BO34: =IF(BH34>=AX34,"ATENDE",IF(BH34>=0.99*AX34,"ATENDIMENTO LIMIAR","NÃO ATENDE")) -> NÃO ATENDE | BP34: =IF(BI34>=AY34,"ATENDE",IF(BI34>=(AY34-0.02),"ATENDIMENTO LIMIAR","NÃO ATENDE")) -> NÃO ATENDE | BQ34: =IF(AZ34="-","ATENDE",IF(BJ34>=AZ34,"ATENDE",IF(BJ34>=(AZ34-0.02),"ATENDIMENTO LIMIAR","NÃO ATENDE"))) -> ATENDE | BR34: =J34 -> C5 | BS34: =L34 -> Sem Passeio | BT34: =IF(BU34="-","-",BU34/BW34-1) -> #N/A | BW34: =IF(BS34="-","-",_xlfn.XLOOKUP(BS34,ABNT5101!$B$4:$B$9,ABNT5101!$C$4:$C$9)) -> #N/A | BX34: =IF(BS34="-","-",_xlfn.XLOOKUP(BS34,ABNT5101!$B$4:$B$9,ABNT5101!$D$4:$D$9)) -> #N/A | BY34: =IF(BZ34="-","-",IF(BZ34="NÃO ATENDE","NÃO ATENDE",IF(CA34="NÃO ATENDE","NÃO ATENDE","ATENDE"))) -> #N/A | BZ34: =IF(BS34="-","-",IF(BU34>=BW34,"ATENDE",IF(BU34>=(BW34*0.99),"ATENDIMENTO LIMIAR","NÃO ATENDE"))) -> #N/A | CA34: =IF(BS34="-","-",IF(BV34>=BX34,"ATENDE","NÃO ATENDE")) -> #N/A | CB34: =BS34 -> Sem Passeio | CC34: =IF(CD34="-","-",CD34/CF34-1) -> #N/A | CF34: =IF(CB34="-","-",_xlfn.XLOOKUP(CB34,ABNT5101!$B$4:$B$9,ABNT5101!$C$4:$C$9)) -> #N/A | CG34: =IF(CB34="-","-",_xlfn.XLOOKUP(CB34,ABNT5101!$B$4:$B$9,ABNT5101!$D$4:$D$9)) -> #N/A | CH34: =IF(CI34="-","-",IF(CI34="NÃO ATENDE","NÃO ATENDE",IF(CJ34="NÃO ATENDE","NÃO ATENDE","ATENDE"))) -> #N/A | CI34: =IF(CB34="-","-",IF(CD34>=(CF34),"ATENDE",IF(CD34>=(0.99*CF34),"ATENDIMENTO LIMIAR","NÃO ATENDE"))) -> #N/A | CJ34: =IF(CB34="-","-",IF(CE34>=CG34,"ATENDE","NÃO ATENDE")) -> #N/A | CK34: =_xlfn.XLOOKUP(CL34,'Banco de dados'!$B:$B,'Banco de dados'!$D:$D) -> #N/A | CM34: =_xlfn.XLOOKUP(CL34,'Banco de dados'!$B:$B,'Banco de dados'!$E:$E) -> #N/A | CO34: =IF(CN34="-","-",_xlfn.XLOOKUP(CN34,'Banco de dados'!$B:$B,'Banco de dados'!$E:$E)) -> #N/A | CP34: =AH34 -> 1 | CQ34: =_xlfn.XLOOKUP(CL34,'Banco de dados'!$B:$B,'Banco de dados'!$H:$H) -> #N/A | CR34: {=_xludf.xlookup(CN34,'Banco de dados'!$B:$B,'Banco de dados'!$H:$H)} -> #NAME? | CS34: {=_xludf.xlookup(CL34,'Banco de dados'!$B:$B,'Banco de dados'!$F:$F)} -> #NAME? | CT34: {=_xludf.xlookup(CN34,'Banco de dados'!$B:$B,'Banco de dados'!$F:$F)} -> #NAME? | CW34: =IF(AJ34=0.5,"Suporte",IF(AND(AJ34>='Braços de IP'!$B$9,AJ34<='Braços de IP'!$D$9),'Braços de IP'!$E$9,IF(AND(AJ34>='Braços de IP'!$B$10,AJ34<='Braços de IP'!$D$10),'Braços de IP'!$E$10,IF(AND(AJ34>='Braços de IP'!$B$11,AJ34<='Braços de IP'!$D$11),'Braços de IP'!$E$11,IF(AND(AJ34>='Braços de IP'!$B$12,AJ34<='Braços de IP'!$D$12),'Braços de IP'!$E$12,IF(AND(AJ34>='Braços de IP'!$B$13,AJ34<='Braços de IP'!$D$13),'Braços de IP'!$E$13,IF(AND(AJ34>='Braços de IP'!$B$14,AJ34<='Braços de IP'!$D$14),'Braços de IP'!$E$14,"ERRO"))))))) -> Médio II | CY34: =IF($CX34="","",VLOOKUP($CX34,'Braços de IP'!$E$9:$I$15,2,0)) | CZ34: =IF($CX34="","",VLOOKUP($CX34,'Braços de IP'!$E$9:$I$15,5,0)) | DG34: =CQ34 -> #N/A | DH34: =N34 -> 100 | DI34: =SUM(DG34:DH34)*CP34 -> #N/A | DJ34: =1-DG34/DH34 -> #N/A | DN34: Sim | DQ34: =((N34+O34)-CQ34)/(N34+O34) -> #VALUE! | DS34: V5 | DT34: =COUNTIF(J:J,DS34)/3 -> 0 | DU34: =DT34/$DT$414 -> #DIV/0! | DV34: =DT34/SUM($DT$315:$DT$342) -> #DIV/0!
E35: IP02754 | F35: PVP | G35: Avenida Arnaldo Rojek | H35: -23.335708 | I35: -46.836128 | J35: C2 | L35: P4 | M35: LED | N35: 120 | O35: Interno | P35: - | Q35: =N35*AH35*2 -> 240 | R35: 1 | S35: 4 | T35: 11.3 | X35: 2.9 | AD35: Unilateral | AE35: Braço | AF35: 45 | AG35: 6.8 | AH35: 1 | AI35: 2.7 | AJ35: 2.7 | AK35: =AJ35-AI35 -> 0 | AL35: - | AM35: - | AO35: =IF(AD35="Unilateral",2*AH35,IF(AD35="Bilateral Alternada",3*AH35,IF(AD35="Bilateral Frontal",4*AH35,IF(AD35="Canteiro Central",2*AH35,"erro")))) -> 2 | AV35: =IF(AP35=0,0,IF(AD35="Unilateral",2*AP35,IF(AD35="Bilateral Alternada",3*AP35,IF(AD35="Bilateral Frontal",4*AP35,IF(AD35="Canteiro Central",2*AP35,"erro"))))) -> 0 | AX35: =VLOOKUP(J35,ABNT5101!$I$3:$J$9,2) -> 20 | AY35: =VLOOKUP(J35,ABNT5101!$I$3:$M$9,5) -> 0.28 | AZ35: =_xlfn.XLOOKUP(J35,ABNT5101!I:I,ABNT5101!L:L) -> - | BA35: =_xlfn.XLOOKUP(J35,ABNT5101!$I:$I,ABNT5101!M:M) -> 0.28 | BB35: =_xlfn.XLOOKUP(J35,ABNT5101!$I:$I,ABNT5101!N:N) -> - | BC35: =_xlfn.XLOOKUP(J35,ABNT5101!$I:$I,ABNT5101!O:O) -> 14 | BD35: =IF(BN35="NÃO ATENDE","NÃO ATENDE",IF(BY35="NÃO ATENDE","NÃO ATENDE",IF(CH35="NÃO ATENDE","NÃO ATENDE","ATENDE"))) -> NÃO ATENDE | BE35: =BH35/AX35-1 -> -1 | BF35: =BI35/AY35-1 -> -1 | BG35: =IF($J35="M6",BJ35/AZ35-1,"-") -> - | BN35: =IF(OR(BO35="NÃO ATENDE",BP35="NÃO ATENDE",BQ35="NÃO ATENDE"),"NÃO ATENDE","ATENDE") -> NÃO ATENDE | BO35: =IF(BH35>=AX35,"ATENDE",IF(BH35>=0.99*AX35,"ATENDIMENTO LIMIAR","NÃO ATENDE")) -> NÃO ATENDE | BP35: =IF(BI35>=AY35,"ATENDE",IF(BI35>=(AY35-0.02),"ATENDIMENTO LIMIAR","NÃO ATENDE")) -> NÃO ATENDE | BQ35: =IF(AZ35="-","ATENDE",IF(BJ35>=AZ35,"ATENDE",IF(BJ35>=(AZ35-0.02),"ATENDIMENTO LIMIAR","NÃO ATENDE"))) -> ATENDE | BR35: =J35 -> C2 | BS35: =L35 -> P4 | BT35: =IF(BU35="-","-",BU35/BW35-1) -> -1 | BW35: =IF(BS35="-","-",_xlfn.XLOOKUP(BS35,ABNT5101!$B$4:$B$9,ABNT5101!$C$4:$C$9)) -> 7.5 | BX35: =IF(BS35="-","-",_xlfn.XLOOKUP(BS35,ABNT5101!$B$4:$B$9,ABNT5101!$D$4:$D$9)) -> 1.5 | BY35: =IF(BZ35="-","-",IF(BZ35="NÃO ATENDE","NÃO ATENDE",IF(CA35="NÃO ATENDE","NÃO ATENDE","ATENDE"))) -> NÃO ATENDE | BZ35: =IF(BS35="-","-",IF(BU35>=BW35,"ATENDE",IF(BU35>=(BW35*0.99),"ATENDIMENTO LIMIAR","NÃO ATENDE"))) -> NÃO ATENDE | CA35: =IF(BS35="-","-",IF(BV35>=BX35,"ATENDE","NÃO ATENDE")) -> NÃO ATENDE | CB35: =BS35 -> P4 | CC35: =IF(CD35="-","-",CD35/CF35-1) -> -1 | CF35: =IF(CB35="-","-",_xlfn.XLOOKUP(CB35,ABNT5101!$B$4:$B$9,ABNT5101!$C$4:$C$9)) -> 7.5 | CG35: =IF(CB35="-","-",_xlfn.XLOOKUP(CB35,ABNT5101!$B$4:$B$9,ABNT5101!$D$4:$D$9)) -> 1.5 | CH35: =IF(CI35="-","-",IF(CI35="NÃO ATENDE","NÃO ATENDE",IF(CJ35="NÃO ATENDE","NÃO ATENDE","ATENDE"))) -> NÃO ATENDE | CI35: =IF(CB35="-","-",IF(CD35>=(CF35),"ATENDE",IF(CD35>=(0.99*CF35),"ATENDIMENTO LIMIAR","NÃO ATENDE"))) -> NÃO ATENDE | CJ35: =IF(CB35="-","-",IF(CE35>=CG35,"ATENDE","NÃO ATENDE")) -> NÃO ATENDE | CK35: =_xlfn.XLOOKUP(CL35,'Banco de dados'!$B:$B,'Banco de dados'!$D:$D) -> #N/A | CM35: =_xlfn.XLOOKUP(CL35,'Banco de dados'!$B:$B,'Banco de dados'!$E:$E) -> #N/A | CO35: =IF(CN35="-","-",_xlfn.XLOOKUP(CN35,'Banco de dados'!$B:$B,'Banco de dados'!$E:$E)) -> #N/A | CP35: =AH35 -> 1 | CQ35: =_xlfn.XLOOKUP(CL35,'Banco de dados'!$B:$B,'Banco de dados'!$H:$H) -> #N/A | CR35: {=_xludf.xlookup(CN35,'Banco de dados'!$B:$B,'Banco de dados'!$H:$H)} -> #NAME? | CS35: {=_xludf.xlookup(CL35,'Banco de dados'!$B:$B,'Banco de dados'!$F:$F)} -> #NAME? | CT35: {=_xludf.xlookup(CN35,'Banco de dados'!$B:$B,'Banco de dados'!$F:$F)} -> #NAME? | CW35: =IF(AJ35=0.5,"Suporte",IF(AND(AJ35>='Braços de IP'!$B$9,AJ35<='Braços de IP'!$D$9),'Braços de IP'!$E$9,IF(AND(AJ35>='Braços de IP'!$B$10,AJ35<='Braços de IP'!$D$10),'Braços de IP'!$E$10,IF(AND(AJ35>='Braços de IP'!$B$11,AJ35<='Braços de IP'!$D$11),'Braços de IP'!$E$11,IF(AND(AJ35>='Braços de IP'!$B$12,AJ35<='Braços de IP'!$D$12),'Braços de IP'!$E$12,IF(AND(AJ35>='Braços de IP'!$B$13,AJ35<='Braços de IP'!$D$13),'Braços de IP'!$E$13,IF(AND(AJ35>='Braços de IP'!$B$14,AJ35<='Braços de IP'!$D$14),'Braços de IP'!$E$14,"ERRO"))))))) -> Longo I | CY35: =IF($CX35="","",VLOOKUP($CX35,'Braços de IP'!$E$9:$I$15,2,0)) | CZ35: =IF($CX35="","",VLOOKUP($CX35,'Braços de IP'!$E$9:$I$15,5,0)) | DG35: =CQ35 -> #N/A | DH35: =N35 -> 120 | DI35: =SUM(DG35:DH35)*CP35 -> #N/A | DJ35: =1-DG35/DH35 -> #N/A | DN35: Sim | DQ35: =((N35+O35)-CQ35)/(N35+O35) -> #VALUE! | DS35: V5 | DT35: =COUNTIF(J:J,DS35)/3 -> 0 | DU35: =DT35/$DT$414 -> #DIV/0! | DV35: =DT35/SUM($DT$315:$DT$342) -> #DIV/0!
E36: IP02754 | F36: PVP | G36: Avenida Arnaldo Rojek | H36: -23.335708 | I36: -46.836128 | J36: C2 | L36: P4 | M36: LED | N36: 120 | O36: Interno | P36: - | Q36: =N36*AH36*2 -> 240 | R36: 1 | S36: 4 | T36: 11.3 | X36: 2.9 | AD36: Unilateral | AE36: Braço | AF36: 45 | AG36: 6.8 | AH36: 1 | AI36: 2.7 | AJ36: 2.7 | AK36: =AJ36-AI36 -> 0 | AL36: - | AM36: - | AO36: =IF(AD36="Unilateral",2*AH36,IF(AD36="Bilateral Alternada",3*AH36,IF(AD36="Bilateral Frontal",4*AH36,IF(AD36="Canteiro Central",2*AH36,"erro")))) -> 2 | AV36: =IF(AP36=0,0,IF(AD36="Unilateral",2*AP36,IF(AD36="Bilateral Alternada",3*AP36,IF(AD36="Bilateral Frontal",4*AP36,IF(AD36="Canteiro Central",2*AP36,"erro"))))) -> 0 | AX36: =VLOOKUP(J36,ABNT5101!$I$3:$J$9,2) -> 20 | AY36: =VLOOKUP(J36,ABNT5101!$I$3:$M$9,5) -> 0.28 | AZ36: =_xlfn.XLOOKUP(J36,ABNT5101!I:I,ABNT5101!L:L) -> - | BA36: =_xlfn.XLOOKUP(J36,ABNT5101!$I:$I,ABNT5101!M:M) -> 0.28 | BB36: =_xlfn.XLOOKUP(J36,ABNT5101!$I:$I,ABNT5101!N:N) -> - | BC36: =_xlfn.XLOOKUP(J36,ABNT5101!$I:$I,ABNT5101!O:O) -> 14 | BD36: =IF(BN36="NÃO ATENDE","NÃO ATENDE",IF(BY36="NÃO ATENDE","NÃO ATENDE",IF(CH36="NÃO ATENDE","NÃO ATENDE","ATENDE"))) -> NÃO ATENDE | BE36: =BH36/AX36-1 -> -1 | BF36: =BI36/AY36-1 -> -1 | BG36: =IF($J36="M6",BJ36/AZ36-1,"-") -> - | BN36: =IF(OR(BO36="NÃO ATENDE",BP36="NÃO ATENDE",BQ36="NÃO ATENDE"),"NÃO ATENDE","ATENDE") -> NÃO ATENDE | BO36: =IF(BH36>=AX36,"ATENDE",IF(BH36>=0.99*AX36,"ATENDIMENTO LIMIAR","NÃO ATENDE")) -> NÃO ATENDE | BP36: =IF(BI36>=AY36,"ATENDE",IF(BI36>=(AY36-0.02),"ATENDIMENTO LIMIAR","NÃO ATENDE")) -> NÃO ATENDE | BQ36: =IF(AZ36="-","ATENDE",IF(BJ36>=AZ36,"ATENDE",IF(BJ36>=(AZ36-0.02),"ATENDIMENTO LIMIAR","NÃO ATENDE"))) -> ATENDE | BR36: =J36 -> C2 | BS36: =L36 -> P4 | BT36: =IF(BU36="-","-",BU36/BW36-1) -> -1 | BW36: =IF(BS36="-","-",_xlfn.XLOOKUP(BS36,ABNT5101!$B$4:$B$9,ABNT5101!$C$4:$C$9)) -> 7.5 | BX36: =IF(BS36="-","-",_xlfn.XLOOKUP(BS36,ABNT5101!$B$4:$B$9,ABNT5101!$D$4:$D$9)) -> 1.5 | BY36: =IF(BZ36="-","-",IF(BZ36="NÃO ATENDE","NÃO ATENDE",IF(CA36="NÃO ATENDE","NÃO ATENDE","ATENDE"))) -> NÃO ATENDE | BZ36: =IF(BS36="-","-",IF(BU36>=BW36,"ATENDE",IF(BU36>=(BW36*0.99),"ATENDIMENTO LIMIAR","NÃO ATENDE"))) -> NÃO ATENDE | CA36: =IF(BS36="-","-",IF(BV36>=BX36,"ATENDE","NÃO ATENDE")) -> NÃO ATENDE | CB36: =BS36 -> P4 | CC36: =IF(CD36="-","-",CD36/CF36-1) -> -1 | CF36: =IF(CB36="-","-",_xlfn.XLOOKUP(CB36,ABNT5101!$B$4:$B$9,ABNT5101!$C$4:$C$9)) -> 7.5 | CG36: =IF(CB36="-","-",_xlfn.XLOOKUP(CB36,ABNT5101!$B$4:$B$9,ABNT5101!$D$4:$D$9)) -> 1.5 | CH36: =IF(CI36="-","-",IF(CI36="NÃO ATENDE","NÃO ATENDE",IF(CJ36="NÃO ATENDE","NÃO ATENDE","ATENDE"))) -> NÃO ATENDE | CI36: =IF(CB36="-","-",IF(CD36>=(CF36),"ATENDE",IF(CD36>=(0.99*CF36),"ATENDIMENTO LIMIAR","NÃO ATENDE"))) -> NÃO ATENDE | CJ36: =IF(CB36="-","-",IF(CE36>=CG36,"ATENDE","NÃO ATENDE")) -> NÃO ATENDE | CK36: =_xlfn.XLOOKUP(CL36,'Banco de dados'!$B:$B,'Banco de dados'!$D:$D) -> #N/A | CM36: =_xlfn.XLOOKUP(CL36,'Banco de dados'!$B:$B,'Banco de dados'!$E:$E) -> #N/A | CO36: =IF(CN36="-","-",_xlfn.XLOOKUP(CN36,'Banco de dados'!$B:$B,'Banco de dados'!$E:$E)) -> #N/A | CP36: =AH36 -> 1 | CQ36: =_xlfn.XLOOKUP(CL36,'Banco de dados'!$B:$B,'Banco de dados'!$H:$H) -> #N/A | CR36: {=_xludf.xlookup(CN36,'Banco de dados'!$B:$B,'Banco de dados'!$H:$H)} -> #NAME? | CS36: {=_xludf.xlookup(CL36,'Banco de dados'!$B:$B,'Banco de dados'!$F:$F)} -> #NAME? | CT36: {=_xludf.xlookup(CN36,'Banco de dados'!$B:$B,'Banco de dados'!$F:$F)} -> #NAME? | CW36: =IF(AJ36=0.5,"Suporte",IF(AND(AJ36>='Braços de IP'!$B$9,AJ36<='Braços de IP'!$D$9),'Braços de IP'!$E$9,IF(AND(AJ36>='Braços de IP'!$B$10,AJ36<='Braços de IP'!$D$10),'Braços de IP'!$E$10,IF(AND(AJ36>='Braços de IP'!$B$11,AJ36<='Braços de IP'!$D$11),'Braços de IP'!$E$11,IF(AND(AJ36>='Braços de IP'!$B$12,AJ36<='Braços de IP'!$D$12),'Braços de IP'!$E$12,IF(AND(AJ36>='Braços de IP'!$B$13,AJ36<='Braços de IP'!$D$13),'Braços de IP'!$E$13,IF(AND(AJ36>='Braços de IP'!$B$14,AJ36<='Braços de IP'!$D$14),'Braços de IP'!$E$14,"ERRO"))))))) -> Longo I | CY36: =IF($CX36="","",VLOOKUP($CX36,'Braços de IP'!$E$9:$I$15,2,0)) | CZ36: =IF($CX36="","",VLOOKUP($CX36,'Braços de IP'!$E$9:$I$15,5,0)) | DG36: =CQ36 -> #N/A | DH36: =N36 -> 120 | DI36: =SUM(DG36:DH36)*CP36 -> #N/A | DJ36: =1-DG36/DH36 -> #N/A | DN36: Sim | DQ36: =((N36+O36)-CQ36)/(N36+O36) -> #VALUE! | DS36: V5 | DT36: =COUNTIF(J:J,DS36)/3 -> 0 | DU36: =DT36/$DT$414 -> #DIV/0! | DV36: =DT36/SUM($DT$315:$DT$342) -> #DIV/0!
E37: IP02754 | F37: PVP | G37: Avenida Arnaldo Rojek | H37: -23.335708 | I37: -46.836128 | J37: C2 | L37: P4 | M37: LED | N37: 120 | O37: Interno | P37: - | Q37: =N37*AH37*2 -> 240 | R37: 1 | S37: 4 | T37: 11.3 | X37: 2.9 | AD37: Unilateral | AE37: Braço | AF37: 45 | AG37: 6.8 | AH37: 1 | AI37: 2.7 | AJ37: 2.7 | AK37: =AJ37-AI37 -> 0 | AL37: - | AM37: - | AO37: =IF(AD37="Unilateral",2*AH37,IF(AD37="Bilateral Alternada",3*AH37,IF(AD37="Bilateral Frontal",4*AH37,IF(AD37="Canteiro Central",2*AH37,"erro")))) -> 2 | AV37: =IF(AP37=0,0,IF(AD37="Unilateral",2*AP37,IF(AD37="Bilateral Alternada",3*AP37,IF(AD37="Bilateral Frontal",4*AP37,IF(AD37="Canteiro Central",2*AP37,"erro"))))) -> 0 | AX37: =VLOOKUP(J37,ABNT5101!$I$3:$J$9,2) -> 20 | AY37: =VLOOKUP(J37,ABNT5101!$I$3:$M$9,5) -> 0.28 | AZ37: =_xlfn.XLOOKUP(J37,ABNT5101!I:I,ABNT5101!L:L) -> - | BA37: =_xlfn.XLOOKUP(J37,ABNT5101!$I:$I,ABNT5101!M:M) -> 0.28 | BB37: =_xlfn.XLOOKUP(J37,ABNT5101!$I:$I,ABNT5101!N:N) -> - | BC37: =_xlfn.XLOOKUP(J37,ABNT5101!$I:$I,ABNT5101!O:O) -> 14 | BD37: =IF(BN37="NÃO ATENDE","NÃO ATENDE",IF(BY37="NÃO ATENDE","NÃO ATENDE",IF(CH37="NÃO ATENDE","NÃO ATENDE","ATENDE"))) -> NÃO ATENDE | BE37: =BH37/AX37-1 -> -1 | BF37: =BI37/AY37-1 -> -1 | BG37: =IF($J37="M6",BJ37/AZ37-1,"-") -> - | BN37: =IF(OR(BO37="NÃO ATENDE",BP37="NÃO ATENDE",BQ37="NÃO ATENDE"),"NÃO ATENDE","ATENDE") -> NÃO ATENDE | BO37: =IF(BH37>=AX37,"ATENDE",IF(BH37>=0.99*AX37,"ATENDIMENTO LIMIAR","NÃO ATENDE")) -> NÃO ATENDE | BP37: =IF(BI37>=AY37,"ATENDE",IF(BI37>=(AY37-0.02),"ATENDIMENTO LIMIAR","NÃO ATENDE")) -> NÃO ATENDE | BQ37: =IF(AZ37="-","ATENDE",IF(BJ37>=AZ37,"ATENDE",IF(BJ37>=(AZ37-0.02),"ATENDIMENTO LIMIAR","NÃO ATENDE"))) -> ATENDE | BR37: =J37 -> C2 | BS37: =L37 -> P4 | BT37: =IF(BU37="-","-",BU37/BW37-1) -> -1 | BW37: =IF(BS37="-","-",_xlfn.XLOOKUP(BS37,ABNT5101!$B$4:$B$9,ABNT5101!$C$4:$C$9)) -> 7.5 | BX37: =IF(BS37="-","-",_xlfn.XLOOKUP(BS37,ABNT5101!$B$4:$B$9,ABNT5101!$D$4:$D$9)) -> 1.5 | BY37: =IF(BZ37="-","-",IF(BZ37="NÃO ATENDE","NÃO ATENDE",IF(CA37="NÃO ATENDE","NÃO ATENDE","ATENDE"))) -> NÃO ATENDE | BZ37: =IF(BS37="-","-",IF(BU37>=BW37,"ATENDE",IF(BU37>=(BW37*0.99),"ATENDIMENTO LIMIAR","NÃO ATENDE"))) -> NÃO ATENDE | CA37: =IF(BS37="-","-",IF(BV37>=BX37,"ATENDE","NÃO ATENDE")) -> NÃO ATENDE | CB37: =BS37 -> P4 | CC37: =IF(CD37="-","-",CD37/CF37-1) -> -1 | CF37: =IF(CB37="-","-",_xlfn.XLOOKUP(CB37,ABNT5101!$B$4:$B$9,ABNT5101!$C$4:$C$9)) -> 7.5 | CG37: =IF(CB37="-","-",_xlfn.XLOOKUP(CB37,ABNT5101!$B$4:$B$9,ABNT5101!$D$4:$D$9)) -> 1.5 | CH37: =IF(CI37="-","-",IF(CI37="NÃO ATENDE","NÃO ATENDE",IF(CJ37="NÃO ATENDE","NÃO ATENDE","ATENDE"))) -> NÃO ATENDE | CI37: =IF(CB37="-","-",IF(CD37>=(CF37),"ATENDE",IF(CD37>=(0.99*CF37),"ATENDIMENTO LIMIAR","NÃO ATENDE"))) -> NÃO ATENDE | CJ37: =IF(CB37="-","-",IF(CE37>=CG37,"ATENDE","NÃO ATENDE")) -> NÃO ATENDE | CK37: =_xlfn.XLOOKUP(CL37,'Banco de dados'!$B:$B,'Banco de dados'!$D:$D) -> #N/A | CM37: =_xlfn.XLOOKUP(CL37,'Banco de dados'!$B:$B,'Banco de dados'!$E:$E) -> #N/A | CO37: =IF(CN37="-","-",_xlfn.XLOOKUP(CN37,'Banco de dados'!$B:$B,'Banco de dados'!$E:$E)) -> #N/A | CP37: =AH37 -> 1 | CQ37: =_xlfn.XLOOKUP(CL37,'Banco de dados'!$B:$B,'Banco de dados'!$H:$H) -> #N/A | CR37: {=_xludf.xlookup(CN37,'Banco de dados'!$B:$B,'Banco de dados'!$H:$H)} -> #NAME? | CS37: {=_xludf.xlookup(CL37,'Banco de dados'!$B:$B,'Banco de dados'!$F:$F)} -> #NAME? | CT37: {=_xludf.xlookup(CN37,'Banco de dados'!$B:$B,'Banco de dados'!$F:$F)} -> #NAME? | CW37: =IF(AJ37=0.5,"Suporte",IF(AND(AJ37>='Braços de IP'!$B$9,AJ37<='Braços de IP'!$D$9),'Braços de IP'!$E$9,IF(AND(AJ37>='Braços de IP'!$B$10,AJ37<='Braços de IP'!$D$10),'Braços de IP'!$E$10,IF(AND(AJ37>='Braços de IP'!$B$11,AJ37<='Braços de IP'!$D$11),'Braços de IP'!$E$11,IF(AND(AJ37>='Braços de IP'!$B$12,AJ37<='Braços de IP'!$D$12),'Braços de IP'!$E$12,IF(AND(AJ37>='Braços de IP'!$B$13,AJ37<='Braços de IP'!$D$13),'Braços de IP'!$E$13,IF(AND(AJ37>='Braços de IP'!$B$14,AJ37<='Braços de IP'!$D$14),'Braços de IP'!$E$14,"ERRO"))))))) -> Longo I | CY37: =IF($CX37="","",VLOOKUP($CX37,'Braços de IP'!$E$9:$I$15,2,0)) | CZ37: =IF($CX37="","",VLOOKUP($CX37,'Braços de IP'!$E$9:$I$15,5,0)) | DG37: =CQ37 -> #N/A | DH37: =N37 -> 120 | DI37: =SUM(DG37:DH37)*CP37 -> #N/A | DJ37: =1-DG37/DH37 -> #N/A | DN37: Sim | DQ37: =((N37+O37)-CQ37)/(N37+O37) -> #VALUE! | DS37: V5 | DT37: =COUNTIF(J:J,DS37)/3 -> 0 | DU37: =DT37/$DT$414 -> #DIV/0! | DV37: =DT37/SUM($DT$315:$DT$342) -> #DIV/0!
E38: IP02001 | F38: V | G38: Rua Creta | H38: -23.350922 | I38: -46.825276 | J38: C5 | L38: Sem Passeio | M38: LED | N38: 58 | O38: Interno | P38: - | Q38: =N38*AH38*2 -> 116 | R38: 1 | S38: - | T38: 7.5 | X38: - | AD38: Unilateral | AE38: Braço | AF38: 33.5 | AG38: 7.1 | AH38: 1 | AI38: 0.2 | AJ38: 2 | AK38: =AJ38-AI38 -> 1.8 | AL38: - | AM38: - | AO38: =IF(AD38="Unilateral",2*AH38,IF(AD38="Bilateral Alternada",3*AH38,IF(AD38="Bilateral Frontal",4*AH38,IF(AD38="Canteiro Central",2*AH38,"erro")))) -> 2 | AV38: =IF(AP38=0,0,IF(AD38="Unilateral",2*AP38,IF(AD38="Bilateral Alternada",3*AP38,IF(AD38="Bilateral Frontal",4*AP38,IF(AD38="Canteiro Central",2*AP38,"erro"))))) -> 0 | AX38: =VLOOKUP(J38,ABNT5101!$I$3:$J$9,2) -> 7.5 | AY38: =VLOOKUP(J38,ABNT5101!$I$3:$M$9,5) -> 0.18 | AZ38: =_xlfn.XLOOKUP(J38,ABNT5101!I:I,ABNT5101!L:L) -> - | BA38: =_xlfn.XLOOKUP(J38,ABNT5101!$I:$I,ABNT5101!M:M) -> 0.18 | BB38: =_xlfn.XLOOKUP(J38,ABNT5101!$I:$I,ABNT5101!N:N) -> - | BC38: =_xlfn.XLOOKUP(J38,ABNT5101!$I:$I,ABNT5101!O:O) -> 16 | BD38: =IF(BN38="NÃO ATENDE","NÃO ATENDE",IF(BY38="NÃO ATENDE","NÃO ATENDE",IF(CH38="NÃO ATENDE","NÃO ATENDE","ATENDE"))) -> NÃO ATENDE | BE38: =BH38/AX38-1 -> -1 | BF38: =BI38/AY38-1 -> -1 | BG38: =IF($J38="M6",BJ38/AZ38-1,"-") -> - | BN38: =IF(OR(BO38="NÃO ATENDE",BP38="NÃO ATENDE",BQ38="NÃO ATENDE"),"NÃO ATENDE","ATENDE") -> NÃO ATENDE | BO38: =IF(BH38>=AX38,"ATENDE",IF(BH38>=0.99*AX38,"ATENDIMENTO LIMIAR","NÃO ATENDE")) -> NÃO ATENDE | BP38: =IF(BI38>=AY38,"ATENDE",IF(BI38>=(AY38-0.02),"ATENDIMENTO LIMIAR","NÃO ATENDE")) -> NÃO ATENDE | BQ38: =IF(AZ38="-","ATENDE",IF(BJ38>=AZ38,"ATENDE",IF(BJ38>=(AZ38-0.02),"ATENDIMENTO LIMIAR","NÃO ATENDE"))) -> ATENDE | BR38: =J38 -> C5 | BS38: =L38 -> Sem Passeio | BT38: =IF(BU38="-","-",BU38/BW38-1) -> #N/A | BW38: =IF(BS38="-","-",_xlfn.XLOOKUP(BS38,ABNT5101!$B$4:$B$9,ABNT5101!$C$4:$C$9)) -> #N/A | BX38: =IF(BS38="-","-",_xlfn.XLOOKUP(BS38,ABNT5101!$B$4:$B$9,ABNT5101!$D$4:$D$9)) -> #N/A | BY38: =IF(BZ38="-","-",IF(BZ38="NÃO ATENDE","NÃO ATENDE",IF(CA38="NÃO ATENDE","NÃO ATENDE","ATENDE"))) -> #N/A | BZ38: =IF(BS38="-","-",IF(BU38>=BW38,"ATENDE",IF(BU38>=(BW38*0.99),"ATENDIMENTO LIMIAR","NÃO ATENDE"))) -> #N/A | CA38: =IF(BS38="-","-",IF(BV38>=BX38,"ATENDE","NÃO ATENDE")) -> #N/A | CB38: =BS38 -> Sem Passeio | CC38: =IF(CD38="-","-",CD38/CF38-1) -> #N/A | CF38: =IF(CB38="-","-",_xlfn.XLOOKUP(CB38,ABNT5101!$B$4:$B$9,ABNT5101!$C$4:$C$9)) -> #N/A | CG38: =IF(CB38="-","-",_xlfn.XLOOKUP(CB38,ABNT5101!$B$4:$B$9,ABNT5101!$D$4:$D$9)) -> #N/A | CH38: =IF(CI38="-","-",IF(CI38="NÃO ATENDE","NÃO ATENDE",IF(CJ38="NÃO ATENDE","NÃO ATENDE","ATENDE"))) -> #N/A | CI38: =IF(CB38="-","-",IF(CD38>=(CF38),"ATENDE",IF(CD38>=(0.99*CF38),"ATENDIMENTO LIMIAR","NÃO ATENDE"))) -> #N/A | CJ38: =IF(CB38="-","-",IF(CE38>=CG38,"ATENDE","NÃO ATENDE")) -> #N/A | CK38: =_xlfn.XLOOKUP(CL38,'Banco de dados'!$B:$B,'Banco de dados'!$D:$D) -> #N/A | CM38: =_xlfn.XLOOKUP(CL38,'Banco de dados'!$B:$B,'Banco de dados'!$E:$E) -> #N/A | CO38: =IF(CN38="-","-",_xlfn.XLOOKUP(CN38,'Banco de dados'!$B:$B,'Banco de dados'!$E:$E)) -> #N/A | CP38: =AH38 -> 1 | CQ38: =_xlfn.XLOOKUP(CL38,'Banco de dados'!$B:$B,'Banco de dados'!$H:$H) -> #N/A | CR38: {=_xludf.xlookup(CN38,'Banco de dados'!$B:$B,'Banco de dados'!$H:$H)} -> #NAME? | CS38: {=_xludf.xlookup(CL38,'Banco de dados'!$B:$B,'Banco de dados'!$F:$F)} -> #NAME? | CT38: {=_xludf.xlookup(CN38,'Banco de dados'!$B:$B,'Banco de dados'!$F:$F)} -> #NAME? | CW38: =IF(AJ38=0.5,"Suporte",IF(AND(AJ38>='Braços de IP'!$B$9,AJ38<='Braços de IP'!$D$9),'Braços de IP'!$E$9,IF(AND(AJ38>='Braços de IP'!$B$10,AJ38<='Braços de IP'!$D$10),'Braços de IP'!$E$10,IF(AND(AJ38>='Braços de IP'!$B$11,AJ38<='Braços de IP'!$D$11),'Braços de IP'!$E$11,IF(AND(AJ38>='Braços de IP'!$B$12,AJ38<='Braços de IP'!$D$12),'Braços de IP'!$E$12,IF(AND(AJ38>='Braços de IP'!$B$13,AJ38<='Braços de IP'!$D$13),'Braços de IP'!$E$13,IF(AND(AJ38>='Braços de IP'!$B$14,AJ38<='Braços de IP'!$D$14),'Braços de IP'!$E$14,"ERRO"))))))) -> Médio I | CY38: =IF($CX38="","",VLOOKUP($CX38,'Braços de IP'!$E$9:$I$15,2,0)) | CZ38: =IF($CX38="","",VLOOKUP($CX38,'Braços de IP'!$E$9:$I$15,5,0)) | DG38: =CQ38 -> #N/A | DH38: =N38 -> 58 | DI38: =SUM(DG38:DH38)*CP38 -> #N/A | DJ38: =1-DG38/DH38 -> #N/A | DN38: Sim | DQ38: =((N38+O38)-CQ38)/(N38+O38) -> #VALUE! | DS38: V5 | DT38: =COUNTIF(J:J,DS38)/3 -> 0 | DU38: =DT38/$DT$414 -> #DIV/0! | DV38: =DT38/SUM($DT$315:$DT$342) -> #DIV/0!
E39: IP02001 | F39: V | G39: Rua Creta | H39: -23.350922 | I39: -46.825276 | J39: C5 | L39: Sem Passeio | M39: LED | N39: 58 | O39: Interno | P39: - | Q39: =N39*AH39*2 -> 116 | R39: 1 | S39: - | T39: 7.5 | X39: - | AD39: Unilateral | AE39: Braço | AF39: 33.5 | AG39: 7.1 | AH39: 1 | AI39: 0.2 | AJ39: 2 | AK39: =AJ39-AI39 -> 1.8 | AL39: - | AM39: - | AO39: =IF(AD39="Unilateral",2*AH39,IF(AD39="Bilateral Alternada",3*AH39,IF(AD39="Bilateral Frontal",4*AH39,IF(AD39="Canteiro Central",2*AH39,"erro")))) -> 2 | AV39: =IF(AP39=0,0,IF(AD39="Unilateral",2*AP39,IF(AD39="Bilateral Alternada",3*AP39,IF(AD39="Bilateral Frontal",4*AP39,IF(AD39="Canteiro Central",2*AP39,"erro"))))) -> 0 | AX39: =VLOOKUP(J39,ABNT5101!$I$3:$J$9,2) -> 7.5 | AY39: =VLOOKUP(J39,ABNT5101!$I$3:$M$9,5) -> 0.18 | AZ39: =_xlfn.XLOOKUP(J39,ABNT5101!I:I,ABNT5101!L:L) -> - | BA39: =_xlfn.XLOOKUP(J39,ABNT5101!$I:$I,ABNT5101!M:M) -> 0.18 | BB39: =_xlfn.XLOOKUP(J39,ABNT5101!$I:$I,ABNT5101!N:N) -> - | BC39: =_xlfn.XLOOKUP(J39,ABNT5101!$I:$I,ABNT5101!O:O) -> 16 | BD39: =IF(BN39="NÃO ATENDE","NÃO ATENDE",IF(BY39="NÃO ATENDE","NÃO ATENDE",IF(CH39="NÃO ATENDE","NÃO ATENDE","ATENDE"))) -> NÃO ATENDE | BE39: =BH39/AX39-1 -> -1 | BF39: =BI39/AY39-1 -> -1 | BG39: =IF($J39="M6",BJ39/AZ39-1,"-") -> - | BN39: =IF(OR(BO39="NÃO ATENDE",BP39="NÃO ATENDE",BQ39="NÃO ATENDE"),"NÃO ATENDE","ATENDE") -> NÃO ATENDE | BO39: =IF(BH39>=AX39,"ATENDE",IF(BH39>=0.99*AX39,"ATENDIMENTO LIMIAR","NÃO ATENDE")) -> NÃO ATENDE | BP39: =IF(BI39>=AY39,"ATENDE",IF(BI39>=(AY39-0.02),"ATENDIMENTO LIMIAR","NÃO ATENDE")) -> NÃO ATENDE | BQ39: =IF(AZ39="-","ATENDE",IF(BJ39>=AZ39,"ATENDE",IF(BJ39>=(AZ39-0.02),"ATENDIMENTO LIMIAR","NÃO ATENDE"))) -> ATENDE | BR39: =J39 -> C5 | BS39: =L39 -> Sem Passeio | BT39: =IF(BU39="-","-",BU39/BW39-1) -> #N/A | BW39: =IF(BS39="-","-",_xlfn.XLOOKUP(BS39,ABNT5101!$B$4:$B$9,ABNT5101!$C$4:$C$9)) -> #N/A | BX39: =IF(BS39="-","-",_xlfn.XLOOKUP(BS39,ABNT5101!$B$4:$B$9,ABNT5101!$D$4:$D$9)) -> #N/A | BY39: =IF(BZ39="-","-",IF(BZ39="NÃO ATENDE","NÃO ATENDE",IF(CA39="NÃO ATENDE","NÃO ATENDE","ATENDE"))) -> #N/A | BZ39: =IF(BS39="-","-",IF(BU39>=BW39,"ATENDE",IF(BU39>=(BW39*0.99),"ATENDIMENTO LIMIAR","NÃO ATENDE"))) -> #N/A | CA39: =IF(BS39="-","-",IF(BV39>=BX39,"ATENDE","NÃO ATENDE")) -> #N/A | CB39: =BS39 -> Sem Passeio | CC39: =IF(CD39="-","-",CD39/CF39-1) -> #N/A | CF39: =IF(CB39="-","-",_xlfn.XLOOKUP(CB39,ABNT5101!$B$4:$B$9,ABNT5101!$C$4:$C$9)) -> #N/A | CG39: =IF(CB39="-","-",_xlfn.XLOOKUP(CB39,ABNT5101!$B$4:$B$9,ABNT5101!$D$4:$D$9)) -> #N/A | CH39: =IF(CI39="-","-",IF(CI39="NÃO ATENDE","NÃO ATENDE",IF(CJ39="NÃO ATENDE","NÃO ATENDE","ATENDE"))) -> #N/A | CI39: =IF(CB39="-","-",IF(CD39>=(CF39),"ATENDE",IF(CD39>=(0.99*CF39),"ATENDIMENTO LIMIAR","NÃO ATENDE"))) -> #N/A | CJ39: =IF(CB39="-","-",IF(CE39>=CG39,"ATENDE","NÃO ATENDE")) -> #N/A | CK39: =_xlfn.XLOOKUP(CL39,'Banco de dados'!$B:$B,'Banco de dados'!$D:$D) -> #N/A | CM39: =_xlfn.XLOOKUP(CL39,'Banco de dados'!$B:$B,'Banco de dados'!$E:$E) -> #N/A | CO39: =IF(CN39="-","-",_xlfn.XLOOKUP(CN39,'Banco de dados'!$B:$B,'Banco de dados'!$E:$E)) -> #N/A | CP39: =AH39 -> 1 | CQ39: =_xlfn.XLOOKUP(CL39,'Banco de dados'!$B:$B,'Banco de dados'!$H:$H) -> #N/A | CR39: {=_xludf.xlookup(CN39,'Banco de dados'!$B:$B,'Banco de dados'!$H:$H)} -> #NAME? | CS39: {=_xludf.xlookup(CL39,'Banco de dados'!$B:$B,'Banco de dados'!$F:$F)} -> #NAME? | CT39: {=_xludf.xlookup(CN39,'Banco de dados'!$B:$B,'Banco de dados'!$F:$F)} -> #NAME? | CW39: =IF(AJ39=0.5,"Suporte",IF(AND(AJ39>='Braços de IP'!$B$9,AJ39<='Braços de IP'!$D$9),'Braços de IP'!$E$9,IF(AND(AJ39>='Braços de IP'!$B$10,AJ39<='Braços de IP'!$D$10),'Braços de IP'!$E$10,IF(AND(AJ39>='Braços de IP'!$B$11,AJ39<='Braços de IP'!$D$11),'Braços de IP'!$E$11,IF(AND(AJ39>='Braços de IP'!$B$12,AJ39<='Braços de IP'!$D$12),'Braços de IP'!$E$12,IF(AND(AJ39>='Braços de IP'!$B$13,AJ39<='Braços de IP'!$D$13),'Braços de IP'!$E$13,IF(AND(AJ39>='Braços de IP'!$B$14,AJ39<='Braços de IP'!$D$14),'Braços de IP'!$E$14,"ERRO"))))))) -> Médio I | CY39: =IF($CX39="","",VLOOKUP($CX39,'Braços de IP'!$E$9:$I$15,2,0)) | CZ39: =IF($CX39="","",VLOOKUP($CX39,'Braços de IP'!$E$9:$I$15,5,0)) | DG39: =CQ39 -> #N/A | DH39: =N39 -> 58 | DI39: =SUM(DG39:DH39)*CP39 -> #N/A | DJ39: =1-DG39/DH39 -> #N/A | DN39: Sim | DQ39: =((N39+O39)-CQ39)/(N39+O39) -> #VALUE! | DS39: V5 | DT39: =COUNTIF(J:J,DS39)/3 -> 0 | DU39: =DT39/$DT$414 -> #DIV/0! | DV39: =DT39/SUM($DT$315:$DT$342) -> #DIV/0!
E40: IP02001 | F40: V | G40: Rua Creta | H40: -23.350922 | I40: -46.825276 | J40: C5 | L40: Sem Passeio | M40: LED | N40: 58 | O40: Interno | P40: - | Q40: =N40*AH40*2 -> 116 | R40: 1 | S40: - | T40: 7.5 | X40: - | AD40: Unilateral | AE40: Braço | AF40: 33.5 | AG40: 7.1 | AH40: 1 | AI40: 0.2 | AJ40: 2 | AK40: =AJ40-AI40 -> 1.8 | AL40: - | AM40: - | AO40: =IF(AD40="Unilateral",2*AH40,IF(AD40="Bilateral Alternada",3*AH40,IF(AD40="Bilateral Frontal",4*AH40,IF(AD40="Canteiro Central",2*AH40,"erro")))) -> 2 | AV40: =IF(AP40=0,0,IF(AD40="Unilateral",2*AP40,IF(AD40="Bilateral Alternada",3*AP40,IF(AD40="Bilateral Frontal",4*AP40,IF(AD40="Canteiro Central",2*AP40,"erro"))))) -> 0 | AX40: =VLOOKUP(J40,ABNT5101!$I$3:$J$9,2) -> 7.5 | AY40: =VLOOKUP(J40,ABNT5101!$I$3:$M$9,5) -> 0.18 | AZ40: =_xlfn.XLOOKUP(J40,ABNT5101!I:I,ABNT5101!L:L) -> - | BA40: =_xlfn.XLOOKUP(J40,ABNT5101!$I:$I,ABNT5101!M:M) -> 0.18 | BB40: =_xlfn.XLOOKUP(J40,ABNT5101!$I:$I,ABNT5101!N:N) -> - | BC40: =_xlfn.XLOOKUP(J40,ABNT5101!$I:$I,ABNT5101!O:O) -> 16 | BD40: =IF(BN40="NÃO ATENDE","NÃO ATENDE",IF(BY40="NÃO ATENDE","NÃO ATENDE",IF(CH40="NÃO ATENDE","NÃO ATENDE","ATENDE"))) -> NÃO ATENDE | BE40: =BH40/AX40-1 -> -1 | BF40: =BI40/AY40-1 -> -1 | BG40: =IF($J40="M6",BJ40/AZ40-1,"-") -> - | BN40: =IF(OR(BO40="NÃO ATENDE",BP40="NÃO ATENDE",BQ40="NÃO ATENDE"),"NÃO ATENDE","ATENDE") -> NÃO ATENDE | BO40: =IF(BH40>=AX40,"ATENDE",IF(BH40>=0.99*AX40,"ATENDIMENTO LIMIAR","NÃO ATENDE")) -> NÃO ATENDE | BP40: =IF(BI40>=AY40,"ATENDE",IF(BI40>=(AY40-0.02),"ATENDIMENTO LIMIAR","NÃO ATENDE")) -> NÃO ATENDE | BQ40: =IF(AZ40="-","ATENDE",IF(BJ40>=AZ40,"ATENDE",IF(BJ40>=(AZ40-0.02),"ATENDIMENTO LIMIAR","NÃO ATENDE"))) -> ATENDE | BR40: =J40 -> C5 | BS40: =L40 -> Sem Passeio | BT40: =IF(BU40="-","-",BU40/BW40-1) -> #N/A | BW40: =IF(BS40="-","-",_xlfn.XLOOKUP(BS40,ABNT5101!$B$4:$B$9,ABNT5101!$C$4:$C$9)) -> #N/A | BX40: =IF(BS40="-","-",_xlfn.XLOOKUP(BS40,ABNT5101!$B$4:$B$9,ABNT5101!$D$4:$D$9)) -> #N/A | BY40: =IF(BZ40="-","-",IF(BZ40="NÃO ATENDE","NÃO ATENDE",IF(CA40="NÃO ATENDE","NÃO ATENDE","ATENDE"))) -> #N/A | BZ40: =IF(BS40="-","-",IF(BU40>=BW40,"ATENDE",IF(BU40>=(BW40*0.99),"ATENDIMENTO LIMIAR","NÃO ATENDE"))) -> #N/A | CA40: =IF(BS40="-","-",IF(BV40>=BX40,"ATENDE","NÃO ATENDE")) -> #N/A | CB40: =BS40 -> Sem Passeio | CC40: =IF(CD40="-","-",CD40/CF40-1) -> #N/A | CF40: =IF(CB40="-","-",_xlfn.XLOOKUP(CB40,ABNT5101!$B$4:$B$9,ABNT5101!$C$4:$C$9)) -> #N/A | CG40: =IF(CB40="-","-",_xlfn.XLOOKUP(CB40,ABNT5101!$B$4:$B$9,ABNT5101!$D$4:$D$9)) -> #N/A | CH40: =IF(CI40="-","-",IF(CI40="NÃO ATENDE","NÃO ATENDE",IF(CJ40="NÃO ATENDE","NÃO ATENDE","ATENDE"))) -> #N/A | CI40: =IF(CB40="-","-",IF(CD40>=(CF40),"ATENDE",IF(CD40>=(0.99*CF40),"ATENDIMENTO LIMIAR","NÃO ATENDE"))) -> #N/A | CJ40: =IF(CB40="-","-",IF(CE40>=CG40,"ATENDE","NÃO ATENDE")) -> #N/A | CK40: =_xlfn.XLOOKUP(CL40,'Banco de dados'!$B:$B,'Banco de dados'!$D:$D) -> #N/A | CM40: =_xlfn.XLOOKUP(CL40,'Banco de dados'!$B:$B,'Banco de dados'!$E:$E) -> #N/A | CO40: =IF(CN40="-","-",_xlfn.XLOOKUP(CN40,'Banco de dados'!$B:$B,'Banco de dados'!$E:$E)) -> #N/A | CP40: =AH40 -> 1 | CQ40: =_xlfn.XLOOKUP(CL40,'Banco de dados'!$B:$B,'Banco de dados'!$H:$H) -> #N/A | CR40: {=_xludf.xlookup(CN40,'Banco de dados'!$B:$B,'Banco de dados'!$H:$H)} -> #NAME? | CS40: {=_xludf.xlookup(CL40,'Banco de dados'!$B:$B,'Banco de dados'!$F:$F)} -> #NAME? | CT40: {=_xludf.xlookup(CN40,'Banco de dados'!$B:$B,'Banco de dados'!$F:$F)} -> #NAME? | CW40: =IF(AJ40=0.5,"Suporte",IF(AND(AJ40>='Braços de IP'!$B$9,AJ40<='Braços de IP'!$D$9),'Braços de IP'!$E$9,IF(AND(AJ40>='Braços de IP'!$B$10,AJ40<='Braços de IP'!$D$10),'Braços de IP'!$E$10,IF(AND(AJ40>='Braços de IP'!$B$11,AJ40<='Braços de IP'!$D$11),'Braços de IP'!$E$11,IF(AND(AJ40>='Braços de IP'!$B$12,AJ40<='Braços de IP'!$D$12),'Braços de IP'!$E$12,IF(AND(AJ40>='Braços de IP'!$B$13,AJ40<='Braços de IP'!$D$13),'Braços de IP'!$E$13,IF(AND(AJ40>='Braços de IP'!$B$14,AJ40<='Braços de IP'!$D$14),'Braços de IP'!$E$14,"ERRO"))))))) -> Médio I | CY40: =IF($CX40="","",VLOOKUP($CX40,'Braços de IP'!$E$9:$I$15,2,0)) | CZ40: =IF($CX40="","",VLOOKUP($CX40,'Braços de IP'!$E$9:$I$15,5,0)) | DG40: =CQ40 -> #N/A | DH40: =N40 -> 58 | DI40: =SUM(DG40:DH40)*CP40 -> #N/A | DJ40: =1-DG40/DH40 -> #N/A | DN40: Sim | DQ40: =((N40+O40)-CQ40)/(N40+O40) -> #VALUE! | DS40: V5 | DT40: =COUNTIF(J:J,DS40)/3 -> 0 | DU40: =DT40/$DT$414 -> #DIV/0! | DV40: =DT40/SUM($DT$315:$DT$342) -> #DIV/0!
E41: *485181 | F41: PV | G41: Rua General Salgado | H41: -23.420751 | I41: -46.853005 | J41: C5 | L41: P6 | M41: LED | N41: 60 | O41: Interno | P41: - | Q41: =N41*AH41*2 -> 120 | R41: 1 | S41: 1 | T41: 4.5 | X41: - | AD41: Unilateral | AE41: Braço | AF41: 19.5 | AG41: 7.5 | AH41: 1 | AI41: 0.38 | AJ41: 1.8 | AK41: =AJ41-AI41 -> 1.42 | AL41: - | AM41: - | AO41: =IF(AD41="Unilateral",2*AH41,IF(AD41="Bilateral Alternada",3*AH41,IF(AD41="Bilateral Frontal",4*AH41,IF(AD41="Canteiro Central",2*AH41,"erro")))) -> 2 | AV41: =IF(AP41=0,0,IF(AD41="Unilateral",2*AP41,IF(AD41="Bilateral Alternada",3*AP41,IF(AD41="Bilateral Frontal",4*AP41,IF(AD41="Canteiro Central",2*AP41,"erro"))))) -> 0 | AX41: =VLOOKUP(J41,ABNT5101!$I$3:$J$9,2) -> 7.5 | AY41: =VLOOKUP(J41,ABNT5101!$I$3:$M$9,5) -> 0.18 | AZ41: =_xlfn.XLOOKUP(J41,ABNT5101!I:I,ABNT5101!L:L) -> - | BA41: =_xlfn.XLOOKUP(J41,ABNT5101!$I:$I,ABNT5101!M:M) -> 0.18 | BB41: =_xlfn.XLOOKUP(J41,ABNT5101!$I:$I,ABNT5101!N:N) -> - | BC41: =_xlfn.XLOOKUP(J41,ABNT5101!$I:$I,ABNT5101!O:O) -> 16 | BD41: =IF(BN41="NÃO ATENDE","NÃO ATENDE",IF(BY41="NÃO ATENDE","NÃO ATENDE",IF(CH41="NÃO ATENDE","NÃO ATENDE","ATENDE"))) -> NÃO ATENDE | BE41: =BH41/AX41-1 -> -1 | BF41: =BI41/AY41-1 -> -1 | BG41: =IF($J41="M6",BJ41/AZ41-1,"-") -> - | BN41: =IF(OR(BO41="NÃO ATENDE",BP41="NÃO ATENDE",BQ41="NÃO ATENDE"),"NÃO ATENDE","ATENDE") -> NÃO ATENDE | BO41: =IF(BH41>=AX41,"ATENDE",IF(BH41>=0.99*AX41,"ATENDIMENTO LIMIAR","NÃO ATENDE")) -> NÃO ATENDE | BP41: =IF(BI41>=AY41,"ATENDE",IF(BI41>=(AY41-0.02),"ATENDIMENTO LIMIAR","NÃO ATENDE")) -> NÃO ATENDE | BQ41: =IF(AZ41="-","ATENDE",IF(BJ41>=AZ41,"ATENDE",IF(BJ41>=(AZ41-0.02),"ATENDIMENTO LIMIAR","NÃO ATENDE"))) -> ATENDE | BR41: =J41 -> C5 | BS41: =L41 -> P6 | BT41: =IF(BU41="-","-",BU41/BW41-1) -> -1 | BW41: =IF(BS41="-","-",_xlfn.XLOOKUP(BS41,ABNT5101!$B$4:$B$9,ABNT5101!$C$4:$C$9)) -> 3 | BX41: =IF(BS41="-","-",_xlfn.XLOOKUP(BS41,ABNT5101!$B$4:$B$9,ABNT5101!$D$4:$D$9)) -> 0.6 | BY41: =IF(BZ41="-","-",IF(BZ41="NÃO ATENDE","NÃO ATENDE",IF(CA41="NÃO ATENDE","NÃO ATENDE","ATENDE"))) -> NÃO ATENDE | BZ41: =IF(BS41="-","-",IF(BU41>=BW41,"ATENDE",IF(BU41>=(BW41*0.99),"ATENDIMENTO LIMIAR","NÃO ATENDE"))) -> NÃO ATENDE | CA41: =IF(BS41="-","-",IF(BV41>=BX41,"ATENDE","NÃO ATENDE")) -> NÃO ATENDE | CB41: =BS41 -> P6 | CC41: =IF(CD41="-","-",CD41/CF41-1) -> -1 | CF41: =IF(CB41="-","-",_xlfn.XLOOKUP(CB41,ABNT5101!$B$4:$B$9,ABNT5101!$C$4:$C$9)) -> 3 | CG41: =IF(CB41="-","-",_xlfn.XLOOKUP(CB41,ABNT5101!$B$4:$B$9,ABNT5101!$D$4:$D$9)) -> 0.6 | CH41: =IF(CI41="-","-",IF(CI41="NÃO ATENDE","NÃO ATENDE",IF(CJ41="NÃO ATENDE","NÃO ATENDE","ATENDE"))) -> NÃO ATENDE | CI41: =IF(CB41="-","-",IF(CD41>=(CF41),"ATENDE",IF(CD41>=(0.99*CF41),"ATENDIMENTO LIMIAR","NÃO ATENDE"))) -> NÃO ATENDE | CJ41: =IF(CB41="-","-",IF(CE41>=CG41,"ATENDE","NÃO ATENDE")) -> NÃO ATENDE | CK41: =_xlfn.XLOOKUP(CL41,'Banco de dados'!$B:$B,'Banco de dados'!$D:$D) -> #N/A | CM41: =_xlfn.XLOOKUP(CL41,'Banco de dados'!$B:$B,'Banco de dados'!$E:$E) -> #N/A | CO41: =IF(CN41="-","-",_xlfn.XLOOKUP(CN41,'Banco de dados'!$B:$B,'Banco de dados'!$E:$E)) -> #N/A | CP41: =AH41 -> 1 | CQ41: =_xlfn.XLOOKUP(CL41,'Banco de dados'!$B:$B,'Banco de dados'!$H:$H) -> #N/A | CR41: {=_xludf.xlookup(CN41,'Banco de dados'!$B:$B,'Banco de dados'!$H:$H)} -> #NAME? | CS41: {=_xludf.xlookup(CL41,'Banco de dados'!$B:$B,'Banco de dados'!$F:$F)} -> #NAME? | CT41: {=_xludf.xlookup(CN41,'Banco de dados'!$B:$B,'Banco de dados'!$F:$F)} -> #NAME? | CW41: =IF(AJ41=0.5,"Suporte",IF(AND(AJ41>='Braços de IP'!$B$9,AJ41<='Braços de IP'!$D$9),'Braços de IP'!$E$9,IF(AND(AJ41>='Braços de IP'!$B$10,AJ41<='Braços de IP'!$D$10),'Braços de IP'!$E$10,IF(AND(AJ41>='Braços de IP'!$B$11,AJ41<='Braços de IP'!$D$11),'Braços de IP'!$E$11,IF(AND(AJ41>='Braços de IP'!$B$12,AJ41<='Braços de IP'!$D$12),'Braços de IP'!$E$12,IF(AND(AJ41>='Braços de IP'!$B$13,AJ41<='Braços de IP'!$D$13),'Braços de IP'!$E$13,IF(AND(AJ41>='Braços de IP'!$B$14,AJ41<='Braços de IP'!$D$14),'Braços de IP'!$E$14,"ERRO"))))))) -> Médio I | CY41: =IF($CX41="","",VLOOKUP($CX41,'Braços de IP'!$E$9:$I$15,2,0)) | CZ41: =IF($CX41="","",VLOOKUP($CX41,'Braços de IP'!$E$9:$I$15,5,0)) | DG41: =CQ41 -> #N/A | DH41: =N41 -> 60 | DI41: =SUM(DG41:DH41)*CP41 -> #N/A | DJ41: =1-DG41/DH41 -> #N/A | DN41: Sim | DQ41: =((N41+O41)-CQ41)/(N41+O41) -> #VALUE! | DS41: V5 | DT41: =COUNTIF(J:J,DS41)/3 -> 0 | DU41: =DT41/$DT$414 -> #DIV/0! | DV41: =DT41/SUM($DT$315:$DT$342) -> #DIV/0!
E42: *485181 | F42: PV | G42: Rua General Salgado | H42: -23.420751 | I42: -46.853005 | J42: C5 | L42: P6 | M42: LED | N42: 60 | O42: Interno | P42: - | Q42: =N42*AH42*2 -> 120 | R42: 1 | S42: 1 | T42: 4.5 | X42: - | AD42: Unilateral | AE42: Braço | AF42: 19.5 | AG42: 7.5 | AH42: 1 | AI42: 0.38 | AJ42: 1.8 | AK42: =AJ42-AI42 -> 1.42 | AL42: - | AM42: - | AO42: =IF(AD42="Unilateral",2*AH42,IF(AD42="Bilateral Alternada",3*AH42,IF(AD42="Bilateral Frontal",4*AH42,IF(AD42="Canteiro Central",2*AH42,"erro")))) -> 2 | AV42: =IF(AP42=0,0,IF(AD42="Unilateral",2*AP42,IF(AD42="Bilateral Alternada",3*AP42,IF(AD42="Bilateral Frontal",4*AP42,IF(AD42="Canteiro Central",2*AP42,"erro"))))) -> 0 | AX42: =VLOOKUP(J42,ABNT5101!$I$3:$J$9,2) -> 7.5 | AY42: =VLOOKUP(J42,ABNT5101!$I$3:$M$9,5) -> 0.18 | AZ42: =_xlfn.XLOOKUP(J42,ABNT5101!I:I,ABNT5101!L:L) -> - | BA42: =_xlfn.XLOOKUP(J42,ABNT5101!$I:$I,ABNT5101!M:M) -> 0.18 | BB42: =_xlfn.XLOOKUP(J42,ABNT5101!$I:$I,ABNT5101!N:N) -> - | BC42: =_xlfn.XLOOKUP(J42,ABNT5101!$I:$I,ABNT5101!O:O) -> 16 | BD42: =IF(BN42="NÃO ATENDE","NÃO ATENDE",IF(BY42="NÃO ATENDE","NÃO ATENDE",IF(CH42="NÃO ATENDE","NÃO ATENDE","ATENDE"))) -> NÃO ATENDE | BE42: =BH42/AX42-1 -> -1 | BF42: =BI42/AY42-1 -> -1 | BG42: =IF($J42="M6",BJ42/AZ42-1,"-") -> - | BN42: =IF(OR(BO42="NÃO ATENDE",BP42="NÃO ATENDE",BQ42="NÃO ATENDE"),"NÃO ATENDE","ATENDE") -> NÃO ATENDE | BO42: =IF(BH42>=AX42,"ATENDE",IF(BH42>=0.99*AX42,"ATENDIMENTO LIMIAR","NÃO ATENDE")) -> NÃO ATENDE | BP42: =IF(BI42>=AY42,"ATENDE",IF(BI42>=(AY42-0.02),"ATENDIMENTO LIMIAR","NÃO ATENDE")) -> NÃO ATENDE | BQ42: =IF(AZ42="-","ATENDE",IF(BJ42>=AZ42,"ATENDE",IF(BJ42>=(AZ42-0.02),"ATENDIMENTO LIMIAR","NÃO ATENDE"))) -> ATENDE | BR42: =J42 -> C5 | BS42: =L42 -> P6 | BT42: =IF(BU42="-","-",BU42/BW42-1) -> -1 | BW42: =IF(BS42="-","-",_xlfn.XLOOKUP(BS42,ABNT5101!$B$4:$B$9,ABNT5101!$C$4:$C$9)) -> 3 | BX42: =IF(BS42="-","-",_xlfn.XLOOKUP(BS42,ABNT5101!$B$4:$B$9,ABNT5101!$D$4:$D$9)) -> 0.6 | BY42: =IF(BZ42="-","-",IF(BZ42="NÃO ATENDE","NÃO ATENDE",IF(CA42="NÃO ATENDE","NÃO ATENDE","ATENDE"))) -> NÃO ATENDE | BZ42: =IF(BS42="-","-",IF(BU42>=BW42,"ATENDE",IF(BU42>=(BW42*0.99),"ATENDIMENTO LIMIAR","NÃO ATENDE"))) -> NÃO ATENDE | CA42: =IF(BS42="-","-",IF(BV42>=BX42,"ATENDE","NÃO ATENDE")) -> NÃO ATENDE | CB42: =BS42 -> P6 | CC42: =IF(CD42="-","-",CD42/CF42-1) -> -1 | CF42: =IF(CB42="-","-",_xlfn.XLOOKUP(CB42,ABNT5101!$B$4:$B$9,ABNT5101!$C$4:$C$9)) -> 3 | CG42: =IF(CB42="-","-",_xlfn.XLOOKUP(CB42,ABNT5101!$B$4:$B$9,ABNT5101!$D$4:$D$9)) -> 0.6 | CH42: =IF(CI42="-","-",IF(CI42="NÃO ATENDE","NÃO ATENDE",IF(CJ42="NÃO ATENDE","NÃO ATENDE","ATENDE"))) -> NÃO ATENDE | CI42: =IF(CB42="-","-",IF(CD42>=(CF42),"ATENDE",IF(CD42>=(0.99*CF42),"ATENDIMENTO LIMIAR","NÃO ATENDE"))) -> NÃO ATENDE | CJ42: =IF(CB42="-","-",IF(CE42>=CG42,"ATENDE","NÃO ATENDE")) -> NÃO ATENDE | CK42: =_xlfn.XLOOKUP(CL42,'Banco de dados'!$B:$B,'Banco de dados'!$D:$D) -> #N/A | CM42: =_xlfn.XLOOKUP(CL42,'Banco de dados'!$B:$B,'Banco de dados'!$E:$E) -> #N/A | CO42: =IF(CN42="-","-",_xlfn.XLOOKUP(CN42,'Banco de dados'!$B:$B,'Banco de dados'!$E:$E)) -> #N/A | CP42: =AH42 -> 1 | CQ42: =_xlfn.XLOOKUP(CL42,'Banco de dados'!$B:$B,'Banco de dados'!$H:$H) -> #N/A | CR42: {=_xludf.xlookup(CN42,'Banco de dados'!$B:$B,'Banco de dados'!$H:$H)} -> #NAME? | CS42: {=_xludf.xlookup(CL42,'Banco de dados'!$B:$B,'Banco de dados'!$F:$F)} -> #NAME? | CT42: {=_xludf.xlookup(CN42,'Banco de dados'!$B:$B,'Banco de dados'!$F:$F)} -> #NAME? | CW42: =IF(AJ42=0.5,"Suporte",IF(AND(AJ42>='Braços de IP'!$B$9,AJ42<='Braços de IP'!$D$9),'Braços de IP'!$E$9,IF(AND(AJ42>='Braços de IP'!$B$10,AJ42<='Braços de IP'!$D$10),'Braços de IP'!$E$10,IF(AND(AJ42>='Braços de IP'!$B$11,AJ42<='Braços de IP'!$D$11),'Braços de IP'!$E$11,IF(AND(AJ42>='Braços de IP'!$B$12,AJ42<='Braços de IP'!$D$12),'Braços de IP'!$E$12,IF(AND(AJ42>='Braços de IP'!$B$13,AJ42<='Braços de IP'!$D$13),'Braços de IP'!$E$13,IF(AND(AJ42>='Braços de IP'!$B$14,AJ42<='Braços de IP'!$D$14),'Braços de IP'!$E$14,"ERRO"))))))) -> Médio I | CY42: =IF($CX42="","",VLOOKUP($CX42,'Braços de IP'!$E$9:$I$15,2,0)) | CZ42: =IF($CX42="","",VLOOKUP($CX42,'Braços de IP'!$E$9:$I$15,5,0)) | DG42: =CQ42 -> #N/A | DH42: =N42 -> 60 | DI42: =SUM(DG42:DH42)*CP42 -> #N/A | DJ42: =1-DG42/DH42 -> #N/A | DN42: Sim | DQ42: =((N42+O42)-CQ42)/(N42+O42) -> #VALUE! | DS42: V5 | DT42: =COUNTIF(J:J,DS42)/3 -> 0 | DU42: =DT42/$DT$414 -> #DIV/0! | DV42: =DT42/SUM($DT$315:$DT$342) -> #DIV/0!
E43: *485181 | F43: PV | G43: Rua General Salgado | H43: -23.420751 | I43: -46.853005 | J43: C5 | L43: P6 | M43: LED | N43: 60 | O43: Interno | P43: - | Q43: =N43*AH43*2 -> 120 | R43: 1 | S43: 1 | T43: 4.5 | X43: - | AD43: Unilateral | AE43: Braço | AF43: 19.5 | AG43: 7.5 | AH43: 1 | AI43: 0.38 | AJ43: 1.8 | AK43: =AJ43-AI43 -> 1.42 | AL43: - | AM43: - | AO43: =IF(AD43="Unilateral",2*AH43,IF(AD43="Bilateral Alternada",3*AH43,IF(AD43="Bilateral Frontal",4*AH43,IF(AD43="Canteiro Central",2*AH43,"erro")))) -> 2 | AV43: =IF(AP43=0,0,IF(AD43="Unilateral",2*AP43,IF(AD43="Bilateral Alternada",3*AP43,IF(AD43="Bilateral Frontal",4*AP43,IF(AD43="Canteiro Central",2*AP43,"erro"))))) -> 0 | AX43: =VLOOKUP(J43,ABNT5101!$I$3:$J$9,2) -> 7.5 | AY43: =VLOOKUP(J43,ABNT5101!$I$3:$M$9,5) -> 0.18 | AZ43: =_xlfn.XLOOKUP(J43,ABNT5101!I:I,ABNT5101!L:L) -> - | BA43: =_xlfn.XLOOKUP(J43,ABNT5101!$I:$I,ABNT5101!M:M) -> 0.18 | BB43: =_xlfn.XLOOKUP(J43,ABNT5101!$I:$I,ABNT5101!N:N) -> - | BC43: =_xlfn.XLOOKUP(J43,ABNT5101!$I:$I,ABNT5101!O:O) -> 16 | BD43: =IF(BN43="NÃO ATENDE","NÃO ATENDE",IF(BY43="NÃO ATENDE","NÃO ATENDE",IF(CH43="NÃO ATENDE","NÃO ATENDE","ATENDE"))) -> NÃO ATENDE | BE43: =BH43/AX43-1 -> -1 | BF43: =BI43/AY43-1 -> -1 | BG43: =IF($J43="M6",BJ43/AZ43-1,"-") -> - | BN43: =IF(OR(BO43="NÃO ATENDE",BP43="NÃO ATENDE",BQ43="NÃO ATENDE"),"NÃO ATENDE","ATENDE") -> NÃO ATENDE | BO43: =IF(BH43>=AX43,"ATENDE",IF(BH43>=0.99*AX43,"ATENDIMENTO LIMIAR","NÃO ATENDE")) -> NÃO ATENDE | BP43: =IF(BI43>=AY43,"ATENDE",IF(BI43>=(AY43-0.02),"ATENDIMENTO LIMIAR","NÃO ATENDE")) -> NÃO ATENDE | BQ43: =IF(AZ43="-","ATENDE",IF(BJ43>=AZ43,"ATENDE",IF(BJ43>=(AZ43-0.02),"ATENDIMENTO LIMIAR","NÃO ATENDE"))) -> ATENDE | BR43: =J43 -> C5 | BS43: =L43 -> P6 | BT43: =IF(BU43="-","-",BU43/BW43-1) -> -1 | BW43: =IF(BS43="-","-",_xlfn.XLOOKUP(BS43,ABNT5101!$B$4:$B$9,ABNT5101!$C$4:$C$9)) -> 3 | BX43: =IF(BS43="-","-",_xlfn.XLOOKUP(BS43,ABNT5101!$B$4:$B$9,ABNT5101!$D$4:$D$9)) -> 0.6 | BY43: =IF(BZ43="-","-",IF(BZ43="NÃO ATENDE","NÃO ATENDE",IF(CA43="NÃO ATENDE","NÃO ATENDE","ATENDE"))) -> NÃO ATENDE | BZ43: =IF(BS43="-","-",IF(BU43>=BW43,"ATENDE",IF(BU43>=(BW43*0.99),"ATENDIMENTO LIMIAR","NÃO ATENDE"))) -> NÃO ATENDE | CA43: =IF(BS43="-","-",IF(BV43>=BX43,"ATENDE","NÃO ATENDE")) -> NÃO ATENDE | CB43: =BS43 -> P6 | CC43: =IF(CD43="-","-",CD43/CF43-1) -> -1 | CF43: =IF(CB43="-","-",_xlfn.XLOOKUP(CB43,ABNT5101!$B$4:$B$9,ABNT5101!$C$4:$C$9)) -> 3 | CG43: =IF(CB43="-","-",_xlfn.XLOOKUP(CB43,ABNT5101!$B$4:$B$9,ABNT5101!$D$4:$D$9)) -> 0.6 | CH43: =IF(CI43="-","-",IF(CI43="NÃO ATENDE","NÃO ATENDE",IF(CJ43="NÃO ATENDE","NÃO ATENDE","ATENDE"))) -> NÃO ATENDE | CI43: =IF(CB43="-","-",IF(CD43>=(CF43),"ATENDE",IF(CD43>=(0.99*CF43),"ATENDIMENTO LIMIAR","NÃO ATENDE"))) -> NÃO ATENDE | CJ43: =IF(CB43="-","-",IF(CE43>=CG43,"ATENDE","NÃO ATENDE")) -> NÃO ATENDE | CK43: =_xlfn.XLOOKUP(CL43,'Banco de dados'!$B:$B,'Banco de dados'!$D:$D) -> #N/A | CM43: =_xlfn.XLOOKUP(CL43,'Banco de dados'!$B:$B,'Banco de dados'!$E:$E) -> #N/A | CO43: =IF(CN43="-","-",_xlfn.XLOOKUP(CN43,'Banco de dados'!$B:$B,'Banco de dados'!$E:$E)) -> #N/A | CP43: =AH43 -> 1 | CQ43: =_xlfn.XLOOKUP(CL43,'Banco de dados'!$B:$B,'Banco de dados'!$H:$H) -> #N/A | CR43: {=_xludf.xlookup(CN43,'Banco de dados'!$B:$B,'Banco de dados'!$H:$H)} -> #NAME? | CS43: {=_xludf.xlookup(CL43,'Banco de dados'!$B:$B,'Banco de dados'!$F:$F)} -> #NAME? | CT43: {=_xludf.xlookup(CN43,'Banco de dados'!$B:$B,'Banco de dados'!$F:$F)} -> #NAME? | CW43: =IF(AJ43=0.5,"Suporte",IF(AND(AJ43>='Braços de IP'!$B$9,AJ43<='Braços de IP'!$D$9),'Braços de IP'!$E$9,IF(AND(AJ43>='Braços de IP'!$B$10,AJ43<='Braços de IP'!$D$10),'Braços de IP'!$E$10,IF(AND(AJ43>='Braços de IP'!$B$11,AJ43<='Braços de IP'!$D$11),'Braços de IP'!$E$11,IF(AND(AJ43>='Braços de IP'!$B$12,AJ43<='Braços de IP'!$D$12),'Braços de IP'!$E$12,IF(AND(AJ43>='Braços de IP'!$B$13,AJ43<='Braços de IP'!$D$13),'Braços de IP'!$E$13,IF(AND(AJ43>='Braços de IP'!$B$14,AJ43<='Braços de IP'!$D$14),'Braços de IP'!$E$14,"ERRO"))))))) -> Médio I | CY43: =IF($CX43="","",VLOOKUP($CX43,'Braços de IP'!$E$9:$I$15,2,0)) | CZ43: =IF($CX43="","",VLOOKUP($CX43,'Braços de IP'!$E$9:$I$15,5,0)) | DG43: =CQ43 -> #N/A | DH43: =N43 -> 60 | DI43: =SUM(DG43:DH43)*CP43 -> #N/A | DJ43: =1-DG43/DH43 -> #N/A | DN43: Sim | DQ43: =((N43+O43)-CQ43)/(N43+O43) -> #VALUE! | DS43: V5 | DT43: =COUNTIF(J:J,DS43)/3 -> 0 | DU43: =DT43/$DT$414 -> #DIV/0! | DV43: =DT43/SUM($DT$315:$DT$342) -> #DIV/0!
E44: *471413 | F44: V | G44: Rua Utinga | H44: -23.329695 | I44: -46.932972 | J44: C5 | L44: Sem Passeio | M44: LED | N44: 58 | O44: Interno | P44: - | Q44: =N44*AH44*2 -> 116 | R44: 1 | S44: - | T44: 4.5 | X44: - | AD44: Unilateral | AE44: Braço | AF44: 16 | AG44: 7.4 | AH44: 1 | AI44: 0.8 | AJ44: 2.5 | AK44: =AJ44-AI44 -> 1.7 | AL44: - | AM44: - | AO44: =IF(AD44="Unilateral",2*AH44,IF(AD44="Bilateral Alternada",3*AH44,IF(AD44="Bilateral Frontal",4*AH44,IF(AD44="Canteiro Central",2*AH44,"erro")))) -> 2 | AV44: =IF(AP44=0,0,IF(AD44="Unilateral",2*AP44,IF(AD44="Bilateral Alternada",3*AP44,IF(AD44="Bilateral Frontal",4*AP44,IF(AD44="Canteiro Central",2*AP44,"erro"))))) -> 0 | AX44: =VLOOKUP(J44,ABNT5101!$I$3:$J$9,2) -> 7.5 | AY44: =VLOOKUP(J44,ABNT5101!$I$3:$M$9,5) -> 0.18 | AZ44: =_xlfn.XLOOKUP(J44,ABNT5101!I:I,ABNT5101!L:L) -> - | BA44: =_xlfn.XLOOKUP(J44,ABNT5101!$I:$I,ABNT5101!M:M) -> 0.18 | BB44: =_xlfn.XLOOKUP(J44,ABNT5101!$I:$I,ABNT5101!N:N) -> - | BC44: =_xlfn.XLOOKUP(J44,ABNT5101!$I:$I,ABNT5101!O:O) -> 16 | BD44: =IF(BN44="NÃO ATENDE","NÃO ATENDE",IF(BY44="NÃO ATENDE","NÃO ATENDE",IF(CH44="NÃO ATENDE","NÃO ATENDE","ATENDE"))) -> NÃO ATENDE | BE44: =BH44/AX44-1 -> -1 | BF44: =BI44/AY44-1 -> -1 | BG44: =IF($J44="M6",BJ44/AZ44-1,"-") -> - | BN44: =IF(OR(BO44="NÃO ATENDE",BP44="NÃO ATENDE",BQ44="NÃO ATENDE"),"NÃO ATENDE","ATENDE") -> NÃO ATENDE | BO44: =IF(BH44>=AX44,"ATENDE",IF(BH44>=0.99*AX44,"ATENDIMENTO LIMIAR","NÃO ATENDE")) -> NÃO ATENDE | BP44: =IF(BI44>=AY44,"ATENDE",IF(BI44>=(AY44-0.02),"ATENDIMENTO LIMIAR","NÃO ATENDE")) -> NÃO ATENDE | BQ44: =IF(AZ44="-","ATENDE",IF(BJ44>=AZ44,"ATENDE",IF(BJ44>=(AZ44-0.02),"ATENDIMENTO LIMIAR","NÃO ATENDE"))) -> ATENDE | BR44: =J44 -> C5 | BS44: =L44 -> Sem Passeio | BT44: =IF(BU44="-","-",BU44/BW44-1) -> #N/A | BW44: =IF(BS44="-","-",_xlfn.XLOOKUP(BS44,ABNT5101!$B$4:$B$9,ABNT5101!$C$4:$C$9)) -> #N/A | BX44: =IF(BS44="-","-",_xlfn.XLOOKUP(BS44,ABNT5101!$B$4:$B$9,ABNT5101!$D$4:$D$9)) -> #N/A | BY44: =IF(BZ44="-","-",IF(BZ44="NÃO ATENDE","NÃO ATENDE",IF(CA44="NÃO ATENDE","NÃO ATENDE","ATENDE"))) -> #N/A | BZ44: =IF(BS44="-","-",IF(BU44>=BW44,"ATENDE",IF(BU44>=(BW44*0.99),"ATENDIMENTO LIMIAR","NÃO ATENDE"))) -> #N/A | CA44: =IF(BS44="-","-",IF(BV44>=BX44,"ATENDE","NÃO ATENDE")) -> #N/A | CB44: =BS44 -> Sem Passeio | CC44: =IF(CD44="-","-",CD44/CF44-1) -> #N/A | CF44: =IF(CB44="-","-",_xlfn.XLOOKUP(CB44,ABNT5101!$B$4:$B$9,ABNT5101!$C$4:$C$9)) -> #N/A | CG44: =IF(CB44="-","-",_xlfn.XLOOKUP(CB44,ABNT5101!$B$4:$B$9,ABNT5101!$D$4:$D$9)) -> #N/A | CH44: =IF(CI44="-","-",IF(CI44="NÃO ATENDE","NÃO ATENDE",IF(CJ44="NÃO ATENDE","NÃO ATENDE","ATENDE"))) -> #N/A | CI44: =IF(CB44="-","-",IF(CD44>=(CF44),"ATENDE",IF(CD44>=(0.99*CF44),"ATENDIMENTO LIMIAR","NÃO ATENDE"))) -> #N/A | CJ44: =IF(CB44="-","-",IF(CE44>=CG44,"ATENDE","NÃO ATENDE")) -> #N/A | CK44: =_xlfn.XLOOKUP(CL44,'Banco de dados'!$B:$B,'Banco de dados'!$D:$D) -> #N/A | CM44: =_xlfn.XLOOKUP(CL44,'Banco de dados'!$B:$B,'Banco de dados'!$E:$E) -> #N/A | CO44: =IF(CN44="-","-",_xlfn.XLOOKUP(CN44,'Banco de dados'!$B:$B,'Banco de dados'!$E:$E)) -> #N/A | CP44: =AH44 -> 1 | CQ44: =_xlfn.XLOOKUP(CL44,'Banco de dados'!$B:$B,'Banco de dados'!$H:$H) -> #N/A | CR44: {=_xludf.xlookup(CN44,'Banco de dados'!$B:$B,'Banco de dados'!$H:$H)} -> #NAME? | CS44: {=_xludf.xlookup(CL44,'Banco de dados'!$B:$B,'Banco de dados'!$F:$F)} -> #NAME? | CT44: {=_xludf.xlookup(CN44,'Banco de dados'!$B:$B,'Banco de dados'!$F:$F)} -> #NAME? | CW44: =IF(AJ44=0.5,"Suporte",IF(AND(AJ44>='Braços de IP'!$B$9,AJ44<='Braços de IP'!$D$9),'Braços de IP'!$E$9,IF(AND(AJ44>='Braços de IP'!$B$10,AJ44<='Braços de IP'!$D$10),'Braços de IP'!$E$10,IF(AND(AJ44>='Braços de IP'!$B$11,AJ44<='Braços de IP'!$D$11),'Braços de IP'!$E$11,IF(AND(AJ44>='Braços de IP'!$B$12,AJ44<='Braços de IP'!$D$12),'Braços de IP'!$E$12,IF(AND(AJ44>='Braços de IP'!$B$13,AJ44<='Braços de IP'!$D$13),'Braços de IP'!$E$13,IF(AND(AJ44>='Braços de IP'!$B$14,AJ44<='Braços de IP'!$D$14),'Braços de IP'!$E$14,"ERRO"))))))) -> Médio II | CY44: =IF($CX44="","",VLOOKUP($CX44,'Braços de IP'!$E$9:$I$15,2,0)) | CZ44: =IF($CX44="","",VLOOKUP($CX44,'Braços de IP'!$E$9:$I$15,5,0)) | DG44: =CQ44 -> #N/A | DH44: =N44 -> 58 | DI44: =SUM(DG44:DH44)*CP44 -> #N/A | DJ44: =1-DG44/DH44 -> #N/A | DN44: Sim | DQ44: =((N44+O44)-CQ44)/(N44+O44) -> #VALUE! | DS44: V5 | DT44: =COUNTIF(J:J,DS44)/3 -> 0 | DU44: =DT44/$DT$414 -> #DIV/0! | DV44: =DT44/SUM($DT$315:$DT$342) -> #DIV/0!
