Workbook
Name Banco_Tipologias: Banco_Tipologias!$C$4:$N$17
Name colunaclasses: Simulações!$BO$2:$BO$1263
Name ilumatic: 'Banco de dados'!#REF!
Name philips: 'Banco de dados'!#REF!
Name red_global: 'Banco de dados'!#REF!
Name red_juganu: 'Banco de dados'!#REF!
Name red_philips: 'Banco de dados'!#REF!
Name red_repume: 'Banco de dados'!#REF!
Name red_tecno: 'Banco de dados'!#REF!
Name redglobal: 'Banco de dados'!#REF!
Name tecnowat: 'Banco de dados'!#REF!

Sheet DefiniçãoFornecedores
D2: Estruturas
B3: Definição | D3: V1 | E3: V2 | F3: V3 | G3: V4 | H3: V5 | I3: Observação
B4: Fornecedor L1 | C4: Conexled | D4: 0 | E4: 0 | F4: 0 | G4: 0 | H4: 0 | I4: Não possui orçamento
B5: Fornecedor L2 | C5: Ilumatic | D5: 0 | E5: 0 | F5: 0 | G5: 0 | H5: 0 | I5: Não possui orçamento
B6: Fornecedor L3 | C6: Juganu | D6: 0 | E6: 0 | F6: 0 | G6: 0 | H6: 0 | I6: Possui orçamento, definir qual classe melhor atende
B7: Fornecedor L4 | C7: Philips | D7: 1 | E7: 1 | F7: 1 | G7: 1 | H7: 1 | I7: Não possui orçamento
B8: Fornecedor L5 | C8: Repume | D8: 0 | E8: 0 | F8: 0 | G8: 0 | H8: 0 | I8: Não possui orçamento
B9: Fornecedor L6 | C9: Tecnowatt | D9: 1 | E9: 1 | F9: 1 | G9: 1 | H9: 1 | I9: Possui orçamento, definir qual classe melhor atende
B10: Fornecedor L7 | C10: Unicoba | D10: 1 | E10: 1 | F10: 1 | G10: 1 | H10: 1 | I10: Possui orçamento, definir qual classe melhor atende
B11: Fornecedor L8 | C11: SX Lighting | D11: 0 | E11: 0 | F11: 0 | G11: 0 | H11: 0 | I11: Não possui orçamento

Sheet Simulações
C1: Padrão | D1: Logradouro | E1: latitude | F1: longitude | G1: Classificação viária | H1: Classificação ciclovia | I1: Classificação pedonal | J1: Tipo de lâmpada | K1: Potencia da lâmpada | L1: Reator | M1: Potencia 2o nivel | N1: POT TOTAL MALHA | O1: Faixas de Rodagem | P1: Largura Passeio 1 | Q1: Largura Via 1 | R1: largura Passeio Central 1 | S1: largura Passeio Central 2 | T1: Largura Via 2 | U1: largura Passeio 2 | V1: largura Canteiro Central | W1: largura Ciclovia 1 | X1: largura Ciclovia 2 | Y1: estacionamento 1 | Z1: estacionamento 2 | AA1: posteacao | AB1: Tipo de estrutura | AC1: distancia entre postes | AD1: altura da luminaria | AE1: qtd de Lampadas IP Princ | AF1: distancia Poste a via | AG1: projecao do braço | AH1: Pendor | AI1: Altura de Instalação | AJ1: Projeção Vertical | AK1: Exclusivo | AL1: Quantidade de pontos inspecionados IP Veic | AM1: qtd de Lampadas IP 2o nivel | AN1: Tipo de posteação 2o nivel | AO1: Distanciamento 2o nivel | AP1: Altura da luminaria 2o nivel | AQ1: Projecao 2o nivel | AR1: Distancia poste-via 2o nivel | AS1: Quantidade de pontos inspecionados IP Sec | AT1: informacoes Adicionais | AU1: Emed - Norma | AV1: U - Norma | AW1: Luminância Média Exigida | AX1: Uo Uniformidade Global Exigida | AY1: Uniformidade Longitudinal Exigida | AZ1: Incremento Linear Exigido | BA1: Atendimento pleno à norma | BB1: Excesso de iluminância média IV | BC1: Excesso de Uniformidade IV | BD1: Excesso de luminância média IV | BE1: Iluminância Média | BF1: Uniformidade Global Mínima | BG1: Luminância Média | BH1: Uniformidade Longitudinal | BI1: Incremento Linear (TI) | BJ1: EIR | BK1: ATENDE TUDO - RUA SIMU | BL1: Atende à Iluminância Média | BM1: Atende à Uniformidade Global Miníma | BN1: Atende à Luminância Média | BO1: Classe IV | BP1: Classe IP | BQ1: Excesso de iluminância média P1 | BR1: Iluminância Média | BS1: Iluminância mínima horizontal E (lux) | BT1: Iluminância Média (Exigida) | BU1: Iluminância mínima horizontal E (lux) | BV1: Atende à NBR 5101 - TUDO SIMU | BW1: Atende à Iluminância Média | BX1: Atende à Iluminância mínima horizontal | BY1: Classe IP | BZ1: Excesso de iluminância média P2 | CA1: Iluminância Média | CB1: Iluminância mínima horizontal E (lux) | CC1: Iluminância Média (Exigida) | CD1: Iluminância mínima horizontal E (lux) exigida | CE1: Atende à NBR 5101 - TUDO SIMU P2 | CF1: Atende à Iluminância Média | CG1: Atende à Iluminância mínima horizontal | CH1: Fornecedor | CI1: Código Luminária 1 | CJ1: Luminária Simulada (IP Principal) | CK1: Código Luminária 2 | CL1: Luminária Simulada (IP Secundário) | CM1: Pontos por poste (IP Principal) | CN1: Potência simulada - IP Principal (W) | CO1: Potência simulada - IP Secundário (W) | CP1: Fluxo Luminoso - IP Principal (lm) | CQ1: Fluxo Luminoso - IP Secundário (lm) | CR1: Ângulo antigo | CS1: Ângulo Simulado | CT1: Braço Antigo | CU1: Braço Novo | CV1: Projeção com alteração | CW1: Altura de luminária com alteração | CX1: Correção de Ponto Escuro (CPE) | CY1: Quantidade de pontos adicionados para via de veículo | CZ1: Quantidade de pontos adicionados para 2º nível | DA1: Observação CPE (Reduçao entre postes e/ou Tipo de Posteação) | DB1: obs conferência | DC1: rev conferência | DD1: IP PRINC SIM | DE1: IP SEC SIM | DF1: TOTAL SIMULADO | DG1: Eficientização | DH1: Estrutura | DI1: Simulação | DJ1: Conferência | DK1: Considerar na Extrapolação | DL1: Inspeção | DN1: eficientização
A2: Verificar preenchimento de dados como largura dos passeios,canteiro e pista, | B2: 36 | C2: PVCP | D2: Rua Doutor Leopoldo Lins | E2: -8.04963 | F2: -34.890749 | G2: P6 | H2: - | I2: P6 | J2: LED | K2: 96 | L2: Interno | M2: 0 | N2: =K2*AE2*2 -> 192 | O2: 1 | V2: 0 | Y2: 1.76 | Z2: 0 | AA2: Unilateral | AB2: Braço | AC2: 39.46 | AD2: 5.78 | AE2: 1 | AF2: 0.6 | AG2: 2.31 | AH2: =AG2-AF2 -> 1.71 | AI2: - | AJ2: - | AK2: Não | AL2: =IF(AA2="Unilateral",2*AE2,IF(AA2="Bilateral Alternada",3*AE2,IF(AA2="Bilateral Frontal",4*AE2,IF(AA2="Canteiro Central",2*AE2,"erro")))) -> 2 | AM2: 0 | AO2: 0 | AP2: 0 | AQ2: 0 | AR2: - | AS2: =IF(AM2=0,0,IF(AA2="Unilateral",2*AM2,IF(AA2="Bilateral Alternada",3*AM2,IF(AA2="Bilateral Frontal",4*AM2,IF(AA2="Canteiro Central",2*AM2,"erro"))))) -> 0 | AU2: =VLOOKUP(G2,ABNT5101!$I$3:$J$9,2) -> 7.5 | AV2: =VLOOKUP(G2,ABNT5101!$I$3:$M$9,5) -> 0.18 | AW2: =_xlfn.XLOOKUP(G2,ABNT5101!I:I,ABNT5101!L:L) -> - | AX2: =_xlfn.XLOOKUP(G2,ABNT5101!$I:$I,ABNT5101!M:M) -> - | AY2: =_xlfn.XLOOKUP(G2,ABNT5101!$I:$I,ABNT5101!N:N) -> - | AZ2: =_xlfn.XLOOKUP(G2,ABNT5101!$I:$I,ABNT5101!O:O) -> - | BA2: =IF(BK2="NÃO ATENDE","NÃO ATENDE",IF(BV2="NÃO ATENDE","NÃO ATENDE",IF(CE2="NÃO ATENDE","NÃO ATENDE","ATENDE"))) -> NÃO ATENDE | BB2: =BE2/AU2-1 -> -1 | BC2: =BF2/AV2-1 -> -1 | BD2: =IF($G2="M6",BG2/AW2-1,"-") -> - | BK2: =IF(OR(BL2="NÃO ATENDE",BM2="NÃO ATENDE",BN2="NÃO ATENDE"),"NÃO ATENDE","ATENDE") -> NÃO ATENDE | BL2: =IF(BE2>=AU2,"ATENDE",IF(BE2>=0.99*AU2,"ATENDIMENTO LIMIAR","NÃO ATENDE")) -> NÃO ATENDE | BM2: =IF(BF2>=AV2,"ATENDE",IF(BF2>=(AV2-0.02),"ATENDIMENTO LIMIAR","NÃO ATENDE")) -> NÃO ATENDE | BN2: =IF(AW2="-","ATENDE",IF(BG2>=AW2,"ATENDE",IF(BG2>=(AW2-0.02),"ATENDIMENTO LIMIAR","NÃO ATENDE"))) -> ATENDE | BO2: =G2 -> P6 | BP2: =I2 -> P6 | BQ2: =IF(BR2="-","-",BR2/BT2-1) -> -1 | BT2: =IF(BP2="-","-",_xlfn.XLOOKUP(BP2,ABNT5101!$B$4:$B$9,ABNT5101!$C$4:$C$9)) -> 3 | BU2: =IF(BP2="-","-",_xlfn.XLOOKUP(BP2,ABNT5101!$B$4:$B$9,ABNT5101!$D$4:$D$9)) -> 0.6 | BV2: =IF(BW2="-","-",IF(BW2="NÃO ATENDE","NÃO ATENDE",IF(BX2="NÃO ATENDE","NÃO ATENDE","ATENDE"))) -> NÃO ATENDE | BW2: =IF(BP2="-","-",IF(BR2>=BT2,"ATENDE",IF(BR2>=(BT2*0.99),"ATENDIMENTO LIMIAR","NÃO ATENDE"))) -> NÃO ATENDE | BX2: =IF(BP2="-","-",IF(BS2>=BU2,"ATENDE","NÃO ATENDE")) -> NÃO ATENDE | BY2: =BP2 -> P6 | BZ2: =IF(CA2="-","-",CA2/CC2-1) -> -1 | CC2: =IF(BY2="-","-",_xlfn.XLOOKUP(BY2,ABNT5101!$B$4:$B$9,ABNT5101!$C$4:$C$9)) -> 3 | CD2: =IF(BY2="-","-",_xlfn.XLOOKUP(BY2,ABNT5101!$B$4:$B$9,ABNT5101!$D$4:$D$9)) -> 0.6 | CE2: =IF(CF2="-","-",IF(CF2="NÃO ATENDE","NÃO ATENDE",IF(CG2="NÃO ATENDE","NÃO ATENDE","ATENDE"))) -> NÃO ATENDE | CF2: =IF(BY2="-","-",IF(CA2>=(CC2),"ATENDE",IF(CA2>=(0.99*CC2),"ATENDIMENTO LIMIAR","NÃO ATENDE"))) -> NÃO ATENDE | CG2: =IF(BY2="-","-",IF(CB2>=CD2,"ATENDE","NÃO ATENDE")) -> NÃO ATENDE | CH2: =_xlfn.XLOOKUP(CI2,'Banco de dados'!$B:$B,'Banco de dados'!$D:$D) -> #N/A | CJ2: =_xlfn.XLOOKUP(CI2,'Banco de dados'!$B:$B,'Banco de dados'!$E:$E) -> #N/A | CL2: =IF(CK2="-","-",_xlfn.XLOOKUP(CK2,'Banco de dados'!$B:$B,'Banco de dados'!$E:$E)) -> #N/A | CM2: =AE2 -> 1 | CN2: =_xlfn.XLOOKUP(CI2,'Banco de dados'!$B:$B,'Banco de dados'!$H:$H) -> #N/A | CO2: {=_xludf.XLOOKUP(CK2,'Banco de dados'!$B:$B,'Banco de dados'!$H:$H)} -> #NAME? | CP2: {=_xludf.XLOOKUP(CI2,'Banco de dados'!$B:$B,'Banco de dados'!$F:$F)} -> #NAME? | CQ2: {=_xludf.XLOOKUP(CK2,'Banco de dados'!$B:$B,'Banco de dados'!$F:$F)} -> #NAME? | CR2: 0 | CT2: =IF(AG2=0.5,"Suporte",IF(AND(AG2>='Braços de IP'!$B$9,AG2<='Braços de IP'!$D$9),'Braços de IP'!$E$9,IF(AND(AG2>='Braços de IP'!$B$10,AG2<='Braços de IP'!$D$10),'Braços de IP'!$E$10,IF(AND(AG2>='Braços de IP'!$B$11,AG2<='Braços de IP'!$D$11),'Braços de IP'!$E$11,IF(AND(AG2>='Braços de IP'!$B$12,AG2<='Braços de IP'!$D$12),'Braços de IP'!$E$12,IF(AND(AG2>='Braços de IP'!$B$13,AG2<='Braços de IP'!$D$13),'Braços de IP'!$E$13,IF(AND(AG2>='Braços de IP'!$B$14,AG2<='Braços de IP'!$D$14),'Braços de IP'!$E$14,"ERRO"))))))) -> Médio II | CU2: Médio I | CV2: =IF($CU2="","",VLOOKUP($CU2,'Braços de IP'!$E$9:$I$15,2,0)) -> 1.8 | CW2: =IF($CU2="","",VLOOKUP($CU2,'Braços de IP'!$E$9:$I$15,5,0)) -> 7 | DD2: =CN2 -> #N/A | DE2: =K2 -> 96 | DF2: =SUM(DD2:DE2)*CM2 -> #N/A | DG2: =1-DD2/DE2 -> #N/A | DH2: Lucas | DK2: Sim | DN2: =((K2+L2)-CN2)/(K2+L2) -> #VALUE! | DP2: V4 | DQ2: =COUNTIF(G:G,DP2)/3 -> 0 | DR2: =DQ2/$DQ$434 -> #DIV/0! | DS2: =DQ2/SUM($DQ$326:$DQ$353) -> #DIV/0!
A3: Verificar preenchimento de dados como largura dos passeios,canteiro e pista, | B3: 36 | C3: PVCP | D3: Rua Doutor Leopoldo Lins | E3: -8.04963 | F3: -34.890749 | G3: P6 | H3: - | I3: P6 | J3: LED | K3: 96 | L3: Interno | M3: 0 | N3: =K3*AE3*2 -> 192 | O3: 1 | V3: 0 | Y3: 1.76 | Z3: 0 | AA3: Unilateral | AB3: Braço | AC3: 39.46 | AD3: 5.78 | AE3: 1 | AF3: 0.6 | AG3: 2.31 | AH3: =AG3-AF3 -> 1.71 | AI3: - | AJ3: - | AK3: Não | AL3: =IF(AA3="Unilateral",2*AE3,IF(AA3="Bilateral Alternada",3*AE3,IF(AA3="Bilateral Frontal",4*AE3,IF(AA3="Canteiro Central",2*AE3,"erro")))) -> 2 | AM3: 0 | AO3: 0 | AP3: 0 | AQ3: 0 | AR3: - | AS3: =IF(AM3=0,0,IF(AA3="Unilateral",2*AM3,IF(AA3="Bilateral Alternada",3*AM3,IF(AA3="Bilateral Frontal",4*AM3,IF(AA3="Canteiro Central",2*AM3,"erro"))))) -> 0 | AU3: =VLOOKUP(G3,ABNT5101!$I$3:$J$9,2) -> 7.5 | AV3: =VLOOKUP(G3,ABNT5101!$I$3:$M$9,5) -> 0.18 | AW3: =_xlfn.XLOOKUP(G3,ABNT5101!I:I,ABNT5101!L:L) -> - | AX3: =_xlfn.XLOOKUP(G3,ABNT5101!$I:$I,ABNT5101!M:M) -> - | AY3: =_xlfn.XLOOKUP(G3,ABNT5101!$I:$I,ABNT5101!N:N) -> - | AZ3: =_xlfn.XLOOKUP(G3,ABNT5101!$I:$I,ABNT5101!O:O) -> - | BA3: =IF(BK3="NÃO ATENDE","NÃO ATENDE",IF(BV3="NÃO ATENDE","NÃO ATENDE",IF(CE3="NÃO ATENDE","NÃO ATENDE","ATENDE"))) -> NÃO ATENDE | BB3: =BE3/AU3-1 -> -1 | BC3: =BF3/AV3-1 -> -1 | BD3: =IF($G3="M6",BG3/AW3-1,"-") -> - | BK3: =IF(OR(BL3="NÃO ATENDE",BM3="NÃO ATENDE",BN3="NÃO ATENDE"),"NÃO ATENDE","ATENDE") -> NÃO ATENDE | BL3: =IF(BE3>=AU3,"ATENDE",IF(BE3>=0.99*AU3,"ATENDIMENTO LIMIAR","NÃO ATENDE")) -> NÃO ATENDE | BM3: =IF(BF3>=AV3,"ATENDE",IF(BF3>=(AV3-0.02),"ATENDIMENTO LIMIAR","NÃO ATENDE")) -> NÃO ATENDE | BN3: =IF(AW3="-","ATENDE",IF(BG3>=AW3,"ATENDE",IF(BG3>=(AW3-0.02),"ATENDIMENTO LIMIAR","NÃO ATENDE"))) -> ATENDE | BO3: =G3 -> P6 | BP3: =I3 -> P6 | BQ3: =IF(BR3="-","-",BR3/BT3-1) -> -1 | BT3: =IF(BP3="-","-",_xlfn.XLOOKUP(BP3,ABNT5101!$B$4:$B$9,ABNT5101!$C$4:$C$9)) -> 3 | BU3: =IF(BP3="-","-",_xlfn.XLOOKUP(BP3,ABNT5101!$B$4:$B$9,ABNT5101!$D$4:$D$9)) -> 0.6 | BV3: =IF(BW3="-","-",IF(BW3="NÃO ATENDE","NÃO ATENDE",IF(BX3="NÃO ATENDE","NÃO ATENDE","ATENDE"))) -> NÃO ATENDE | BW3: =IF(BP3="-","-",IF(BR3>=BT3,"ATENDE",IF(BR3>=(BT3*0.99),"ATENDIMENTO LIMIAR","NÃO ATENDE"))) -> NÃO ATENDE | BX3: =IF(BP3="-","-",IF(BS3>=BU3,"ATENDE","NÃO ATENDE")) -> NÃO ATENDE | BY3: =BP3 -> P6 | BZ3: =IF(CA3="-","-",CA3/CC3-1) -> -1 | CC3: =IF(BY3="-","-",_xlfn.XLOOKUP(BY3,ABNT5101!$B$4:$B$9,ABNT5101!$C$4:$C$9)) -> 3 | CD3: =IF(BY3="-","-",_xlfn.XLOOKUP(BY3,ABNT5101!$B$4:$B$9,ABNT5101!$D$4:$D$9)) -> 0.6 | CE3: =IF(CF3="-","-",IF(CF3="NÃO ATENDE","NÃO ATENDE",IF(CG3="NÃO ATENDE","NÃO ATENDE","ATENDE"))) -> NÃO ATENDE | CF3: =IF(BY3="-","-",IF(CA3>=(CC3),"ATENDE",IF(CA3>=(0.99*CC3),"ATENDIMENTO LIMIAR","NÃO ATENDE"))) -> NÃO ATENDE | CG3: =IF(BY3="-","-",IF(CB3>=CD3,"ATENDE","NÃO ATENDE")) -> NÃO ATENDE | CH3: =_xlfn.XLOOKUP(CI3,'Banco de dados'!$B:$B,'Banco de dados'!$D:$D) -> #N/A | CJ3: =_xlfn.XLOOKUP(CI3,'Banco de dados'!$B:$B,'Banco de dados'!$E:$E) -> #N/A | CL3: =IF(CK3="-","-",_xlfn.XLOOKUP(CK3,'Banco de dados'!$B:$B,'Banco de dados'!$E:$E)) -> #N/A | CM3: =AE3 -> 1 | CN3: =_xlfn.XLOOKUP(CI3,'Banco de dados'!$B:$B,'Banco de dados'!$H:$H) -> 0 | CO3: {=_xludf.XLOOKUP(CK3,'Banco de dados'!$B:$B,'Banco de dados'!$H:$H)} -> #NAME? | CP3: {=_xludf.XLOOKUP(CI3,'Banco de dados'!$B:$B,'Banco de dados'!$F:$F)} -> #NAME? | CQ3: {=_xludf.XLOOKUP(CK3,'Banco de dados'!$B:$B,'Banco de dados'!$F:$F)} -> #NAME? | CR3: 0 | CS3: 5 | CT3: =IF(AG3=0.5,"Suporte",IF(AND(AG3>='Braços de IP'!$B$9,AG3<='Braços de IP'!$D$9),'Braços de IP'!$E$9,IF(AND(AG3>='Braços de IP'!$B$10,AG3<='Braços de IP'!$D$10),'Braços de IP'!$E$10,IF(AND(AG3>='Braços de IP'!$B$11,AG3<='Braços de IP'!$D$11),'Braços de IP'!$E$11,IF(AND(AG3>='Braços de IP'!$B$12,AG3<='Braços de IP'!$D$12),'Braços de IP'!$E$12,IF(AND(AG3>='Braços de IP'!$B$13,AG3<='Braços de IP'!$D$13),'Braços de IP'!$E$13,IF(AND(AG3>='Braços de IP'!$B$14,AG3<='Braços de IP'!$D$14),'Braços de IP'!$E$14,"ERRO"))))))) -> Médio II | CV3: =IF($CU3="","",VLOOKUP($CU3,'Braços de IP'!$E$9:$I$15,2,0)) | CW3: =IF($CU3="","",VLOOKUP($CU3,'Braços de IP'!$E$9:$I$15,5,0)) | DD3: =CN3 -> 0 | DE3: =K3 -> 96 | DF3: =SUM(DD3:DE3)*CM3 -> 96 | DG3: =1-DD3/DE3 -> 1 | DH3: Lucas | DK3: Sim | DN3: =((K3+L3)-CN3)/(K3+L3) -> #VALUE! | DP3: V4 | DQ3: =COUNTIF(G:G,DP3)/3 -> 0 | DR3: =DQ3/$DQ$434 -> #DIV/0! | DS3: =DQ3/SUM($DQ$326:$DQ$353) -> #DIV/0!
A4: Verificar preenchimento de dados como largura dos passeios,canteiro e pista, | B4: 36 | C4: PVCP | D4: Rua Doutor Leopoldo Lins | E4: -8.04963 | F4: -34.890749 | G4: P6 | H4: - | I4: P6 | J4: LED | K4: 96 | L4: Interno | M4: 0 | N4: =K4*AE4*2 -> 192 | O4: 1 | V4: 0 | Y4: 1.76 | Z4: 0 | AA4: Unilateral | AB4: Braço | AC4: 39.46 | AD4: 5.78 | AE4: 1 | AF4: 0.6 | AG4: 2.31 | AH4: =AG4-AF4 -> 1.71 | AI4: - | AJ4: - | AK4: Não | AL4: =IF(AA4="Unilateral",2*AE4,IF(AA4="Bilateral Alternada",3*AE4,IF(AA4="Bilateral Frontal",4*AE4,IF(AA4="Canteiro Central",2*AE4,"erro")))) -> 2 | AM4: 0 | AO4: 0 | AP4: 0 | AQ4: 0 | AR4: - | AS4: =IF(AM4=0,0,IF(AA4="Unilateral",2*AM4,IF(AA4="Bilateral Alternada",3*AM4,IF(AA4="Bilateral Frontal",4*AM4,IF(AA4="Canteiro Central",2*AM4,"erro"))))) -> 0 | AU4: =VLOOKUP(G4,ABNT5101!$I$3:$J$9,2) -> 7.5 | AV4: =VLOOKUP(G4,ABNT5101!$I$3:$M$9,5) -> 0.18 | AW4: =_xlfn.XLOOKUP(G4,ABNT5101!I:I,ABNT5101!L:L) -> - | AX4: =_xlfn.XLOOKUP(G4,ABNT5101!$I:$I,ABNT5101!M:M) -> - | AY4: =_xlfn.XLOOKUP(G4,ABNT5101!$I:$I,ABNT5101!N:N) -> - | AZ4: =_xlfn.XLOOKUP(G4,ABNT5101!$I:$I,ABNT5101!O:O) -> - | BA4: =IF(BK4="NÃO ATENDE","NÃO ATENDE",IF(BV4="NÃO ATENDE","NÃO ATENDE",IF(CE4="NÃO ATENDE","NÃO ATENDE","ATENDE"))) -> NÃO ATENDE | BB4: =BE4/AU4-1 -> -1 | BC4: =BF4/AV4-1 -> -1 | BD4: =IF($G4="M6",BG4/AW4-1,"-") -> - | BK4: =IF(OR(BL4="NÃO ATENDE",BM4="NÃO ATENDE",BN4="NÃO ATENDE"),"NÃO ATENDE","ATENDE") -> NÃO ATENDE | BL4: =IF(BE4>=AU4,"ATENDE",IF(BE4>=0.99*AU4,"ATENDIMENTO LIMIAR","NÃO ATENDE")) -> NÃO ATENDE | BM4: =IF(BF4>=AV4,"ATENDE",IF(BF4>=(AV4-0.02),"ATENDIMENTO LIMIAR","NÃO ATENDE")) -> NÃO ATENDE | BN4: =IF(AW4="-","ATENDE",IF(BG4>=AW4,"ATENDE",IF(BG4>=(AW4-0.02),"ATENDIMENTO LIMIAR","NÃO ATENDE"))) -> ATENDE | BO4: =G4 -> P6 | BP4: =I4 -> P6 | BQ4: =IF(BR4="-","-",BR4/BT4-1) -> -1 | BT4: =IF(BP4="-","-",_xlfn.XLOOKUP(BP4,ABNT5101!$B$4:$B$9,ABNT5101!$C$4:$C$9)) -> 3 | BU4: =IF(BP4="-","-",_xlfn.XLOOKUP(BP4,ABNT5101!$B$4:$B$9,ABNT5101!$D$4:$D$9)) -> 0.6 | BV4: =IF(BW4="-","-",IF(BW4="NÃO ATENDE","NÃO ATENDE",IF(BX4="NÃO ATENDE","NÃO ATENDE","ATENDE"))) -> NÃO ATENDE | BW4: =IF(BP4="-","-",IF(BR4>=BT4,"ATENDE",IF(BR4>=(BT4*0.99),"ATENDIMENTO LIMIAR","NÃO ATENDE"))) -> NÃO ATENDE | BX4: =IF(BP4="-","-",IF(BS4>=BU4,"ATENDE","NÃO ATENDE")) -> NÃO ATENDE | BY4: =BP4 -> P6 | BZ4: =IF(CA4="-","-",CA4/CC4-1) -> -1 | CC4: =IF(BY4="-","-",_xlfn.XLOOKUP(BY4,ABNT5101!$B$4:$B$9,ABNT5101!$C$4:$C$9)) -> 3 | CD4: =IF(BY4="-","-",_xlfn.XLOOKUP(BY4,ABNT5101!$B$4:$B$9,ABNT5101!$D$4:$D$9)) -> 0.6 | CE4: =IF(CF4="-","-",IF(CF4="NÃO ATENDE","NÃO ATENDE",IF(CG4="NÃO ATENDE","NÃO ATENDE","ATENDE"))) -> NÃO ATENDE | CF4: =IF(BY4="-","-",IF(CA4>=(CC4),"ATENDE",IF(CA4>=(0.99*CC4),"ATENDIMENTO LIMIAR","NÃO ATENDE"))) -> NÃO ATENDE | CG4: =IF(BY4="-","-",IF(CB4>=CD4,"ATENDE","NÃO ATENDE")) -> NÃO ATENDE | CH4: =_xlfn.XLOOKUP(CI4,'Banco de dados'!$B:$B,'Banco de dados'!$D:$D) -> #N/A | CJ4: =_xlfn.XLOOKUP(CI4,'Banco de dados'!$B:$B,'Banco de dados'!$E:$E) -> #N/A | CL4: =IF(CK4="-","-",_xlfn.XLOOKUP(CK4,'Banco de dados'!$B:$B,'Banco de dados'!$E:$E)) -> #N/A | CM4: =AE4 -> 1 | CN4: =_xlfn.XLOOKUP(CI4,'Banco de dados'!$B:$B,'Banco de dados'!$H:$H) -> 0 | CO4: {=_xludf.XLOOKUP(CK4,'Banco de dados'!$B:$B,'Banco de dados'!$H:$H)} -> #NAME? | CP4: {=_xludf.XLOOKUP(CI4,'Banco de dados'!$B:$B,'Banco de dados'!$F:$F)} -> #NAME? | CQ4: {=_xludf.XLOOKUP(CK4,'Banco de dados'!$B:$B,'Banco de dados'!$F:$F)} -> #NAME? | CR4: 0 | CT4: =IF(AG4=0.5,"Suporte",IF(AND(AG4>='Braços de IP'!$B$9,AG4<='Braços de IP'!$D$9),'Braços de IP'!$E$9,IF(AND(AG4>='Braços de IP'!$B$10,AG4<='Braços de IP'!$D$10),'Braços de IP'!$E$10,IF(AND(AG4>='Braços de IP'!$B$11,AG4<='Braços de IP'!$D$11),'Braços de IP'!$E$11,IF(AND(AG4>='Braços de IP'!$B$12,AG4<='Braços de IP'!$D$12),'Braços de IP'!$E$12,IF(AND(AG4>='Braços de IP'!$B$13,AG4<='Braços de IP'!$D$13),'Braços de IP'!$E$13,IF(AND(AG4>='Braços de IP'!$B$14,AG4<='Braços de IP'!$D$14),'Braços de IP'!$E$14,"ERRO"))))))) -> Médio II | CV4: =IF($CU4="","",VLOOKUP($CU4,'Braços de IP'!$E$9:$I$15,2,0)) | CW4: =IF($CU4="","",VLOOKUP($CU4,'Braços de IP'!$E$9:$I$15,5,0)) | DD4: =CN4 -> 0 | DE4: =K4 -> 96 | DF4: =SUM(DD4:DE4)*CM4 -> 96 | DG4: =1-DD4/DE4 -> 1 | DH4: Lucas | DK4: Sim | DN4: =((K4+L4)-CN4)/(K4+L4) -> #VALUE! | DP4: V4 | DQ4: =COUNTIF(G:G,DP4)/3 -> 0 | DR4: =DQ4/$DQ$434 -> #DIV/0! | DS4: =DQ4/SUM($DQ$326:$DQ$353) -> #DIV/0!
A5: Verificar preenchimento de dados como largura dos passeios e pista, | B5: 37 | C5: PVP | D5: Rua Jornalista Paulo Bittencourt | E5: -8.053576 | F5: -34.899628 | G5: P6 | H5: - | I5: P6 | J5: LED | K5: 96 | L5: Interno | M5: 0 | N5: =K5*AE5*2 -> 192 | O5: 2 | V5: 0 | Y5: 0 | Z5: 1.6 | AA5: Unilateral | AB5: Braço | AC5: 40.3 | AD5: 6.63 | AE5: 1 | AF5: 0.85 | AG5: 2.44 | AH5: =AG5-AF5 -> 1.59 | AI5: - | AJ5: - | AK5: Sim | AL5: =IF(AA5="Unilateral",2*AE5,IF(AA5="Bilateral Alternada",3*AE5,IF(AA5="Bilateral Frontal",4*AE5,IF(AA5="Canteiro Central",2*AE5,"erro")))) -> 2 | AM5: 0 | AO5: 0 | AP5: 0 | AQ5: 0 | AR5: - | AS5: =IF(AM5=0,0,IF(AA5="Unilateral",2*AM5,IF(AA5="Bilateral Alternada",3*AM5,IF(AA5="Bilateral Frontal",4*AM5,IF(AA5="Canteiro Central",2*AM5,"erro"))))) -> 0 | AU5: =VLOOKUP(G5,ABNT5101!$I$3:$J$9,2) -> 7.5 | AV5: =VLOOKUP(G5,ABNT5101!$I$3:$M$9,5) -> 0.18 | AW5: =_xlfn.XLOOKUP(G5,ABNT5101!I:I,ABNT5101!L:L) -> - | AX5: =_xlfn.XLOOKUP(G5,ABNT5101!$I:$I,ABNT5101!M:M) -> - | AY5: =_xlfn.XLOOKUP(G5,ABNT5101!$I:$I,ABNT5101!N:N) -> - | AZ5: =_xlfn.XLOOKUP(G5,ABNT5101!$I:$I,ABNT5101!O:O) -> - | BA5: =IF(BK5="NÃO ATENDE","NÃO ATENDE",IF(BV5="NÃO ATENDE","NÃO ATENDE",IF(CE5="NÃO ATENDE","NÃO ATENDE","ATENDE"))) -> NÃO ATENDE | BB5: =BE5/AU5-1 -> -1 | BC5: =BF5/AV5-1 -> -1 | BD5: =IF($G5="M6",BG5/AW5-1,"-") -> - | BK5: =IF(OR(BL5="NÃO ATENDE",BM5="NÃO ATENDE",BN5="NÃO ATENDE"),"NÃO ATENDE","ATENDE") -> NÃO ATENDE | BL5: =IF(BE5>=AU5,"ATENDE",IF(BE5>=0.99*AU5,"ATENDIMENTO LIMIAR","NÃO ATENDE")) -> NÃO ATENDE | BM5: =IF(BF5>=AV5,"ATENDE",IF(BF5>=(AV5-0.02),"ATENDIMENTO LIMIAR","NÃO ATENDE")) -> NÃO ATENDE | BN5: =IF(AW5="-","ATENDE",IF(BG5>=AW5,"ATENDE",IF(BG5>=(AW5-0.02),"ATENDIMENTO LIMIAR","NÃO ATENDE"))) -> ATENDE | BO5: =G5 -> P6 | BP5: =I5 -> P6 | BQ5: =IF(BR5="-","-",BR5/BT5-1) -> -1 | BT5: =IF(BP5="-","-",_xlfn.XLOOKUP(BP5,ABNT5101!$B$4:$B$9,ABNT5101!$C$4:$C$9)) -> 3 | BU5: =IF(BP5="-","-",_xlfn.XLOOKUP(BP5,ABNT5101!$B$4:$B$9,ABNT5101!$D$4:$D$9)) -> 0.6 | BV5: =IF(BW5="-","-",IF(BW5="NÃO ATENDE","NÃO ATENDE",IF(BX5="NÃO ATENDE","NÃO ATENDE","ATENDE"))) -> NÃO ATENDE | BW5: =IF(BP5="-","-",IF(BR5>=BT5,"ATENDE",IF(BR5>=(BT5*0.99),"ATENDIMENTO LIMIAR","NÃO ATENDE"))) -> NÃO ATENDE | BX5: =IF(BP5="-","-",IF(BS5>=BU5,"ATENDE","NÃO ATENDE")) -> NÃO ATENDE | BY5: =BP5 -> P6 | BZ5: =IF(CA5="-","-",CA5/CC5-1) -> -1 | CC5: =IF(BY5="-","-",_xlfn.XLOOKUP(BY5,ABNT5101!$B$4:$B$9,ABNT5101!$C$4:$C$9)) -> 3 | CD5: =IF(BY5="-","-",_xlfn.XLOOKUP(BY5,ABNT5101!$B$4:$B$9,ABNT5101!$D$4:$D$9)) -> 0.6 | CE5: =IF(CF5="-","-",IF(CF5="NÃO ATENDE","NÃO ATENDE",IF(CG5="NÃO ATENDE","NÃO ATENDE","ATENDE"))) -> NÃO ATENDE | CF5: =IF(BY5="-","-",IF(CA5>=(CC5),"ATENDE",IF(CA5>=(0.99*CC5),"ATENDIMENTO LIMIAR","NÃO ATENDE"))) -> NÃO ATENDE | CG5: =IF(BY5="-","-",IF(CB5>=CD5,"ATENDE","NÃO ATENDE")) -> NÃO ATENDE | CH5: =_xlfn.XLOOKUP(CI5,'Banco de dados'!$B:$B,'Banco de dados'!$D:$D) -> #N/A | CJ5: =_xlfn.XLOOKUP(CI5,'Banco de dados'!$B:$B,'Banco de dados'!$E:$E) -> #N/A | CL5: =IF(CK5="-","-",_xlfn.XLOOKUP(CK5,'Banco de dados'!$B:$B,'Banco de dados'!$E:$E)) -> #N/A | CM5: =AE5 -> 1 | CN5: =_xlfn.XLOOKUP(CI5,'Banco de dados'!$B:$B,'Banco de dados'!$H:$H) -> 0 | CO5: {=_xludf.XLOOKUP(CK5,'Banco de dados'!$B:$B,'Banco de dados'!$H:$H)} -> #NAME? | CP5: {=_xludf.XLOOKUP(CI5,'Banco de dados'!$B:$B,'Banco de dados'!$F:$F)} -> #NAME? | CQ5: {=_xludf.XLOOKUP(CK5,'Banco de dados'!$B:$B,'Banco de dados'!$F:$F)} -> #NAME? | CR5: 0 | CT5: =IF(AG5=0.5,"Suporte",IF(AND(AG5>='Braços de IP'!$B$9,AG5<='Braços de IP'!$D$9),'Braços de IP'!$E$9,IF(AND(AG5>='Braços de IP'!$B$10,AG5<='Braços de IP'!$D$10),'Braços de IP'!$E$10,IF(AND(AG5>='Braços de IP'!$B$11,AG5<='Braços de IP'!$D$11),'Braços de IP'!$E$11,IF(AND(AG5>='Braços de IP'!$B$12,AG5<='Braços de IP'!$D$12),'Braços de IP'!$E$12,IF(AND(AG5>='Braços de IP'!$B$13,AG5<='Braços de IP'!$D$13),'Braços de IP'!$E$13,IF(AND(AG5>='Braços de IP'!$B$14,AG5<='Braços de IP'!$D$14),'Braços de IP'!$E$14,"ERRO"))))))) -> Médio II | CV5: =IF($CU5="","",VLOOKUP($CU5,'Braços de IP'!$E$9:$I$15,2,0)) | CW5: =IF($CU5="","",VLOOKUP($CU5,'Braços de IP'!$E$9:$I$15,5,0)) | DD5: =CN5 -> 0 | DE5: =K5 -> 96 | DF5: =SUM(DD5:DE5)*CM5 -> 96 | DG5: =1-DD5/DE5 -> 1 | DK5: Sim | DN5: =((K5+L5)-CN5)/(K5+L5) -> #VALUE! | DP5: V4 | DQ5: =COUNTIF(G:G,DP5)/3 -> 0 | DR5: =DQ5/$DQ$434 -> #DIV/0! | DS5: =DQ5/SUM($DQ$326:$DQ$353) -> #DIV/0!
A6: Verificar preenchimento de dados como largura dos passeios e pista, | B6: 37 | C6: PVP | D6: Rua Jornalista Paulo Bittencourt | E6: -8.053576 | F6: -34.899628 | G6: P6 | H6: - | I6: P6 | J6: LED | K6: 96 | L6: Interno | M6: 0 | N6: =K6*AE6*2 -> 192 | O6: 2 | V6: 0 | Y6: 0 | Z6: 1.6 | AA6: Unilateral | AB6: Braço | AC6: 40.3 | AD6: 6.63 | AE6: 1 | AF6: 0.85 | AG6: 2.44 | AH6: =AG6-AF6 -> 1.59 | AI6: - | AJ6: - | AK6: Sim | AL6: =IF(AA6="Unilateral",2*AE6,IF(AA6="Bilateral Alternada",3*AE6,IF(AA6="Bilateral Frontal",4*AE6,IF(AA6="Canteiro Central",2*AE6,"erro")))) -> 2 | AM6: 0 | AO6: 0 | AP6: 0 | AQ6: 0 | AR6: - | AS6: =IF(AM6=0,0,IF(AA6="Unilateral",2*AM6,IF(AA6="Bilateral Alternada",3*AM6,IF(AA6="Bilateral Frontal",4*AM6,IF(AA6="Canteiro Central",2*AM6,"erro"))))) -> 0 | AU6: =VLOOKUP(G6,ABNT5101!$I$3:$J$9,2) -> 7.5 | AV6: =VLOOKUP(G6,ABNT5101!$I$3:$M$9,5) -> 0.18 | AW6: =_xlfn.XLOOKUP(G6,ABNT5101!I:I,ABNT5101!L:L) -> - | AX6: =_xlfn.XLOOKUP(G6,ABNT5101!$I:$I,ABNT5101!M:M) -> - | AY6: =_xlfn.XLOOKUP(G6,ABNT5101!$I:$I,ABNT5101!N:N) -> - | AZ6: =_xlfn.XLOOKUP(G6,ABNT5101!$I:$I,ABNT5101!O:O) -> - | BA6: =IF(BK6="NÃO ATENDE","NÃO ATENDE",IF(BV6="NÃO ATENDE","NÃO ATENDE",IF(CE6="NÃO ATENDE","NÃO ATENDE","ATENDE"))) -> NÃO ATENDE | BB6: =BE6/AU6-1 -> -1 | BC6: =BF6/AV6-1 -> -1 | BD6: =IF($G6="M6",BG6/AW6-1,"-") -> - | BK6: =IF(OR(BL6="NÃO ATENDE",BM6="NÃO ATENDE",BN6="NÃO ATENDE"),"NÃO ATENDE","ATENDE") -> NÃO ATENDE | BL6: =IF(BE6>=AU6,"ATENDE",IF(BE6>=0.99*AU6,"ATENDIMENTO LIMIAR","NÃO ATENDE")) -> NÃO ATENDE | BM6: =IF(BF6>=AV6,"ATENDE",IF(BF6>=(AV6-0.02),"ATENDIMENTO LIMIAR","NÃO ATENDE")) -> NÃO ATENDE | BN6: =IF(AW6="-","ATENDE",IF(BG6>=AW6,"ATENDE",IF(BG6>=(AW6-0.02),"ATENDIMENTO LIMIAR","NÃO ATENDE"))) -> ATENDE | BO6: =G6 -> P6 | BP6: =I6 -> P6 | BQ6: =IF(BR6="-","-",BR6/BT6-1) -> -1 | BT6: =IF(BP6="-","-",_xlfn.XLOOKUP(BP6,ABNT5101!$B$4:$B$9,ABNT5101!$C$4:$C$9)) -> 3 | BU6: =IF(BP6="-","-",_xlfn.XLOOKUP(BP6,ABNT5101!$B$4:$B$9,ABNT5101!$D$4:$D$9)) -> 0.6 | BV6: =IF(BW6="-","-",IF(BW6="NÃO ATENDE","NÃO ATENDE",IF(BX6="NÃO ATENDE","NÃO ATENDE","ATENDE"))) -> NÃO ATENDE | BW6: =IF(BP6="-","-",IF(BR6>=BT6,"ATENDE",IF(BR6>=(BT6*0.99),"ATENDIMENTO LIMIAR","NÃO ATENDE"))) -> NÃO ATENDE | BX6: =IF(BP6="-","-",IF(BS6>=BU6,"ATENDE","NÃO ATENDE")) -> NÃO ATENDE | BY6: =BP6 -> P6 | BZ6: =IF(CA6="-","-",CA6/CC6-1) -> -1 | CC6: =IF(BY6="-","-",_xlfn.XLOOKUP(BY6,ABNT5101!$B$4:$B$9,ABNT5101!$C$4:$C$9)) -> 3 | CD6: =IF(BY6="-","-",_xlfn.XLOOKUP(BY6,ABNT5101!$B$4:$B$9,ABNT5101!$D$4:$D$9)) -> 0.6 | CE6: =IF(CF6="-","-",IF(CF6="NÃO ATENDE","NÃO ATENDE",IF(CG6="NÃO ATENDE","NÃO ATENDE","ATENDE"))) -> NÃO ATENDE | CF6: =IF(BY6="-","-",IF(CA6>=(CC6),"ATENDE",IF(CA6>=(0.99*CC6),"ATENDIMENTO LIMIAR","NÃO ATENDE"))) -> NÃO ATENDE | CG6: =IF(BY6="-","-",IF(CB6>=CD6,"ATENDE","NÃO ATENDE")) -> NÃO ATENDE | CH6: =_xlfn.XLOOKUP(CI6,'Banco de dados'!$B:$B,'Banco de dados'!$D:$D) -> #N/A | CJ6: =_xlfn.XLOOKUP(CI6,'Banco de dados'!$B:$B,'Banco de dados'!$E:$E) -> #N/A | CL6: =IF(CK6="-","-",_xlfn.XLOOKUP(CK6,'Banco de dados'!$B:$B,'Banco de dados'!$E:$E)) -> #N/A | CM6: =AE6 -> 1 | CN6: =_xlfn.XLOOKUP(CI6,'Banco de dados'!$B:$B,'Banco de dados'!$H:$H) -> 0 | CO6: {=_xludf.XLOOKUP(CK6,'Banco de dados'!$B:$B,'Banco de dados'!$H:$H)} -> #NAME? | CP6: {=_xludf.XLOOKUP(CI6,'Banco de dados'!$B:$B,'Banco de dados'!$F:$F)} -> #NAME? | CQ6: {=_xludf.XLOOKUP(CK6,'Banco de dados'!$B:$B,'Banco de dados'!$F:$F)} -> #NAME? | CR6: 0 | CT6: =IF(AG6=0.5,"Suporte",IF(AND(AG6>='Braços de IP'!$B$9,AG6<='Braços de IP'!$D$9),'Braços de IP'!$E$9,IF(AND(AG6>='Braços de IP'!$B$10,AG6<='Braços de IP'!$D$10),'Braços de IP'!$E$10,IF(AND(AG6>='Braços de IP'!$B$11,AG6<='Braços de IP'!$D$11),'Braços de IP'!$E$11,IF(AND(AG6>='Braços de IP'!$B$12,AG6<='Braços de IP'!$D$12),'Braços de IP'!$E$12,IF(AND(AG6>='Braços de IP'!$B$13,AG6<='Braços de IP'!$D$13),'Braços de IP'!$E$13,IF(AND(AG6>='Braços de IP'!$B$14,AG6<='Braços de IP'!$D$14),'Braços de IP'!$E$14,"ERRO"))))))) -> Médio II | CV6: =IF($CU6="","",VLOOKUP($CU6,'Braços de IP'!$E$9:$I$15,2,0)) | CW6: =IF($CU6="","",VLOOKUP($CU6,'Braços de IP'!$E$9:$I$15,5,0)) | DD6: =CN6 -> 0 | DE6: =K6 -> 96 | DF6: =SUM(DD6:DE6)*CM6 -> 96 | DG6: =1-DD6/DE6 -> 1 | DK6: Sim | DN6: =((K6+L6)-CN6)/(K6+L6) -> #VALUE! | DP6: V4 | DQ6: =COUNTIF(G:G,DP6)/3 -> 0 | DR6: =DQ6/$DQ$434 -> #DIV/0! | DS6: =DQ6/SUM($DQ$326:$DQ$353) -> #DIV/0!
A7: Verificar preenchimento de dados como largura dos passeios e pista, | B7: 37 | C7: PVP | D7: Rua Jornalista Paulo Bittencourt | E7: -8.053576 | F7: -34.899628 | G7: P6 | H7: - | I7: P6 | J7: LED | K7: 96 | L7: Interno | M7: 0 | N7: =K7*AE7*2 -> 192 | O7: 2 | V7: 0 | Y7: 0 | Z7: 1.6 | AA7: Unilateral | AB7: Braço | AC7: 40.3 | AD7: 6.63 | AE7: 1 | AF7: 0.85 | AG7: 2.44 | AH7: =AG7-AF7 -> 1.59 | AI7: - | AJ7: - | AK7: Sim | AL7: =IF(AA7="Unilateral",2*AE7,IF(AA7="Bilateral Alternada",3*AE7,IF(AA7="Bilateral Frontal",4*AE7,IF(AA7="Canteiro Central",2*AE7,"erro")))) -> 2 | AM7: 0 | AO7: 0 | AP7: 0 | AQ7: 0 | AR7: - | AS7: =IF(AM7=0,0,IF(AA7="Unilateral",2*AM7,IF(AA7="Bilateral Alternada",3*AM7,IF(AA7="Bilateral Frontal",4*AM7,IF(AA7="Canteiro Central",2*AM7,"erro"))))) -> 0 | AU7: =VLOOKUP(G7,ABNT5101!$I$3:$J$9,2) -> 7.5 | AV7: =VLOOKUP(G7,ABNT5101!$I$3:$M$9,5) -> 0.18 | AW7: =_xlfn.XLOOKUP(G7,ABNT5101!I:I,ABNT5101!L:L) -> - | AX7: =_xlfn.XLOOKUP(G7,ABNT5101!$I:$I,ABNT5101!M:M) -> - | AY7: =_xlfn.XLOOKUP(G7,ABNT5101!$I:$I,ABNT5101!N:N) -> - | AZ7: =_xlfn.XLOOKUP(G7,ABNT5101!$I:$I,ABNT5101!O:O) -> - | BA7: =IF(BK7="NÃO ATENDE","NÃO ATENDE",IF(BV7="NÃO ATENDE","NÃO ATENDE",IF(CE7="NÃO ATENDE","NÃO ATENDE","ATENDE"))) -> NÃO ATENDE | BB7: =BE7/AU7-1 -> -1 | BC7: =BF7/AV7-1 -> -1 | BD7: =IF($G7="M6",BG7/AW7-1,"-") -> - | BK7: =IF(OR(BL7="NÃO ATENDE",BM7="NÃO ATENDE",BN7="NÃO ATENDE"),"NÃO ATENDE","ATENDE") -> NÃO ATENDE | BL7: =IF(BE7>=AU7,"ATENDE",IF(BE7>=0.99*AU7,"ATENDIMENTO LIMIAR","NÃO ATENDE")) -> NÃO ATENDE | BM7: =IF(BF7>=AV7,"ATENDE",IF(BF7>=(AV7-0.02),"ATENDIMENTO LIMIAR","NÃO ATENDE")) -> NÃO ATENDE | BN7: =IF(AW7="-","ATENDE",IF(BG7>=AW7,"ATENDE",IF(BG7>=(AW7-0.02),"ATENDIMENTO LIMIAR","NÃO ATENDE"))) -> ATENDE | BO7: =G7 -> P6 | BP7: =I7 -> P6 | BQ7: =IF(BR7="-","-",BR7/BT7-1) -> -1 | BT7: =IF(BP7="-","-",_xlfn.XLOOKUP(BP7,ABNT5101!$B$4:$B$9,ABNT5101!$C$4:$C$9)) -> 3 | BU7: =IF(BP7="-","-",_xlfn.XLOOKUP(BP7,ABNT5101!$B$4:$B$9,ABNT5101!$D$4:$D$9)) -> 0.6 | BV7: =IF(BW7="-","-",IF(BW7="NÃO ATENDE","NÃO ATENDE",IF(BX7="NÃO ATENDE","NÃO ATENDE","ATENDE"))) -> NÃO ATENDE | BW7: =IF(BP7="-","-",IF(BR7>=BT7,"ATENDE",IF(BR7>=(BT7*0.99),"ATENDIMENTO LIMIAR","NÃO ATENDE"))) -> NÃO ATENDE | BX7: =IF(BP7="-","-",IF(BS7>=BU7,"ATENDE","NÃO ATENDE")) -> NÃO ATENDE | BY7: =BP7 -> P6 | BZ7: =IF(CA7="-","-",CA7/CC7-1) -> -1 | CC7: =IF(BY7="-","-",_xlfn.XLOOKUP(BY7,ABNT5101!$B$4:$B$9,ABNT5101!$C$4:$C$9)) -> 3 | CD7: =IF(BY7="-","-",_xlfn.XLOOKUP(BY7,ABNT5101!$B$4:$B$9,ABNT5101!$D$4:$D$9)) -> 0.6 | CE7: =IF(CF7="-","-",IF(CF7="NÃO ATENDE","NÃO ATENDE",IF(CG7="NÃO ATENDE","NÃO ATENDE","ATENDE"))) -> NÃO ATENDE | CF7: =IF(BY7="-","-",IF(CA7>=(CC7),"ATENDE",IF(CA7>=(0.99*CC7),"ATENDIMENTO LIMIAR","NÃO ATENDE"))) -> NÃO ATENDE | CG7: =IF(BY7="-","-",IF(CB7>=CD7,"ATENDE","NÃO ATENDE")) -> NÃO ATENDE | CH7: =_xlfn.XLOOKUP(CI7,'Banco de dados'!$B:$B,'Banco de dados'!$D:$D) -> #N/A | CJ7: =_xlfn.XLOOKUP(CI7,'Banco de dados'!$B:$B,'Banco de dados'!$E:$E) -> #N/A | CL7: =IF(CK7="-","-",_xlfn.XLOOKUP(CK7,'Banco de dados'!$B:$B,'Banco de dados'!$E:$E)) -> #N/A | CM7: =AE7 -> 1 | CN7: =_xlfn.XLOOKUP(CI7,'Banco de dados'!$B:$B,'Banco de dados'!$H:$H) -> 0 | CO7: {=_xludf.XLOOKUP(CK7,'Banco de dados'!$B:$B,'Banco de dados'!$H:$H)} -> #NAME? | CP7: {=_xludf.XLOOKUP(CI7,'Banco de dados'!$B:$B,'Banco de dados'!$F:$F)} -> #NAME? | CQ7: {=_xludf.XLOOKUP(CK7,'Banco de dados'!$B:$B,'Banco de dados'!$F:$F)} -> #NAME? | CR7: 0 | CT7: =IF(AG7=0.5,"Suporte",IF(AND(AG7>='Braços de IP'!$B$9,AG7<='Braços de IP'!$D$9),'Braços de IP'!$E$9,IF(AND(AG7>='Braços de IP'!$B$10,AG7<='Braços de IP'!$D$10),'Braços de IP'!$E$10,IF(AND(AG7>='Braços de IP'!$B$11,AG7<='Braços de IP'!$D$11),'Braços de IP'!$E$11,IF(AND(AG7>='Braços de IP'!$B$12,AG7<='Braços de IP'!$D$12),'Braços de IP'!$E$12,IF(AND(AG7>='Braços de IP'!$B$13,AG7<='Braços de IP'!$D$13),'Braços de IP'!$E$13,IF(AND(AG7>='Braços de IP'!$B$14,AG7<='Braços de IP'!$D$14),'Braços de IP'!$E$14,"ERRO"))))))) -> Médio II | CV7: =IF($CU7="","",VLOOKUP($CU7,'Braços de IP'!$E$9:$I$15,2,0)) | CW7: =IF($CU7="","",VLOOKUP($CU7,'Braços de IP'!$E$9:$I$15,5,0)) | DD7: =CN7 -> 0 | DE7: =K7 -> 96 | DF7: =SUM(DD7:DE7)*CM7 -> 96 | DG7: =1-DD7/DE7 -> 1 | DK7: Sim | DN7: =((K7+L7)-CN7)/(K7+L7) -> #VALUE! | DP7: V4 | DQ7: =COUNTIF(G:G,DP7)/3 -> 0 | DR7: =DQ7/$DQ$434 -> #DIV/0! | DS7: =DQ7/SUM($DQ$326:$DQ$353) -> #DIV/0!
A8: Verificar preenchimento de dados como largura dos passeios e pista, | B8: 39 | C8: PVP | D8: Avenida Conselheiro Rosa E Silva | E8: -8.048481 | F8: -34.896669 | G8: P5 | H8: - | I8: P5 | J8: LED | K8: 115 | L8: Interno | M8: 0 | N8: =K8*AE8*2 -> 460 | O8: 3 | V8: 0 | Y8: 0 | Z8: 0 | AA8: Bilateral frontal | AB8: Braço | AC8: 50.6 | AD8: 7.9 | AE8: 2 | AF8: 0.77 | AG8: 2.63 | AH8: =AG8-AF8 -> 1.86 | AI8: - | AJ8: - | AK8: Não | AL8: =IF(AA8="Unilateral",2*AE8,IF(AA8="Bilateral Alternada",3*AE8,IF(AA8="Bilateral Frontal",4*AE8,IF(AA8="Canteiro Central",2*AE8,"erro")))) -> 8 | AM8: 0 | AO8: 0 | AP8: 0 | AQ8: 0 | AR8: - | AS8: =IF(AM8=0,0,IF(AA8="Unilateral",2*AM8,IF(AA8="Bilateral Alternada",3*AM8,IF(AA8="Bilateral Frontal",4*AM8,IF(AA8="Canteiro Central",2*AM8,"erro"))))) -> 0 | AU8: =VLOOKUP(G8,ABNT5101!$I$3:$J$9,2) -> 7.5 | AV8: =VLOOKUP(G8,ABNT5101!$I$3:$M$9,5) -> 0.18 | AW8: =_xlfn.XLOOKUP(G8,ABNT5101!I:I,ABNT5101!L:L) -> - | AX8: =_xlfn.XLOOKUP(G8,ABNT5101!$I:$I,ABNT5101!M:M) -> - | AY8: =_xlfn.XLOOKUP(G8,ABNT5101!$I:$I,ABNT5101!N:N) -> - | AZ8: =_xlfn.XLOOKUP(G8,ABNT5101!$I:$I,ABNT5101!O:O) -> - | BA8: =IF(BK8="NÃO ATENDE","NÃO ATENDE",IF(BV8="NÃO ATENDE","NÃO ATENDE",IF(CE8="NÃO ATENDE","NÃO ATENDE","ATENDE"))) -> NÃO ATENDE | BB8: =BE8/AU8-1 -> -1 | BC8: =BF8/AV8-1 -> -1 | BD8: =IF($G8="M6",BG8/AW8-1,"-") -> - | BK8: =IF(OR(BL8="NÃO ATENDE",BM8="NÃO ATENDE",BN8="NÃO ATENDE"),"NÃO ATENDE","ATENDE") -> NÃO ATENDE | BL8: =IF(BE8>=AU8,"ATENDE",IF(BE8>=0.99*AU8,"ATENDIMENTO LIMIAR","NÃO ATENDE")) -> NÃO ATENDE | BM8: =IF(BF8>=AV8,"ATENDE",IF(BF8>=(AV8-0.02),"ATENDIMENTO LIMIAR","NÃO ATENDE")) -> NÃO ATENDE | BN8: =IF(AW8="-","ATENDE",IF(BG8>=AW8,"ATENDE",IF(BG8>=(AW8-0.02),"ATENDIMENTO LIMIAR","NÃO ATENDE"))) -> ATENDE | BO8: =G8 -> P5 | BP8: =I8 -> P5 | BQ8: =IF(BR8="-","-",BR8/BT8-1) -> -1 | BT8: =IF(BP8="-","-",_xlfn.XLOOKUP(BP8,ABNT5101!$B$4:$B$9,ABNT5101!$C$4:$C$9)) -> 5 | BU8: =IF(BP8="-","-",_xlfn.XLOOKUP(BP8,ABNT5101!$B$4:$B$9,ABNT5101!$D$4:$D$9)) -> 1 | BV8: =IF(BW8="-","-",IF(BW8="NÃO ATENDE","NÃO ATENDE",IF(BX8="NÃO ATENDE","NÃO ATENDE","ATENDE"))) -> NÃO ATENDE | BW8: =IF(BP8="-","-",IF(BR8>=BT8,"ATENDE",IF(BR8>=(BT8*0.99),"ATENDIMENTO LIMIAR","NÃO ATENDE"))) -> NÃO ATENDE | BX8: =IF(BP8="-","-",IF(BS8>=BU8,"ATENDE","NÃO ATENDE")) -> NÃO ATENDE | BY8: =BP8 -> P5 | BZ8: =IF(CA8="-","-",CA8/CC8-1) -> -1 | CC8: =IF(BY8="-","-",_xlfn.XLOOKUP(BY8,ABNT5101!$B$4:$B$9,ABNT5101!$C$4:$C$9)) -> 5 | CD8: =IF(BY8="-","-",_xlfn.XLOOKUP(BY8,ABNT5101!$B$4:$B$9,ABNT5101!$D$4:$D$9)) -> 1 | CE8: =IF(CF8="-","-",IF(CF8="NÃO ATENDE","NÃO ATENDE",IF(CG8="NÃO ATENDE","NÃO ATENDE","ATENDE"))) -> NÃO ATENDE | CF8: =IF(BY8="-","-",IF(CA8>=(CC8),"ATENDE",IF(CA8>=(0.99*CC8),"ATENDIMENTO LIMIAR","NÃO ATENDE"))) -> NÃO ATENDE | CG8: =IF(BY8="-","-",IF(CB8>=CD8,"ATENDE","NÃO ATENDE")) -> NÃO ATENDE | CH8: =_xlfn.XLOOKUP(CI8,'Banco de dados'!$B:$B,'Banco de dados'!$D:$D) -> #N/A | CJ8: =_xlfn.XLOOKUP(CI8,'Banco de dados'!$B:$B,'Banco de dados'!$E:$E) -> #N/A | CL8: =IF(CK8="-","-",_xlfn.XLOOKUP(CK8,'Banco de dados'!$B:$B,'Banco de dados'!$E:$E)) -> #N/A | CM8: =AE8 -> 2 | CN8: =_xlfn.XLOOKUP(CI8,'Banco de dados'!$B:$B,'Banco de dados'!$H:$H) -> 0 | CO8: {=_xludf.XLOOKUP(CK8,'Banco de dados'!$B:$B,'Banco de dados'!$H:$H)} -> #NAME? | CP8: {=_xludf.XLOOKUP(CI8,'Banco de dados'!$B:$B,'Banco de dados'!$F:$F)} -> #NAME? | CQ8: {=_xludf.XLOOKUP(CK8,'Banco de dados'!$B:$B,'Banco de dados'!$F:$F)} -> #NAME? | CR8: 0 | CT8: =IF(AG8=0.5,"Suporte",IF(AND(AG8>='Braços de IP'!$B$9,AG8<='Braços de IP'!$D$9),'Braços de IP'!$E$9,IF(AND(AG8>='Braços de IP'!$B$10,AG8<='Braços de IP'!$D$10),'Braços de IP'!$E$10,IF(AND(AG8>='Braços de IP'!$B$11,AG8<='Braços de IP'!$D$11),'Braços de IP'!$E$11,IF(AND(AG8>='Braços de IP'!$B$12,AG8<='Braços de IP'!$D$12),'Braços de IP'!$E$12,IF(AND(AG8>='Braços de IP'!$B$13,AG8<='Braços de IP'!$D$13),'Braços de IP'!$E$13,IF(AND(AG8>='Braços de IP'!$B$14,AG8<='Braços de IP'!$D$14),'Braços de IP'!$E$14,"ERRO"))))))) -> Longo I | CV8: =IF($CU8="","",VLOOKUP($CU8,'Braços de IP'!$E$9:$I$15,2,0)) | CW8: =IF($CU8="","",VLOOKUP($CU8,'Braços de IP'!$E$9:$I$15,5,0)) | DD8: =CN8 -> 0 | DE8: =K8 -> 115 | DF8: =SUM(DD8:DE8)*CM8 -> 230 | DG8: =1-DD8/DE8 -> 1 | DK8: Sim | DN8: =((K8+L8)-CN8)/(K8+L8) -> #VALUE! | DP8: V4 | DQ8: =COUNTIF(G:G,DP8)/3 -> 0 | DR8: =DQ8/$DQ$434 -> #DIV/0! | DS8: =DQ8/SUM($DQ$326:$DQ$353) -> #DIV/0!
A9: Verificar preenchimento de dados como largura dos passeios e pista, | B9: 39 | C9: PVP | D9: Avenida Conselheiro Rosa E Silva | E9: -8.048481 | F9: -34.896669 | G9: P5 | H9: - | I9: P5 | J9: LED | K9: 115 | L9: Interno | M9: 0 | N9: =K9*AE9*2 -> 460 | O9: 3 | V9: 0 | Y9: 0 | Z9: 0 | AA9: Bilateral frontal | AB9: Braço | AC9: 50.6 | AD9: 7.9 | AE9: 2 | AF9: 0.77 | AG9: 2.63 | AH9: =AG9-AF9 -> 1.86 | AI9: - | AJ9: - | AK9: Não | AL9: =IF(AA9="Unilateral",2*AE9,IF(AA9="Bilateral Alternada",3*AE9,IF(AA9="Bilateral Frontal",4*AE9,IF(AA9="Canteiro Central",2*AE9,"erro")))) -> 8 | AM9: 0 | AO9: 0 | AP9: 0 | AQ9: 0 | AR9: - | AS9: =IF(AM9=0,0,IF(AA9="Unilateral",2*AM9,IF(AA9="Bilateral Alternada",3*AM9,IF(AA9="Bilateral Frontal",4*AM9,IF(AA9="Canteiro Central",2*AM9,"erro"))))) -> 0 | AU9: =VLOOKUP(G9,ABNT5101!$I$3:$J$9,2) -> 7.5 | AV9: =VLOOKUP(G9,ABNT5101!$I$3:$M$9,5) -> 0.18 | AW9: =_xlfn.XLOOKUP(G9,ABNT5101!I:I,ABNT5101!L:L) -> - | AX9: =_xlfn.XLOOKUP(G9,ABNT5101!$I:$I,ABNT5101!M:M) -> - | AY9: =_xlfn.XLOOKUP(G9,ABNT5101!$I:$I,ABNT5101!N:N) -> - | AZ9: =_xlfn.XLOOKUP(G9,ABNT5101!$I:$I,ABNT5101!O:O) -> - | BA9: =IF(BK9="NÃO ATENDE","NÃO ATENDE",IF(BV9="NÃO ATENDE","NÃO ATENDE",IF(CE9="NÃO ATENDE","NÃO ATENDE","ATENDE"))) -> NÃO ATENDE | BB9: =BE9/AU9-1 -> -1 | BC9: =BF9/AV9-1 -> -1 | BD9: =IF($G9="M6",BG9/AW9-1,"-") -> - | BK9: =IF(OR(BL9="NÃO ATENDE",BM9="NÃO ATENDE",BN9="NÃO ATENDE"),"NÃO ATENDE","ATENDE") -> NÃO ATENDE | BL9: =IF(BE9>=AU9,"ATENDE",IF(BE9>=0.99*AU9,"ATENDIMENTO LIMIAR","NÃO ATENDE")) -> NÃO ATENDE | BM9: =IF(BF9>=AV9,"ATENDE",IF(BF9>=(AV9-0.02),"ATENDIMENTO LIMIAR","NÃO ATENDE")) -> NÃO ATENDE | BN9: =IF(AW9="-","ATENDE",IF(BG9>=AW9,"ATENDE",IF(BG9>=(AW9-0.02),"ATENDIMENTO LIMIAR","NÃO ATENDE"))) -> ATENDE | BO9: =G9 -> P5 | BP9: =I9 -> P5 | BQ9: =IF(BR9="-","-",BR9/BT9-1) -> -1 | BT9: =IF(BP9="-","-",_xlfn.XLOOKUP(BP9,ABNT5101!$B$4:$B$9,ABNT5101!$C$4:$C$9)) -> 5 | BU9: =IF(BP9="-","-",_xlfn.XLOOKUP(BP9,ABNT5101!$B$4:$B$9,ABNT5101!$D$4:$D$9)) -> 1 | BV9: =IF(BW9="-","-",IF(BW9="NÃO ATENDE","NÃO ATENDE",IF(BX9="NÃO ATENDE","NÃO ATENDE","ATENDE"))) -> NÃO ATENDE | BW9: =IF(BP9="-","-",IF(BR9>=BT9,"ATENDE",IF(BR9>=(BT9*0.99),"ATENDIMENTO LIMIAR","NÃO ATENDE"))) -> NÃO ATENDE | BX9: =IF(BP9="-","-",IF(BS9>=BU9,"ATENDE","NÃO ATENDE")) -> NÃO ATENDE | BY9: =BP9 -> P5 | BZ9: =IF(CA9="-","-",CA9/CC9-1) -> -1 | CC9: =IF(BY9="-","-",_xlfn.XLOOKUP(BY9,ABNT5101!$B$4:$B$9,ABNT5101!$C$4:$C$9)) -> 5 | CD9: =IF(BY9="-","-",_xlfn.XLOOKUP(BY9,ABNT5101!$B$4:$B$9,ABNT5101!$D$4:$D$9)) -> 1 | CE9: =IF(CF9="-","-",IF(CF9="NÃO ATENDE","NÃO ATENDE",IF(CG9="NÃO ATENDE","NÃO ATENDE","ATENDE"))) -> NÃO ATENDE | CF9: =IF(BY9="-","-",IF(CA9>=(CC9),"ATENDE",IF(CA9>=(0.99*CC9),"ATENDIMENTO LIMIAR","NÃO ATENDE"))) -> NÃO ATENDE | CG9: =IF(BY9="-","-",IF(CB9>=CD9,"ATENDE","NÃO ATENDE")) -> NÃO ATENDE | CH9: =_xlfn.XLOOKUP(CI9,'Banco de dados'!$B:$B,'Banco de dados'!$D:$D) -> #N/A | CJ9: =_xlfn.XLOOKUP(CI9,'Banco de dados'!$B:$B,'Banco de dados'!$E:$E) -> #N/A | CL9: =IF(CK9="-","-",_xlfn.XLOOKUP(CK9,'Banco de dados'!$B:$B,'Banco de dados'!$E:$E)) -> #N/A | CM9: =AE9 -> 2 | CN9: =_xlfn.XLOOKUP(CI9,'Banco de dados'!$B:$B,'Banco de dados'!$H:$H) -> 0 | CO9: {=_xludf.XLOOKUP(CK9,'Banco de dados'!$B:$B,'Banco de dados'!$H:$H)} -> #NAME? | CP9: {=_xludf.XLOOKUP(CI9,'Banco de dados'!$B:$B,'Banco de dados'!$F:$F)} -> #NAME? | CQ9: {=_xludf.XLOOKUP(CK9,'Banco de dados'!$B:$B,'Banco de dados'!$F:$F)} -> #NAME? | CR9: 0 | CT9: =IF(AG9=0.5,"Suporte",IF(AND(AG9>='Braços de IP'!$B$9,AG9<='Braços de IP'!$D$9),'Braços de IP'!$E$9,IF(AND(AG9>='Braços de IP'!$B$10,AG9<='Braços de IP'!$D$10),'Braços de IP'!$E$10,IF(AND(AG9>='Braços de IP'!$B$11,AG9<='Braços de IP'!$D$11),'Braços de IP'!$E$11,IF(AND(AG9>='Braços de IP'!$B$12,AG9<='Braços de IP'!$D$12),'Braços de IP'!$E$12,IF(AND(AG9>='Braços de IP'!$B$13,AG9<='Braços de IP'!$D$13),'Braços de IP'!$E$13,IF(AND(AG9>='Braços de IP'!$B$14,AG9<='Braços de IP'!$D$14),'Braços de IP'!$E$14,"ERRO"))))))) -> Longo I | CV9: =IF($CU9="","",VLOOKUP($CU9,'Braços de IP'!$E$9:$I$15,2,0)) | CW9: =IF($CU9="","",VLOOKUP($CU9,'Braços de IP'!$E$9:$I$15,5,0)) | DD9: =CN9 -> 0 | DE9: =K9 -> 115 | DF9: =SUM(DD9:DE9)*CM9 -> 230 | DG9: =1-DD9/DE9 -> 1 | DK9: Sim | DN9: =((K9+L9)-CN9)/(K9+L9) -> #VALUE! | DP9: V4 | DQ9: =COUNTIF(G:G,DP9)/3 -> 0 | DR9: =DQ9/$DQ$434 -> #DIV/0! | DS9: =DQ9/SUM($DQ$326:$DQ$353) -> #DIV/0!
A10: Verificar preenchimento de dados como largura dos passeios e pista, | B10: 39 | C10: PVP | D10: Avenida Conselheiro Rosa E Silva | E10: -8.048481 | F10: -34.896669 | G10: P5 | H10: - | I10: P5 | J10: LED | K10: 115 | L10: Interno | M10: 0 | N10: =K10*AE10*2 -> 460 | O10: 3 | V10: 0 | Y10: 0 | Z10: 0 | AA10: Bilateral frontal | AB10: Braço | AC10: 50.6 | AD10: 7.9 | AE10: 2 | AF10: 0.77 | AG10: 2.63 | AH10: =AG10-AF10 -> 1.86 | AI10: - | AJ10: - | AK10: Não | AL10: =IF(AA10="Unilateral",2*AE10,IF(AA10="Bilateral Alternada",3*AE10,IF(AA10="Bilateral Frontal",4*AE10,IF(AA10="Canteiro Central",2*AE10,"erro")))) -> 8 | AM10: 0 | AO10: 0 | AP10: 0 | AQ10: 0 | AR10: - | AS10: =IF(AM10=0,0,IF(AA10="Unilateral",2*AM10,IF(AA10="Bilateral Alternada",3*AM10,IF(AA10="Bilateral Frontal",4*AM10,IF(AA10="Canteiro Central",2*AM10,"erro"))))) -> 0 | AU10: =VLOOKUP(G10,ABNT5101!$I$3:$J$9,2) -> 7.5 | AV10: =VLOOKUP(G10,ABNT5101!$I$3:$M$9,5) -> 0.18 | AW10: =_xlfn.XLOOKUP(G10,ABNT5101!I:I,ABNT5101!L:L) -> - | AX10: =_xlfn.XLOOKUP(G10,ABNT5101!$I:$I,ABNT5101!M:M) -> - | AY10: =_xlfn.XLOOKUP(G10,ABNT5101!$I:$I,ABNT5101!N:N) -> - | AZ10: =_xlfn.XLOOKUP(G10,ABNT5101!$I:$I,ABNT5101!O:O) -> - | BA10: =IF(BK10="NÃO ATENDE","NÃO ATENDE",IF(BV10="NÃO ATENDE","NÃO ATENDE",IF(CE10="NÃO ATENDE","NÃO ATENDE","ATENDE"))) -> NÃO ATENDE | BB10: =BE10/AU10-1 -> -1 | BC10: =BF10/AV10-1 -> -1 | BD10: =IF($G10="M6",BG10/AW10-1,"-") -> - | BK10: =IF(OR(BL10="NÃO ATENDE",BM10="NÃO ATENDE",BN10="NÃO ATENDE"),"NÃO ATENDE","ATENDE") -> NÃO ATENDE | BL10: =IF(BE10>=AU10,"ATENDE",IF(BE10>=0.99*AU10,"ATENDIMENTO LIMIAR","NÃO ATENDE")) -> NÃO ATENDE | BM10: =IF(BF10>=AV10,"ATENDE",IF(BF10>=(AV10-0.02),"ATENDIMENTO LIMIAR","NÃO ATENDE")) -> NÃO ATENDE | BN10: =IF(AW10="-","ATENDE",IF(BG10>=AW10,"ATENDE",IF(BG10>=(AW10-0.02),"ATENDIMENTO LIMIAR","NÃO ATENDE"))) -> ATENDE | BO10: =G10 -> P5 | BP10: =I10 -> P5 | BQ10: =IF(BR10="-","-",BR10/BT10-1) -> -1 | BT10: =IF(BP10="-","-",_xlfn.XLOOKUP(BP10,ABNT5101!$B$4:$B$9,ABNT5101!$C$4:$C$9)) -> 5 | BU10: =IF(BP10="-","-",_xlfn.XLOOKUP(BP10,ABNT5101!$B$4:$B$9,ABNT5101!$D$4:$D$9)) -> 1 | BV10: =IF(BW10="-","-",IF(BW10="NÃO ATENDE","NÃO ATENDE",IF(BX10="NÃO ATENDE","NÃO ATENDE","ATENDE"))) -> NÃO ATENDE | BW10: =IF(BP10="-","-",IF(BR10>=BT10,"ATENDE",IF(BR10>=(BT10*0.99),"ATENDIMENTO LIMIAR","NÃO ATENDE"))) -> NÃO ATENDE | BX10: =IF(BP10="-","-",IF(BS10>=BU10,"ATENDE","NÃO ATENDE")) -> NÃO ATENDE | BY10: =BP10 -> P5 | BZ10: =IF(CA10="-","-",CA10/CC10-1) -> -1 | CC10: =IF(BY10="-","-",_xlfn.XLOOKUP(BY10,ABNT5101!$B$4:$B$9,ABNT5101!$C$4:$C$9)) -> 5 | CD10: =IF(BY10="-","-",_xlfn.XLOOKUP(BY10,ABNT5101!$B$4:$B$9,ABNT5101!$D$4:$D$9)) -> 1 | CE10: =IF(CF10="-","-",IF(CF10="NÃO ATENDE","NÃO ATENDE",IF(CG10="NÃO ATENDE","NÃO ATENDE","ATENDE"))) -> NÃO ATENDE | CF10: =IF(BY10="-","-",IF(CA10>=(CC10),"ATENDE",IF(CA10>=(0.99*CC10),"ATENDIMENTO LIMIAR","NÃO ATENDE"))) -> NÃO ATENDE | CG10: =IF(BY10="-","-",IF(CB10>=CD10,"ATENDE","NÃO ATENDE")) -> NÃO ATENDE | CH10: =_xlfn.XLOOKUP(CI10,'Banco de dados'!$B:$B,'Banco de dados'!$D:$D) -> #N/A | CJ10: =_xlfn.XLOOKUP(CI10,'Banco de dados'!$B:$B,'Banco de dados'!$E:$E) -> #N/A | CL10: =IF(CK10="-","-",_xlfn.XLOOKUP(CK10,'Banco de dados'!$B:$B,'Banco de dados'!$E:$E)) -> #N/A | CM10: =AE10 -> 2 | CN10: =_xlfn.XLOOKUP(CI10,'Banco de dados'!$B:$B,'Banco de dados'!$H:$H) -> 0 | CO10: {=_xludf.XLOOKUP(CK10,'Banco de dados'!$B:$B,'Banco de dados'!$H:$H)} -> #NAME? | CP10: {=_xludf.XLOOKUP(CI10,'Banco de dados'!$B:$B,'Banco de dados'!$F:$F)} -> #NAME? | CQ10: {=_xludf.XLOOKUP(CK10,'Banco de dados'!$B:$B,'Banco de dados'!$F:$F)} -> #NAME? | CR10: 0 | CT10: =IF(AG10=0.5,"Suporte",IF(AND(AG10>='Braços de IP'!$B$9,AG10<='Braços de IP'!$D$9),'Braços de IP'!$E$9,IF(AND(AG10>='Braços de IP'!$B$10,AG10<='Braços de IP'!$D$10),'Braços de IP'!$E$10,IF(AND(AG10>='Braços de IP'!$B$11,AG10<='Braços de IP'!$D$11),'Braços de IP'!$E$11,IF(AND(AG10>='Braços de IP'!$B$12,AG10<='Braços de IP'!$D$12),'Braços de IP'!$E$12,IF(AND(AG10>='Braços de IP'!$B$13,AG10<='Braços de IP'!$D$13),'Braços de IP'!$E$13,IF(AND(AG10>='Braços de IP'!$B$14,AG10<='Braços de IP'!$D$14),'Braços de IP'!$E$14,"ERRO"))))))) -> Longo I | CV10: =IF($CU10="","",VLOOKUP($CU10,'Braços de IP'!$E$9:$I$15,2,0)) | CW10: =IF($CU10="","",VLOOKUP($CU10,'Braços de IP'!$E$9:$I$15,5,0)) | DD10: =CN10 -> 0 | DE10: =K10 -> 115 | DF10: =SUM(DD10:DE10)*CM10 -> 230 | DG10: =1-DD10/DE10 -> 1 | DK10: Sim | DN10: =((K10+L10)-CN10)/(K10+L10) -> #VALUE! | DP10: V4 | DQ10: =COUNTIF(G:G,DP10)/3 -> 0 | DR10: =DQ10/$DQ$434 -> #DIV/0! | DS10: =DQ10/SUM($DQ$326:$DQ$353) -> #DIV/0!
A11: Verificar preenchimento de dados como largura dos passeios e pista, | B11: 40 | C11: PVP | D11: Rua Das Pernambucanas | E11: -8.050931 | F11: -34.901654 | G11: P6 | H11: - | I11: P6 | J11: LED | K11: 90 | L11: Interno | M11: 0 | N11: =K11*AE11*2 -> 180 | O11: 2 | V11: 0 | Y11: 1.59 | Z11: 0 | AA11: Unilateral | AB11: Braço | AC11: 38.3 | AD11: 6.66 | AE11: 1 | AF11: 0.5 | AG11: 2.67 | AH11: =AG11-AF11 -> 2.17 | AI11: - | AJ11: - | AK11: Não | AL11: =IF(AA11="Unilateral",2*AE11,IF(AA11="Bilateral Alternada",3*AE11,IF(AA11="Bilateral Frontal",4*AE11,IF(AA11="Canteiro Central",2*AE11,"erro")))) -> 2 | AM11: 0 | AO11: 0 | AP11: 0 | AQ11: 0 | AR11: - | AS11: =IF(AM11=0,0,IF(AA11="Unilateral",2*AM11,IF(AA11="Bilateral Alternada",3*AM11,IF(AA11="Bilateral Frontal",4*AM11,IF(AA11="Canteiro Central",2*AM11,"erro"))))) -> 0 | AU11: =VLOOKUP(G11,ABNT5101!$I$3:$J$9,2) -> 7.5 | AV11: =VLOOKUP(G11,ABNT5101!$I$3:$M$9,5) -> 0.18 | AW11: =_xlfn.XLOOKUP(G11,ABNT5101!I:I,ABNT5101!L:L) -> - | AX11: =_xlfn.XLOOKUP(G11,ABNT5101!$I:$I,ABNT5101!M:M) -> - | AY11: =_xlfn.XLOOKUP(G11,ABNT5101!$I:$I,ABNT5101!N:N) -> - | AZ11: =_xlfn.XLOOKUP(G11,ABNT5101!$I:$I,ABNT5101!O:O) -> - | BA11: =IF(BK11="NÃO ATENDE","NÃO ATENDE",IF(BV11="NÃO ATENDE","NÃO ATENDE",IF(CE11="NÃO ATENDE","NÃO ATENDE","ATENDE"))) -> NÃO ATENDE | BB11: =BE11/AU11-1 -> -1 | BC11: =BF11/AV11-1 -> -1 | BD11: =IF($G11="M6",BG11/AW11-1,"-") -> - | BK11: =IF(OR(BL11="NÃO ATENDE",BM11="NÃO ATENDE",BN11="NÃO ATENDE"),"NÃO ATENDE","ATENDE") -> NÃO ATENDE | BL11: =IF(BE11>=AU11,"ATENDE",IF(BE11>=0.99*AU11,"ATENDIMENTO LIMIAR","NÃO ATENDE")) -> NÃO ATENDE | BM11: =IF(BF11>=AV11,"ATENDE",IF(BF11>=(AV11-0.02),"ATENDIMENTO LIMIAR","NÃO ATENDE")) -> NÃO ATENDE | BN11: =IF(AW11="-","ATENDE",IF(BG11>=AW11,"ATENDE",IF(BG11>=(AW11-0.02),"ATENDIMENTO LIMIAR","NÃO ATENDE"))) -> ATENDE | BO11: =G11 -> P6 | BP11: =I11 -> P6 | BQ11: =IF(BR11="-","-",BR11/BT11-1) -> -1 | BT11: =IF(BP11="-","-",_xlfn.XLOOKUP(BP11,ABNT5101!$B$4:$B$9,ABNT5101!$C$4:$C$9)) -> 3 | BU11: =IF(BP11="-","-",_xlfn.XLOOKUP(BP11,ABNT5101!$B$4:$B$9,ABNT5101!$D$4:$D$9)) -> 0.6 | BV11: =IF(BW11="-","-",IF(BW11="NÃO ATENDE","NÃO ATENDE",IF(BX11="NÃO ATENDE","NÃO ATENDE","ATENDE"))) -> NÃO ATENDE | BW11: =IF(BP11="-","-",IF(BR11>=BT11,"ATENDE",IF(BR11>=(BT11*0.99),"ATENDIMENTO LIMIAR","NÃO ATENDE"))) -> NÃO ATENDE | BX11: =IF(BP11="-","-",IF(BS11>=BU11,"ATENDE","NÃO ATENDE")) -> NÃO ATENDE | BY11: =BP11 -> P6 | BZ11: =IF(CA11="-","-",CA11/CC11-1) -> -1 | CC11: =IF(BY11="-","-",_xlfn.XLOOKUP(BY11,ABNT5101!$B$4:$B$9,ABNT5101!$C$4:$C$9)) -> 3 | CD11: =IF(BY11="-","-",_xlfn.XLOOKUP(BY11,ABNT5101!$B$4:$B$9,ABNT5101!$D$4:$D$9)) -> 0.6 | CE11: =IF(CF11="-","-",IF(CF11="NÃO ATENDE","NÃO ATENDE",IF(CG11="NÃO ATENDE","NÃO ATENDE","ATENDE"))) -> NÃO ATENDE | CF11: =IF(BY11="-","-",IF(CA11>=(CC11),"ATENDE",IF(CA11>=(0.99*CC11),"ATENDIMENTO LIMIAR","NÃO ATENDE"))) -> NÃO ATENDE | CG11: =IF(BY11="-","-",IF(CB11>=CD11,"ATENDE","NÃO ATENDE")) -> NÃO ATENDE | CH11: =_xlfn.XLOOKUP(CI11,'Banco de dados'!$B:$B,'Banco de dados'!$D:$D) -> #N/A | CJ11: =_xlfn.XLOOKUP(CI11,'Banco de dados'!$B:$B,'Banco de dados'!$E:$E) -> #N/A | CL11: =IF(CK11="-","-",_xlfn.XLOOKUP(CK11,'Banco de dados'!$B:$B,'Banco de dados'!$E:$E)) -> #N/A | CM11: =AE11 -> 1 | CN11: =_xlfn.XLOOKUP(CI11,'Banco de dados'!$B:$B,'Banco de dados'!$H:$H) -> 0 | CO11: {=_xludf.XLOOKUP(CK11,'Banco de dados'!$B:$B,'Banco de dados'!$H:$H)} -> #NAME? | CP11: {=_xludf.XLOOKUP(CI11,'Banco de dados'!$B:$B,'Banco de dados'!$F:$F)} -> #NAME? | CQ11: {=_xludf.XLOOKUP(CK11,'Banco de dados'!$B:$B,'Banco de dados'!$F:$F)} -> #NAME? | CR11: 0 | CT11: =IF(AG11=0.5,"Suporte",IF(AND(AG11>='Braços de IP'!$B$9,AG11<='Braços de IP'!$D$9),'Braços de IP'!$E$9,IF(AND(AG11>='Braços de IP'!$B$10,AG11<='Braços de IP'!$D$10),'Braços de IP'!$E$10,IF(AND(AG11>='Braços de IP'!$B$11,AG11<='Braços de IP'!$D$11),'Braços de IP'!$E$11,IF(AND(AG11>='Braços de IP'!$B$12,AG11<='Braços de IP'!$D$12),'Braços de IP'!$E$12,IF(AND(AG11>='Braços de IP'!$B$13,AG11<='Braços de IP'!$D$13),'Braços de IP'!$E$13,IF(AND(AG11>='Braços de IP'!$B$14,AG11<='Braços de IP'!$D$14),'Braços de IP'!$E$14,"ERRO"))))))) -> Longo I | CV11: =IF($CU11="","",VLOOKUP($CU11,'Braços de IP'!$E$9:$I$15,2,0)) | CW11: =IF($CU11="","",VLOOKUP($CU11,'Braços de IP'!$E$9:$I$15,5,0)) | DD11: =CN11 -> 0 | DE11: =K11 -> 90 | DF11: =SUM(DD11:DE11)*CM11 -> 90 | DG11: =1-DD11/DE11 -> 1 | DK11: Sim | DN11: =((K11+L11)-CN11)/(K11+L11) -> #VALUE! | DP11: V5 | DQ11: =COUNTIF(G:G,DP11)/3 -> 0 | DR11: =DQ11/$DQ$434 -> #DIV/0! | DS11: =DQ11/SUM($DQ$326:$DQ$353) -> #DIV/0!
A12: Verificar preenchimento de dados como largura dos passeios e pista, | B12: 40 | C12: PVP | D12: Rua Das Pernambucanas | E12: -8.050931 | F12: -34.901654 | G12: P6 | H12: - | I12: P6 | J12: LED | K12: 90 | L12: Interno | M12: 0 | N12: =K12*AE12*2 -> 180 | O12: 2 | V12: 0 | Y12: 1.59 | Z12: 0 | AA12: Unilateral | AB12: Braço | AC12: 38.3 | AD12: 6.66 | AE12: 1 | AF12: 0.5 | AG12: 2.67 | AH12: =AG12-AF12 -> 2.17 | AI12: - | AJ12: - | AK12: Não | AL12: =IF(AA12="Unilateral",2*AE12,IF(AA12="Bilateral Alternada",3*AE12,IF(AA12="Bilateral Frontal",4*AE12,IF(AA12="Canteiro Central",2*AE12,"erro")))) -> 2 | AM12: 0 | AO12: 0 | AP12: 0 | AQ12: 0 | AR12: - | AS12: =IF(AM12=0,0,IF(AA12="Unilateral",2*AM12,IF(AA12="Bilateral Alternada",3*AM12,IF(AA12="Bilateral Frontal",4*AM12,IF(AA12="Canteiro Central",2*AM12,"erro"))))) -> 0 | AU12: =VLOOKUP(G12,ABNT5101!$I$3:$J$9,2) -> 7.5 | AV12: =VLOOKUP(G12,ABNT5101!$I$3:$M$9,5) -> 0.18 | AW12: =_xlfn.XLOOKUP(G12,ABNT5101!I:I,ABNT5101!L:L) -> - | AX12: =_xlfn.XLOOKUP(G12,ABNT5101!$I:$I,ABNT5101!M:M) -> - | AY12: =_xlfn.XLOOKUP(G12,ABNT5101!$I:$I,ABNT5101!N:N) -> - | AZ12: =_xlfn.XLOOKUP(G12,ABNT5101!$I:$I,ABNT5101!O:O) -> - | BA12: =IF(BK12="NÃO ATENDE","NÃO ATENDE",IF(BV12="NÃO ATENDE","NÃO ATENDE",IF(CE12="NÃO ATENDE","NÃO ATENDE","ATENDE"))) -> NÃO ATENDE | BB12: =BE12/AU12-1 -> -1 | BC12: =BF12/AV12-1 -> -1 | BD12: =IF($G12="M6",BG12/AW12-1,"-") -> - | BK12: =IF(OR(BL12="NÃO ATENDE",BM12="NÃO ATENDE",BN12="NÃO ATENDE"),"NÃO ATENDE","ATENDE") -> NÃO ATENDE | BL12: =IF(BE12>=AU12,"ATENDE",IF(BE12>=0.99*AU12,"ATENDIMENTO LIMIAR","NÃO ATENDE")) -> NÃO ATENDE | BM12: =IF(BF12>=AV12,"ATENDE",IF(BF12>=(AV12-0.02),"ATENDIMENTO LIMIAR","NÃO ATENDE")) -> NÃO ATENDE | BN12: =IF(AW12="-","ATENDE",IF(BG12>=AW12,"ATENDE",IF(BG12>=(AW12-0.02),"ATENDIMENTO LIMIAR","NÃO ATENDE"))) -> ATENDE | BO12: =G12 -> P6 | BP12: =I12 -> P6 | BQ12: =IF(BR12="-","-",BR12/BT12-1) -> -1 | BT12: =IF(BP12="-","-",_xlfn.XLOOKUP(BP12,ABNT5101!$B$4:$B$9,ABNT5101!$C$4:$C$9)) -> 3 | BU12: =IF(BP12="-","-",_xlfn.XLOOKUP(BP12,ABNT5101!$B$4:$B$9,ABNT5101!$D$4:$D$9)) -> 0.6 | BV12: =IF(BW12="-","-",IF(BW12="NÃO ATENDE","NÃO ATENDE",IF(BX12="NÃO ATENDE","NÃO ATENDE","ATENDE"))) -> NÃO ATENDE | BW12: =IF(BP12="-","-",IF(BR12>=BT12,"ATENDE",IF(BR12>=(BT12*0.99),"ATENDIMENTO LIMIAR","NÃO ATENDE"))) -> NÃO ATENDE | BX12: =IF(BP12="-","-",IF(BS12>=BU12,"ATENDE","NÃO ATENDE")) -> NÃO ATENDE | BY12: =BP12 -> P6 | BZ12: =IF(CA12="-","-",CA12/CC12-1) -> -1 | CC12: =IF(BY12="-","-",_xlfn.XLOOKUP(BY12,ABNT5101!$B$4:$B$9,ABNT5101!$C$4:$C$9)) -> 3 | CD12: =IF(BY12="-","-",_xlfn.XLOOKUP(BY12,ABNT5101!$B$4:$B$9,ABNT5101!$D$4:$D$9)) -> 0.6 | CE12: =IF(CF12="-","-",IF(CF12="NÃO ATENDE","NÃO ATENDE",IF(CG12="NÃO ATENDE","NÃO ATENDE","ATENDE"))) -> NÃO ATENDE | CF12: =IF(BY12="-","-",IF(CA12>=(CC12),"ATENDE",IF(CA12>=(0.99*CC12),"ATENDIMENTO LIMIAR","NÃO ATENDE"))) -> NÃO ATENDE | CG12: =IF(BY12="-","-",IF(CB12>=CD12,"ATENDE","NÃO ATENDE")) -> NÃO ATENDE | CH12: =_xlfn.XLOOKUP(CI12,'Banco de dados'!$B:$B,'Banco de dados'!$D:$D) -> #N/A | CJ12: =_xlfn.XLOOKUP(CI12,'Banco de dados'!$B:$B,'Banco de dados'!$E:$E) -> #N/A | CL12: =IF(CK12="-","-",_xlfn.XLOOKUP(CK12,'Banco de dados'!$B:$B,'Banco de dados'!$E:$E)) -> #N/A | CM12: =AE12 -> 1 | CN12: =_xlfn.XLOOKUP(CI12,'Banco de dados'!$B:$B,'Banco de dados'!$H:$H) -> 0 | CO12: {=_xludf.XLOOKUP(CK12,'Banco de dados'!$B:$B,'Banco de dados'!$H:$H)} -> #NAME? | CP12: {=_xludf.XLOOKUP(CI12,'Banco de dados'!$B:$B,'Banco de dados'!$F:$F)} -> #NAME? | CQ12: {=_xludf.XLOOKUP(CK12,'Banco de dados'!$B:$B,'Banco de dados'!$F:$F)} -> #NAME? | CR12: 0 | CT12: =IF(AG12=0.5,"Suporte",IF(AND(AG12>='Braços de IP'!$B$9,AG12<='Braços de IP'!$D$9),'Braços de IP'!$E$9,IF(AND(AG12>='Braços de IP'!$B$10,AG12<='Braços de IP'!$D$10),'Braços de IP'!$E$10,IF(AND(AG12>='Braços de IP'!$B$11,AG12<='Braços de IP'!$D$11),'Braços de IP'!$E$11,IF(AND(AG12>='Braços de IP'!$B$12,AG12<='Braços de IP'!$D$12),'Braços de IP'!$E$12,IF(AND(AG12>='Braços de IP'!$B$13,AG12<='Braços de IP'!$D$13),'Braços de IP'!$E$13,IF(AND(AG12>='Braços de IP'!$B$14,AG12<='Braços de IP'!$D$14),'Braços de IP'!$E$14,"ERRO"))))))) -> Longo I | CV12: =IF($CU12="","",VLOOKUP($CU12,'Braços de IP'!$E$9:$I$15,2,0)) | CW12: =IF($CU12="","",VLOOKUP($CU12,'Braços de IP'!$E$9:$I$15,5,0)) | DD12: =CN12 -> 0 | DE12: =K12 -> 90 | DF12: =SUM(DD12:DE12)*CM12 -> 90 | DG12: =1-DD12/DE12 -> 1 | DK12: Sim | DN12: =((K12+L12)-CN12)/(K12+L12) -> #VALUE! | DP12: V5 | DQ12: =COUNTIF(G:G,DP12)/3 -> 0 | DR12: =DQ12/$DQ$434 -> #DIV/0! | DS12: =DQ12/SUM($DQ$326:$DQ$353) -> #DIV/0!
A13: Verificar preenchimento de dados como largura dos passeios e pista, | B13: 40 | C13: PVP | D13: Rua Das Pernambucanas | E13: -8.050931 | F13: -34.901654 | G13: P6 | H13: - | I13: P6 | J13: LED | K13: 90 | L13: Interno | M13: 0 | N13: =K13*AE13*2 -> 180 | O13: 2 | V13: 0 | Y13: 1.59 | Z13: 0 | AA13: Unilateral | AB13: Braço | AC13: 38.3 | AD13: 6.66 | AE13: 1 | AF13: 0.5 | AG13: 2.67 | AH13: =AG13-AF13 -> 2.17 | AI13: - | AJ13: - | AK13: Não | AL13: =IF(AA13="Unilateral",2*AE13,IF(AA13="Bilateral Alternada",3*AE13,IF(AA13="Bilateral Frontal",4*AE13,IF(AA13="Canteiro Central",2*AE13,"erro")))) -> 2 | AM13: 0 | AO13: 0 | AP13: 0 | AQ13: 0 | AR13: - | AS13: =IF(AM13=0,0,IF(AA13="Unilateral",2*AM13,IF(AA13="Bilateral Alternada",3*AM13,IF(AA13="Bilateral Frontal",4*AM13,IF(AA13="Canteiro Central",2*AM13,"erro"))))) -> 0 | AU13: =VLOOKUP(G13,ABNT5101!$I$3:$J$9,2) -> 7.5 | AV13: =VLOOKUP(G13,ABNT5101!$I$3:$M$9,5) -> 0.18 | AW13: =_xlfn.XLOOKUP(G13,ABNT5101!I:I,ABNT5101!L:L) -> - | AX13: =_xlfn.XLOOKUP(G13,ABNT5101!$I:$I,ABNT5101!M:M) -> - | AY13: =_xlfn.XLOOKUP(G13,ABNT5101!$I:$I,ABNT5101!N:N) -> - | AZ13: =_xlfn.XLOOKUP(G13,ABNT5101!$I:$I,ABNT5101!O:O) -> - | BA13: =IF(BK13="NÃO ATENDE","NÃO ATENDE",IF(BV13="NÃO ATENDE","NÃO ATENDE",IF(CE13="NÃO ATENDE","NÃO ATENDE","ATENDE"))) -> NÃO ATENDE | BB13: =BE13/AU13-1 -> -1 | BC13: =BF13/AV13-1 -> -1 | BD13: =IF($G13="M6",BG13/AW13-1,"-") -> - | BK13: =IF(OR(BL13="NÃO ATENDE",BM13="NÃO ATENDE",BN13="NÃO ATENDE"),"NÃO ATENDE","ATENDE") -> NÃO ATENDE | BL13: =IF(BE13>=AU13,"ATENDE",IF(BE13>=0.99*AU13,"ATENDIMENTO LIMIAR","NÃO ATENDE")) -> NÃO ATENDE | BM13: =IF(BF13>=AV13,"ATENDE",IF(BF13>=(AV13-0.02),"ATENDIMENTO LIMIAR","NÃO ATENDE")) -> NÃO ATENDE | BN13: =IF(AW13="-","ATENDE",IF(BG13>=AW13,"ATENDE",IF(BG13>=(AW13-0.02),"ATENDIMENTO LIMIAR","NÃO ATENDE"))) -> ATENDE | BO13: =G13 -> P6 | BP13: =I13 -> P6 | BQ13: =IF(BR13="-","-",BR13/BT13-1) -> -1 | BT13: =IF(BP13="-","-",_xlfn.XLOOKUP(BP13,ABNT5101!$B$4:$B$9,ABNT5101!$C$4:$C$9)) -> 3 | BU13: =IF(BP13="-","-",_xlfn.XLOOKUP(BP13,ABNT5101!$B$4:$B$9,ABNT5101!$D$4:$D$9)) -> 0.6 | BV13: =IF(BW13="-","-",IF(BW13="NÃO ATENDE","NÃO ATENDE",IF(BX13="NÃO ATENDE","NÃO ATENDE","ATENDE"))) -> NÃO ATENDE | BW13: =IF(BP13="-","-",IF(BR13>=BT13,"ATENDE",IF(BR13>=(BT13*0.99),"ATENDIMENTO LIMIAR","NÃO ATENDE"))) -> NÃO ATENDE | BX13: =IF(BP13="-","-",IF(BS13>=BU13,"ATENDE","NÃO ATENDE")) -> NÃO ATENDE | BY13: =BP13 -> P6 | BZ13: =IF(CA13="-","-",CA13/CC13-1) -> -1 | CC13: =IF(BY13="-","-",_xlfn.XLOOKUP(BY13,ABNT5101!$B$4:$B$9,ABNT5101!$C$4:$C$9)) -> 3 | CD13: =IF(BY13="-","-",_xlfn.XLOOKUP(BY13,ABNT5101!$B$4:$B$9,ABNT5101!$D$4:$D$9)) -> 0.6 | CE13: =IF(CF13="-","-",IF(CF13="NÃO ATENDE","NÃO ATENDE",IF(CG13="NÃO ATENDE","NÃO ATENDE","ATENDE"))) -> NÃO ATENDE | CF13: =IF(BY13="-","-",IF(CA13>=(CC13),"ATENDE",IF(CA13>=(0.99*CC13),"ATENDIMENTO LIMIAR","NÃO ATENDE"))) -> NÃO ATENDE | CG13: =IF(BY13="-","-",IF(CB13>=CD13,"ATENDE","NÃO ATENDE")) -> NÃO ATENDE | CH13: =_xlfn.XLOOKUP(CI13,'Banco de dados'!$B:$B,'Banco de dados'!$D:$D) -> #N/A | CJ13: =_xlfn.XLOOKUP(CI13,'Banco de dados'!$B:$B,'Banco de dados'!$E:$E) -> #N/A | CL13: =IF(CK13="-","-",_xlfn.XLOOKUP(CK13,'Banco de dados'!$B:$B,'Banco de dados'!$E:$E)) -> #N/A | CM13: =AE13 -> 1 | CN13: =_xlfn.XLOOKUP(CI13,'Banco de dados'!$B:$B,'Banco de dados'!$H:$H) -> 0 | CO13: {=_xludf.XLOOKUP(CK13,'Banco de dados'!$B:$B,'Banco de dados'!$H:$H)} -> #NAME? | CP13: {=_xludf.XLOOKUP(CI13,'Banco de dados'!$B:$B,'Banco de dados'!$F:$F)} -> #NAME? | CQ13: {=_xludf.XLOOKUP(CK13,'Banco de dados'!$B:$B,'Banco de dados'!$F:$F)} -> #NAME? | CR13: 0 | CT13: =IF(AG13=0.5,"Suporte",IF(AND(AG13>='Braços de IP'!$B$9,AG13<='Braços de IP'!$D$9),'Braços de IP'!$E$9,IF(AND(AG13>='Braços de IP'!$B$10,AG13<='Braços de IP'!$D$10),'Braços de IP'!$E$10,IF(AND(AG13>='Braços de IP'!$B$11,AG13<='Braços de IP'!$D$11),'Braços de IP'!$E$11,IF(AND(AG13>='Braços de IP'!$B$12,AG13<='Braços de IP'!$D$12),'Braços de IP'!$E$12,IF(AND(AG13>='Braços de IP'!$B$13,AG13<='Braços de IP'!$D$13),'Braços de IP'!$E$13,IF(AND(AG13>='Braços de IP'!$B$14,AG13<='Braços de IP'!$D$14),'Braços de IP'!$E$14,"ERRO"))))))) -> Longo I | CV13: =IF($CU13="","",VLOOKUP($CU13,'Braços de IP'!$E$9:$I$15,2,0)) | CW13: =IF($CU13="","",VLOOKUP($CU13,'Braços de IP'!$E$9:$I$15,5,0)) | DD13: =CN13 -> 0 | DE13: =K13 -> 90 | DF13: =SUM(DD13:DE13)*CM13 -> 90 | DG13: =1-DD13/DE13 -> 1 | DK13: Sim | DN13: =((K13+L13)-CN13)/(K13+L13) -> #VALUE! | DP13: V5 | DQ13: =COUNTIF(G:G,DP13)/3 -> 0 | DR13: =DQ13/$DQ$434 -> #DIV/0! | DS13: =DQ13/SUM($DQ$326:$DQ$353) -> #DIV/0!
A14: Verificar preenchimento de dados como largura dos passeios e pista, | B14: 42 | C14: PVP | D14: Rua Caio Pereira | E14: -8.035103 | F14: -34.896377 | G14: C3 | H14: - | I14: P5 | J14: LED | K14: 115 | L14: Interno | M14: 0 | N14: =K14*AE14*2 -> 230 | O14: 2 | V14: 0 | Y14: 2.3 | Z14: 2.3 | AA14: Unilateral | AB14: Braço | AC14: 30.94 | AD14: 6.93 | AE14: 1 | AF14: 0.61 | AG14: 1.71 | AH14: =AG14-AF14 -> 1.1 | AI14: - | AJ14: - | AK14: Não | AL14: =IF(AA14="Unilateral",2*AE14,IF(AA14="Bilateral Alternada",3*AE14,IF(AA14="Bilateral Frontal",4*AE14,IF(AA14="Canteiro Central",2*AE14,"erro")))) -> 2 | AM14: 0 | AO14: 0 | AP14: 0 | AQ14: 0 | AR14: - | AS14: =IF(AM14=0,0,IF(AA14="Unilateral",2*AM14,IF(AA14="Bilateral Alternada",3*AM14,IF(AA14="Bilateral Frontal",4*AM14,IF(AA14="Canteiro Central",2*AM14,"erro"))))) -> 0 | AU14: =VLOOKUP(G14,ABNT5101!$I$3:$J$9,2) -> 15 | AV14: =VLOOKUP(G14,ABNT5101!$I$3:$M$9,5) -> 0.18 | AW14: =_xlfn.XLOOKUP(G14,ABNT5101!I:I,ABNT5101!L:L) -> - | AX14: =_xlfn.XLOOKUP(G14,ABNT5101!$I:$I,ABNT5101!M:M) -> 0.18 | AY14: =_xlfn.XLOOKUP(G14,ABNT5101!$I:$I,ABNT5101!N:N) -> - | AZ14: =_xlfn.XLOOKUP(G14,ABNT5101!$I:$I,ABNT5101!O:O) -> 15 | BA14: =IF(BK14="NÃO ATENDE","NÃO ATENDE",IF(BV14="NÃO ATENDE","NÃO ATENDE",IF(CE14="NÃO ATENDE","NÃO ATENDE","ATENDE"))) -> NÃO ATENDE | BB14: =BE14/AU14-1 -> -1 | BC14: =BF14/AV14-1 -> -1 | BD14: =IF($G14="M6",BG14/AW14-1,"-") -> - | BK14: =IF(OR(BL14="NÃO ATENDE",BM14="NÃO ATENDE",BN14="NÃO ATENDE"),"NÃO ATENDE","ATENDE") -> NÃO ATENDE | BL14: =IF(BE14>=AU14,"ATENDE",IF(BE14>=0.99*AU14,"ATENDIMENTO LIMIAR","NÃO ATENDE")) -> NÃO ATENDE | BM14: =IF(BF14>=AV14,"ATENDE",IF(BF14>=(AV14-0.02),"ATENDIMENTO LIMIAR","NÃO ATENDE")) -> NÃO ATENDE | BN14: =IF(AW14="-","ATENDE",IF(BG14>=AW14,"ATENDE",IF(BG14>=(AW14-0.02),"ATENDIMENTO LIMIAR","NÃO ATENDE"))) -> ATENDE | BO14: =G14 -> C3 | BP14: =I14 -> P5 | BQ14: =IF(BR14="-","-",BR14/BT14-1) -> -1 | BT14: =IF(BP14="-","-",_xlfn.XLOOKUP(BP14,ABNT5101!$B$4:$B$9,ABNT5101!$C$4:$C$9)) -> 5 | BU14: =IF(BP14="-","-",_xlfn.XLOOKUP(BP14,ABNT5101!$B$4:$B$9,ABNT5101!$D$4:$D$9)) -> 1 | BV14: =IF(BW14="-","-",IF(BW14="NÃO ATENDE","NÃO ATENDE",IF(BX14="NÃO ATENDE","NÃO ATENDE","ATENDE"))) -> NÃO ATENDE | BW14: =IF(BP14="-","-",IF(BR14>=BT14,"ATENDE",IF(BR14>=(BT14*0.99),"ATENDIMENTO LIMIAR","NÃO ATENDE"))) -> NÃO ATENDE | BX14: =IF(BP14="-","-",IF(BS14>=BU14,"ATENDE","NÃO ATENDE")) -> NÃO ATENDE | BY14: =BP14 -> P5 | BZ14: =IF(CA14="-","-",CA14/CC14-1) -> -1 | CC14: =IF(BY14="-","-",_xlfn.XLOOKUP(BY14,ABNT5101!$B$4:$B$9,ABNT5101!$C$4:$C$9)) -> 5 | CD14: =IF(BY14="-","-",_xlfn.XLOOKUP(BY14,ABNT5101!$B$4:$B$9,ABNT5101!$D$4:$D$9)) -> 1 | CE14: =IF(CF14="-","-",IF(CF14="NÃO ATENDE","NÃO ATENDE",IF(CG14="NÃO ATENDE","NÃO ATENDE","ATENDE"))) -> NÃO ATENDE | CF14: =IF(BY14="-","-",IF(CA14>=(CC14),"ATENDE",IF(CA14>=(0.99*CC14),"ATENDIMENTO LIMIAR","NÃO ATENDE"))) -> NÃO ATENDE | CG14: =IF(BY14="-","-",IF(CB14>=CD14,"ATENDE","NÃO ATENDE")) -> NÃO ATENDE | CH14: =_xlfn.XLOOKUP(CI14,'Banco de dados'!$B:$B,'Banco de dados'!$D:$D) -> #N/A | CJ14: =_xlfn.XLOOKUP(CI14,'Banco de dados'!$B:$B,'Banco de dados'!$E:$E) -> #N/A | CL14: =IF(CK14="-","-",_xlfn.XLOOKUP(CK14,'Banco de dados'!$B:$B,'Banco de dados'!$E:$E)) -> #N/A | CM14: =AE14 -> 1 | CN14: =_xlfn.XLOOKUP(CI14,'Banco de dados'!$B:$B,'Banco de dados'!$H:$H) -> 0 | CO14: {=_xludf.XLOOKUP(CK14,'Banco de dados'!$B:$B,'Banco de dados'!$H:$H)} -> #NAME? | CP14: {=_xludf.XLOOKUP(CI14,'Banco de dados'!$B:$B,'Banco de dados'!$F:$F)} -> #NAME? | CQ14: {=_xludf.XLOOKUP(CK14,'Banco de dados'!$B:$B,'Banco de dados'!$F:$F)} -> #NAME? | CR14: 0 | CS14: 6 | CT14: =IF(AG14=0.5,"Suporte",IF(AND(AG14>='Braços de IP'!$B$9,AG14<='Braços de IP'!$D$9),'Braços de IP'!$E$9,IF(AND(AG14>='Braços de IP'!$B$10,AG14<='Braços de IP'!$D$10),'Braços de IP'!$E$10,IF(AND(AG14>='Braços de IP'!$B$11,AG14<='Braços de IP'!$D$11),'Braços de IP'!$E$11,IF(AND(AG14>='Braços de IP'!$B$12,AG14<='Braços de IP'!$D$12),'Braços de IP'!$E$12,IF(AND(AG14>='Braços de IP'!$B$13,AG14<='Braços de IP'!$D$13),'Braços de IP'!$E$13,IF(AND(AG14>='Braços de IP'!$B$14,AG14<='Braços de IP'!$D$14),'Braços de IP'!$E$14,"ERRO"))))))) -> Médio I | CV14: =IF($CU14="","",VLOOKUP($CU14,'Braços de IP'!$E$9:$I$15,2,0)) | CW14: =IF($CU14="","",VLOOKUP($CU14,'Braços de IP'!$E$9:$I$15,5,0)) | DD14: =CN14 -> 0 | DE14: =K14 -> 115 | DF14: =SUM(DD14:DE14)*CM14 -> 115 | DG14: =1-DD14/DE14 -> 1 | DK14: Sim | DN14: =((K14+L14)-CN14)/(K14+L14) -> #VALUE! | DP14: V5 | DQ14: =COUNTIF(G:G,DP14)/3 -> 0 | DR14: =DQ14/$DQ$434 -> #DIV/0! | DS14: =DQ14/SUM($DQ$326:$DQ$353) -> #DIV/0!
A15: Verificar preenchimento de dados como largura dos passeios e pista, | B15: 42 | C15: PVP | D15: Rua Caio Pereira | E15: -8.035103 | F15: -34.896377 | G15: C3 | H15: - | I15: P5 | J15: LED | K15: 115 | L15: Interno | M15: 0 | N15: =K15*AE15*2 -> 230 | O15: 2 | V15: 0 | Y15: 2.3 | Z15: 2.3 | AA15: Unilateral | AB15: Braço | AC15: 30.94 | AD15: 6.93 | AE15: 1 | AF15: 0.61 | AG15: 1.71 | AH15: =AG15-AF15 -> 1.1 | AI15: - | AJ15: - | AK15: Não | AL15: =IF(AA15="Unilateral",2*AE15,IF(AA15="Bilateral Alternada",3*AE15,IF(AA15="Bilateral Frontal",4*AE15,IF(AA15="Canteiro Central",2*AE15,"erro")))) -> 2 | AM15: 0 | AO15: 0 | AP15: 0 | AQ15: 0 | AR15: - | AS15: =IF(AM15=0,0,IF(AA15="Unilateral",2*AM15,IF(AA15="Bilateral Alternada",3*AM15,IF(AA15="Bilateral Frontal",4*AM15,IF(AA15="Canteiro Central",2*AM15,"erro"))))) -> 0 | AU15: =VLOOKUP(G15,ABNT5101!$I$3:$J$9,2) -> 15 | AV15: =VLOOKUP(G15,ABNT5101!$I$3:$M$9,5) -> 0.18 | AW15: =_xlfn.XLOOKUP(G15,ABNT5101!I:I,ABNT5101!L:L) -> - | AX15: =_xlfn.XLOOKUP(G15,ABNT5101!$I:$I,ABNT5101!M:M) -> 0.18 | AY15: =_xlfn.XLOOKUP(G15,ABNT5101!$I:$I,ABNT5101!N:N) -> - | AZ15: =_xlfn.XLOOKUP(G15,ABNT5101!$I:$I,ABNT5101!O:O) -> 15 | BA15: =IF(BK15="NÃO ATENDE","NÃO ATENDE",IF(BV15="NÃO ATENDE","NÃO ATENDE",IF(CE15="NÃO ATENDE","NÃO ATENDE","ATENDE"))) -> NÃO ATENDE | BB15: =BE15/AU15-1 -> -1 | BC15: =BF15/AV15-1 -> -1 | BD15: =IF($G15="M6",BG15/AW15-1,"-") -> - | BK15: =IF(OR(BL15="NÃO ATENDE",BM15="NÃO ATENDE",BN15="NÃO ATENDE"),"NÃO ATENDE","ATENDE") -> NÃO ATENDE | BL15: =IF(BE15>=AU15,"ATENDE",IF(BE15>=0.99*AU15,"ATENDIMENTO LIMIAR","NÃO ATENDE")) -> NÃO ATENDE | BM15: =IF(BF15>=AV15,"ATENDE",IF(BF15>=(AV15-0.02),"ATENDIMENTO LIMIAR","NÃO ATENDE")) -> NÃO ATENDE | BN15: =IF(AW15="-","ATENDE",IF(BG15>=AW15,"ATENDE",IF(BG15>=(AW15-0.02),"ATENDIMENTO LIMIAR","NÃO ATENDE"))) -> ATENDE | BO15: =G15 -> C3 | BP15: =I15 -> P5 | BQ15: =IF(BR15="-","-",BR15/BT15-1) -> -1 | BT15: =IF(BP15="-","-",_xlfn.XLOOKUP(BP15,ABNT5101!$B$4:$B$9,ABNT5101!$C$4:$C$9)) -> 5 | BU15: =IF(BP15="-","-",_xlfn.XLOOKUP(BP15,ABNT5101!$B$4:$B$9,ABNT5101!$D$4:$D$9)) -> 1 | BV15: =IF(BW15="-","-",IF(BW15="NÃO ATENDE","NÃO ATENDE",IF(BX15="NÃO ATENDE","NÃO ATENDE","ATENDE"))) -> NÃO ATENDE | BW15: =IF(BP15="-","-",IF(BR15>=BT15,"ATENDE",IF(BR15>=(BT15*0.99),"ATENDIMENTO LIMIAR","NÃO ATENDE"))) -> NÃO ATENDE | BX15: =IF(BP15="-","-",IF(BS15>=BU15,"ATENDE","NÃO ATENDE")) -> NÃO ATENDE | BY15: =BP15 -> P5 | BZ15: =IF(CA15="-","-",CA15/CC15-1) -> -1 | CC15: =IF(BY15="-","-",_xlfn.XLOOKUP(BY15,ABNT5101!$B$4:$B$9,ABNT5101!$C$4:$C$9)) -> 5 | CD15: =IF(BY15="-","-",_xlfn.XLOOKUP(BY15,ABNT5101!$B$4:$B$9,ABNT5101!$D$4:$D$9)) -> 1 | CE15: =IF(CF15="-","-",IF(CF15="NÃO ATENDE","NÃO ATENDE",IF(CG15="NÃO ATENDE","NÃO ATENDE","ATENDE"))) -> NÃO ATENDE | CF15: =IF(BY15="-","-",IF(CA15>=(CC15),"ATENDE",IF(CA15>=(0.99*CC15),"ATENDIMENTO LIMIAR","NÃO ATENDE"))) -> NÃO ATENDE | CG15: =IF(BY15="-","-",IF(CB15>=CD15,"ATENDE","NÃO ATENDE")) -> NÃO ATENDE | CH15: =_xlfn.XLOOKUP(CI15,'Banco de dados'!$B:$B,'Banco de dados'!$D:$D) -> #N/A | CJ15: =_xlfn.XLOOKUP(CI15,'Banco de dados'!$B:$B,'Banco de dados'!$E:$E) -> #N/A | CL15: =IF(CK15="-","-",_xlfn.XLOOKUP(CK15,'Banco de dados'!$B:$B,'Banco de dados'!$E:$E)) -> #N/A | CM15: =AE15 -> 1 | CN15: =_xlfn.XLOOKUP(CI15,'Banco de dados'!$B:$B,'Banco de dados'!$H:$H) -> 0 | CO15: {=_xludf.XLOOKUP(CK15,'Banco de dados'!$B:$B,'Banco de dados'!$H:$H)} -> #NAME? | CP15: {=_xludf.XLOOKUP(CI15,'Banco de dados'!$B:$B,'Banco de dados'!$F:$F)} -> #NAME? | CQ15: {=_xludf.XLOOKUP(CK15,'Banco de dados'!$B:$B,'Banco de dados'!$F:$F)} -> #NAME? | CR15: 0 | CS15: 10 | CT15: =IF(AG15=0.5,"Suporte",IF(AND(AG15>='Braços de IP'!$B$9,AG15<='Braços de IP'!$D$9),'Braços de IP'!$E$9,IF(AND(AG15>='Braços de IP'!$B$10,AG15<='Braços de IP'!$D$10),'Braços de IP'!$E$10,IF(AND(AG15>='Braços de IP'!$B$11,AG15<='Braços de IP'!$D$11),'Braços de IP'!$E$11,IF(AND(AG15>='Braços de IP'!$B$12,AG15<='Braços de IP'!$D$12),'Braços de IP'!$E$12,IF(AND(AG15>='Braços de IP'!$B$13,AG15<='Braços de IP'!$D$13),'Braços de IP'!$E$13,IF(AND(AG15>='Braços de IP'!$B$14,AG15<='Braços de IP'!$D$14),'Braços de IP'!$E$14,"ERRO"))))))) -> Médio I | CU15: Médio I | CV15: =IF($CU15="","",VLOOKUP($CU15,'Braços de IP'!$E$9:$I$15,2,0)) -> 1.8 | CW15: =IF($CU15="","",VLOOKUP($CU15,'Braços de IP'!$E$9:$I$15,5,0)) -> 7 | DD15: =CN15 -> 0 | DE15: =K15 -> 115 | DF15: =SUM(DD15:DE15)*CM15 -> 115 | DG15: =1-DD15/DE15 -> 1 | DK15: Sim | DN15: =((K15+L15)-CN15)/(K15+L15) -> #VALUE! | DP15: V5 | DQ15: =COUNTIF(G:G,DP15)/3 -> 0 | DR15: =DQ15/$DQ$434 -> #DIV/0! | DS15: =DQ15/SUM($DQ$326:$DQ$353) -> #DIV/0!
A16: Verificar preenchimento de dados como largura dos passeios e pista, | B16: 42 | C16: PVP | D16: Rua Caio Pereira | E16: -8.035103 | F16: -34.896377 | G16: C3 | H16: - | I16: P5 | J16: LED | K16: 115 | L16: Interno | M16: 0 | N16: =K16*AE16*2 -> 230 | O16: 2 | V16: 0 | Y16: 2.3 | Z16: 2.3 | AA16: Unilateral | AB16: Braço | AC16: 30.94 | AD16: 6.93 | AE16: 1 | AF16: 0.61 | AG16: 1.71 | AH16: =AG16-AF16 -> 1.1 | AI16: - | AJ16: - | AK16: Não | AL16: =IF(AA16="Unilateral",2*AE16,IF(AA16="Bilateral Alternada",3*AE16,IF(AA16="Bilateral Frontal",4*AE16,IF(AA16="Canteiro Central",2*AE16,"erro")))) -> 2 | AM16: 0 | AO16: 0 | AP16: 0 | AQ16: 0 | AR16: - | AS16: =IF(AM16=0,0,IF(AA16="Unilateral",2*AM16,IF(AA16="Bilateral Alternada",3*AM16,IF(AA16="Bilateral Frontal",4*AM16,IF(AA16="Canteiro Central",2*AM16,"erro"))))) -> 0 | AU16: =VLOOKUP(G16,ABNT5101!$I$3:$J$9,2) -> 15 | AV16: =VLOOKUP(G16,ABNT5101!$I$3:$M$9,5) -> 0.18 | AW16: =_xlfn.XLOOKUP(G16,ABNT5101!I:I,ABNT5101!L:L) -> - | AX16: =_xlfn.XLOOKUP(G16,ABNT5101!$I:$I,ABNT5101!M:M) -> 0.18 | AY16: =_xlfn.XLOOKUP(G16,ABNT5101!$I:$I,ABNT5101!N:N) -> - | AZ16: =_xlfn.XLOOKUP(G16,ABNT5101!$I:$I,ABNT5101!O:O) -> 15 | BA16: =IF(BK16="NÃO ATENDE","NÃO ATENDE",IF(BV16="NÃO ATENDE","NÃO ATENDE",IF(CE16="NÃO ATENDE","NÃO ATENDE","ATENDE"))) -> NÃO ATENDE | BB16: =BE16/AU16-1 -> -1 | BC16: =BF16/AV16-1 -> -1 | BD16: =IF($G16="M6",BG16/AW16-1,"-") -> - | BK16: =IF(OR(BL16="NÃO ATENDE",BM16="NÃO ATENDE",BN16="NÃO ATENDE"),"NÃO ATENDE","ATENDE") -> NÃO ATENDE | BL16: =IF(BE16>=AU16,"ATENDE",IF(BE16>=0.99*AU16,"ATENDIMENTO LIMIAR","NÃO ATENDE")) -> NÃO ATENDE | BM16: =IF(BF16>=AV16,"ATENDE",IF(BF16>=(AV16-0.02),"ATENDIMENTO LIMIAR","NÃO ATENDE")) -> NÃO ATENDE | BN16: =IF(AW16="-","ATENDE",IF(BG16>=AW16,"ATENDE",IF(BG16>=(AW16-0.02),"ATENDIMENTO LIMIAR","NÃO ATENDE"))) -> ATENDE | BO16: =G16 -> C3 | BP16: =I16 -> P5 | BQ16: =IF(BR16="-","-",BR16/BT16-1) -> -1 | BT16: =IF(BP16="-","-",_xlfn.XLOOKUP(BP16,ABNT5101!$B$4:$B$9,ABNT5101!$C$4:$C$9)) -> 5 | BU16: =IF(BP16="-","-",_xlfn.XLOOKUP(BP16,ABNT5101!$B$4:$B$9,ABNT5101!$D$4:$D$9)) -> 1 | BV16: =IF(BW16="-","-",IF(BW16="NÃO ATENDE","NÃO ATENDE",IF(BX16="NÃO ATENDE","NÃO ATENDE","ATENDE"))) -> NÃO ATENDE | BW16: =IF(BP16="-","-",IF(BR16>=BT16,"ATENDE",IF(BR16>=(BT16*0.99),"ATENDIMENTO LIMIAR","NÃO ATENDE"))) -> NÃO ATENDE | BX16: =IF(BP16="-","-",IF(BS16>=BU16,"ATENDE","NÃO ATENDE")) -> NÃO ATENDE | BY16: =BP16 -> P5 | BZ16: =IF(CA16="-","-",CA16/CC16-1) -> -1 | CC16: =IF(BY16="-","-",_xlfn.XLOOKUP(BY16,ABNT5101!$B$4:$B$9,ABNT5101!$C$4:$C$9)) -> 5 | CD16: =IF(BY16="-","-",_xlfn.XLOOKUP(BY16,ABNT5101!$B$4:$B$9,ABNT5101!$D$4:$D$9)) -> 1 | CE16: =IF(CF16="-","-",IF(CF16="NÃO ATENDE","NÃO ATENDE",IF(CG16="NÃO ATENDE","NÃO ATENDE","ATENDE"))) -> NÃO ATENDE | CF16: =IF(BY16="-","-",IF(CA16>=(CC16),"ATENDE",IF(CA16>=(0.99*CC16),"ATENDIMENTO LIMIAR","NÃO ATENDE"))) -> NÃO ATENDE | CG16: =IF(BY16="-","-",IF(CB16>=CD16,"ATENDE","NÃO ATENDE")) -> NÃO ATENDE | CH16: =_xlfn.XLOOKUP(CI16,'Banco de dados'!$B:$B,'Banco de dados'!$D:$D) -> #N/A | CJ16: =_xlfn.XLOOKUP(CI16,'Banco de dados'!$B:$B,'Banco de dados'!$E:$E) -> #N/A | CL16: =IF(CK16="-","-",_xlfn.XLOOKUP(CK16,'Banco de dados'!$B:$B,'Banco de dados'!$E:$E)) -> #N/A | CM16: =AE16 -> 1 | CN16: =_xlfn.XLOOKUP(CI16,'Banco de dados'!$B:$B,'Banco de dados'!$H:$H) -> 0 | CO16: {=_xludf.XLOOKUP(CK16,'Banco de dados'!$B:$B,'Banco de dados'!$H:$H)} -> #NAME? | CP16: {=_xludf.XLOOKUP(CI16,'Banco de dados'!$B:$B,'Banco de dados'!$F:$F)} -> #NAME? | CQ16: {=_xludf.XLOOKUP(CK16,'Banco de dados'!$B:$B,'Banco de dados'!$F:$F)} -> #NAME? | CR16: 0 | CS16: 0 | CT16: =IF(AG16=0.5,"Suporte",IF(AND(AG16>='Braços de IP'!$B$9,AG16<='Braços de IP'!$D$9),'Braços de IP'!$E$9,IF(AND(AG16>='Braços de IP'!$B$10,AG16<='Braços de IP'!$D$10),'Braços de IP'!$E$10,IF(AND(AG16>='Braços de IP'!$B$11,AG16<='Braços de IP'!$D$11),'Braços de IP'!$E$11,IF(AND(AG16>='Braços de IP'!$B$12,AG16<='Braços de IP'!$D$12),'Braços de IP'!$E$12,IF(AND(AG16>='Braços de IP'!$B$13,AG16<='Braços de IP'!$D$13),'Braços de IP'!$E$13,IF(AND(AG16>='Braços de IP'!$B$14,AG16<='Braços de IP'!$D$14),'Braços de IP'!$E$14,"ERRO"))))))) -> Médio I | CU16: Longo II | CV16: =IF($CU16="","",VLOOKUP($CU16,'Braços de IP'!$E$9:$I$15,2,0)) -> 3.5 | CW16: =IF($CU16="","",VLOOKUP($CU16,'Braços de IP'!$E$9:$I$15,5,0)) -> 8.5 | DD16: =CN16 -> 0 | DE16: =K16 -> 115 | DF16: =SUM(DD16:DE16)*CM16 -> 115 | DG16: =1-DD16/DE16 -> 1 | DK16: Sim | DN16: =((K16+L16)-CN16)/(K16+L16) -> #VALUE! | DP16: V5 | DQ16: =COUNTIF(G:G,DP16)/3 -> 0 | DR16: =DQ16/$DQ$434 -> #DIV/0! | DS16: =DQ16/SUM($DQ$326:$DQ$353) -> #DIV/0!
A17: Verificar preenchimento de dados como largura dos passeios e pista, | B17: 47 | C17: PVP | D17: Rua VoluntA!rios da PA!tria | E17: -8.02981 | F17: -34.883201 | G17: C3 | H17: - | I17: P6 | J17: LED | K17: 96 | L17: Interno | M17: 0 | N17: =K17*AE17*2 -> 192 | O17: 2 | V17: 0 | Y17: 0 | Z17: 0 | AA17: Unilateral | AB17: Braço | AC17: 38.9 | AD17: 7.16 | AE17: 1 | AF17: 1.23 | AG17: 1.51 | AH17: =AG17-AF17 -> 0.28 | AI17: - | AJ17: - | AK17: Não | AL17: =IF(AA17="Unilateral",2*AE17,IF(AA17="Bilateral Alternada",3*AE17,IF(AA17="Bilateral Frontal",4*AE17,IF(AA17="Canteiro Central",2*AE17,"erro")))) -> 2 | AM17: 0 | AO17: 0 | AP17: 0 | AQ17: 0 | AR17: - | AS17: =IF(AM17=0,0,IF(AA17="Unilateral",2*AM17,IF(AA17="Bilateral Alternada",3*AM17,IF(AA17="Bilateral Frontal",4*AM17,IF(AA17="Canteiro Central",2*AM17,"erro"))))) -> 0 | AU17: =VLOOKUP(G17,ABNT5101!$I$3:$J$9,2) -> 15 | AV17: =VLOOKUP(G17,ABNT5101!$I$3:$M$9,5) -> 0.18 | AW17: =_xlfn.XLOOKUP(G17,ABNT5101!I:I,ABNT5101!L:L) -> - | AX17: =_xlfn.XLOOKUP(G17,ABNT5101!$I:$I,ABNT5101!M:M) -> 0.18 | AY17: =_xlfn.XLOOKUP(G17,ABNT5101!$I:$I,ABNT5101!N:N) -> - | AZ17: =_xlfn.XLOOKUP(G17,ABNT5101!$I:$I,ABNT5101!O:O) -> 15 | BA17: =IF(BK17="NÃO ATENDE","NÃO ATENDE",IF(BV17="NÃO ATENDE","NÃO ATENDE",IF(CE17="NÃO ATENDE","NÃO ATENDE","ATENDE"))) -> NÃO ATENDE | BB17: =BE17/AU17-1 -> -1 | BC17: =BF17/AV17-1 -> -1 | BD17: =IF($G17="M6",BG17/AW17-1,"-") -> - | BK17: =IF(OR(BL17="NÃO ATENDE",BM17="NÃO ATENDE",BN17="NÃO ATENDE"),"NÃO ATENDE","ATENDE") -> NÃO ATENDE | BL17: =IF(BE17>=AU17,"ATENDE",IF(BE17>=0.99*AU17,"ATENDIMENTO LIMIAR","NÃO ATENDE")) -> NÃO ATENDE | BM17: =IF(BF17>=AV17,"ATENDE",IF(BF17>=(AV17-0.02),"ATENDIMENTO LIMIAR","NÃO ATENDE")) -> NÃO ATENDE | BN17: =IF(AW17="-","ATENDE",IF(BG17>=AW17,"ATENDE",IF(BG17>=(AW17-0.02),"ATENDIMENTO LIMIAR","NÃO ATENDE"))) -> ATENDE | BO17: =G17 -> C3 | BP17: =I17 -> P6 | BQ17: =IF(BR17="-","-",BR17/BT17-1) -> -1 | BT17: =IF(BP17="-","-",_xlfn.XLOOKUP(BP17,ABNT5101!$B$4:$B$9,ABNT5101!$C$4:$C$9)) -> 3 | BU17: =IF(BP17="-","-",_xlfn.XLOOKUP(BP17,ABNT5101!$B$4:$B$9,ABNT5101!$D$4:$D$9)) -> 0.6 | BV17: =IF(BW17="-","-",IF(BW17="NÃO ATENDE","NÃO ATENDE",IF(BX17="NÃO ATENDE","NÃO ATENDE","ATENDE"))) -> NÃO ATENDE | BW17: =IF(BP17="-","-",IF(BR17>=BT17,"ATENDE",IF(BR17>=(BT17*0.99),"ATENDIMENTO LIMIAR","NÃO ATENDE"))) -> NÃO ATENDE | BX17: =IF(BP17="-","-",IF(BS17>=BU17,"ATENDE","NÃO ATENDE")) -> NÃO ATENDE | BY17: =BP17 -> P6 | BZ17: =IF(CA17="-","-",CA17/CC17-1) -> -1 | CC17: =IF(BY17="-","-",_xlfn.XLOOKUP(BY17,ABNT5101!$B$4:$B$9,ABNT5101!$C$4:$C$9)) -> 3 | CD17: =IF(BY17="-","-",_xlfn.XLOOKUP(BY17,ABNT5101!$B$4:$B$9,ABNT5101!$D$4:$D$9)) -> 0.6 | CE17: =IF(CF17="-","-",IF(CF17="NÃO ATENDE","NÃO ATENDE",IF(CG17="NÃO ATENDE","NÃO ATENDE","ATENDE"))) -> NÃO ATENDE | CF17: =IF(BY17="-","-",IF(CA17>=(CC17),"ATENDE",IF(CA17>=(0.99*CC17),"ATENDIMENTO LIMIAR","NÃO ATENDE"))) -> NÃO ATENDE | CG17: =IF(BY17="-","-",IF(CB17>=CD17,"ATENDE","NÃO ATENDE")) -> NÃO ATENDE | CH17: =_xlfn.XLOOKUP(CI17,'Banco de dados'!$B:$B,'Banco de dados'!$D:$D) -> #N/A | CJ17: =_xlfn.XLOOKUP(CI17,'Banco de dados'!$B:$B,'Banco de dados'!$E:$E) -> #N/A | CL17: =IF(CK17="-","-",_xlfn.XLOOKUP(CK17,'Banco de dados'!$B:$B,'Banco de dados'!$E:$E)) -> #N/A | CM17: =AE17 -> 1 | CN17: =_xlfn.XLOOKUP(CI17,'Banco de dados'!$B:$B,'Banco de dados'!$H:$H) -> 0 | CO17: {=_xludf.XLOOKUP(CK17,'Banco de dados'!$B:$B,'Banco de dados'!$H:$H)} -> #NAME? | CP17: {=_xludf.XLOOKUP(CI17,'Banco de dados'!$B:$B,'Banco de dados'!$F:$F)} -> #NAME? | CQ17: {=_xludf.XLOOKUP(CK17,'Banco de dados'!$B:$B,'Banco de dados'!$F:$F)} -> #NAME? | CR17: 0 | CT17: =IF(AG17=0.5,"Suporte",IF(AND(AG17>='Braços de IP'!$B$9,AG17<='Braços de IP'!$D$9),'Braços de IP'!$E$9,IF(AND(AG17>='Braços de IP'!$B$10,AG17<='Braços de IP'!$D$10),'Braços de IP'!$E$10,IF(AND(AG17>='Braços de IP'!$B$11,AG17<='Braços de IP'!$D$11),'Braços de IP'!$E$11,IF(AND(AG17>='Braços de IP'!$B$12,AG17<='Braços de IP'!$D$12),'Braços de IP'!$E$12,IF(AND(AG17>='Braços de IP'!$B$13,AG17<='Braços de IP'!$D$13),'Braços de IP'!$E$13,IF(AND(AG17>='Braços de IP'!$B$14,AG17<='Braços de IP'!$D$14),'Braços de IP'!$E$14,"ERRO"))))))) -> Médio I | CV17: =IF($CU17="","",VLOOKUP($CU17,'Braços de IP'!$E$9:$I$15,2,0)) | CW17: =IF($CU17="","",VLOOKUP($CU17,'Braços de IP'!$E$9:$I$15,5,0)) | DD17: =CN17 -> 0 | DE17: =K17 -> 96 | DF17: =SUM(DD17:DE17)*CM17 -> 96 | DG17: =1-DD17/DE17 -> 1 | DK17: Sim | DN17: =((K17+L17)-CN17)/(K17+L17) -> #VALUE! | DP17: V5 | DQ17: =COUNTIF(G:G,DP17)/3 -> 0 | DR17: =DQ17/$DQ$434 -> #DIV/0! | DS17: =DQ17/SUM($DQ$326:$DQ$353) -> #DIV/0!
A18: Verificar preenchimento de dados como largura dos passeios e pista, | B18: 47 | C18: PVP | D18: Rua VoluntA!rios da PA!tria | E18: -8.02981 | F18: -34.883201 | G18: C3 | H18: - | I18: P6 | J18: LED | K18: 96 | L18: Interno | M18: 0 | N18: =K18*AE18*2 -> 192 | O18: 2 | V18: 0 | Y18: 0 | Z18: 0 | AA18: Unilateral | AB18: Braço | AC18: 38.9 | AD18: 7.16 | AE18: 1 | AF18: 1.23 | AG18: 1.51 | AH18: =AG18-AF18 -> 0.28 | AI18: - | AJ18: - | AK18: Não | AL18: =IF(AA18="Unilateral",2*AE18,IF(AA18="Bilateral Alternada",3*AE18,IF(AA18="Bilateral Frontal",4*AE18,IF(AA18="Canteiro Central",2*AE18,"erro")))) -> 2 | AM18: 0 | AO18: 0 | AP18: 0 | AQ18: 0 | AR18: - | AS18: =IF(AM18=0,0,IF(AA18="Unilateral",2*AM18,IF(AA18="Bilateral Alternada",3*AM18,IF(AA18="Bilateral Frontal",4*AM18,IF(AA18="Canteiro Central",2*AM18,"erro"))))) -> 0 | AU18: =VLOOKUP(G18,ABNT5101!$I$3:$J$9,2) -> 15 | AV18: =VLOOKUP(G18,ABNT5101!$I$3:$M$9,5) -> 0.18 | AW18: =_xlfn.XLOOKUP(G18,ABNT5101!I:I,ABNT5101!L:L) -> - | AX18: =_xlfn.XLOOKUP(G18,ABNT5101!$I:$I,ABNT5101!M:M) -> 0.18 | AY18: =_xlfn.XLOOKUP(G18,ABNT5101!$I:$I,ABNT5101!N:N) -> - | AZ18: =_xlfn.XLOOKUP(G18,ABNT5101!$I:$I,ABNT5101!O:O) -> 15 | BA18: =IF(BK18="NÃO ATENDE","NÃO ATENDE",IF(BV18="NÃO ATENDE","NÃO ATENDE",IF(CE18="NÃO ATENDE","NÃO ATENDE","ATENDE"))) -> NÃO ATENDE | BB18: =BE18/AU18-1 -> -1 | BC18: =BF18/AV18-1 -> -1 | BD18: =IF($G18="M6",BG18/AW18-1,"-") -> - | BK18: =IF(OR(BL18="NÃO ATENDE",BM18="NÃO ATENDE",BN18="NÃO ATENDE"),"NÃO ATENDE","ATENDE") -> NÃO ATENDE | BL18: =IF(BE18>=AU18,"ATENDE",IF(BE18>=0.99*AU18,"ATENDIMENTO LIMIAR","NÃO ATENDE")) -> NÃO ATENDE | BM18: =IF(BF18>=AV18,"ATENDE",IF(BF18>=(AV18-0.02),"ATENDIMENTO LIMIAR","NÃO ATENDE")) -> NÃO ATENDE | BN18: =IF(AW18="-","ATENDE",IF(BG18>=AW18,"ATENDE",IF(BG18>=(AW18-0.02),"ATENDIMENTO LIMIAR","NÃO ATENDE"))) -> ATENDE | BO18: =G18 -> C3 | BP18: =I18 -> P6 | BQ18: =IF(BR18="-","-",BR18/BT18-1) -> -1 | BT18: =IF(BP18="-","-",_xlfn.XLOOKUP(BP18,ABNT5101!$B$4:$B$9,ABNT5101!$C$4:$C$9)) -> 3 | BU18: =IF(BP18="-","-",_xlfn.XLOOKUP(BP18,ABNT5101!$B$4:$B$9,ABNT5101!$D$4:$D$9)) -> 0.6 | BV18: =IF(BW18="-","-",IF(BW18="NÃO ATENDE","NÃO ATENDE",IF(BX18="NÃO ATENDE","NÃO ATENDE","ATENDE"))) -> NÃO ATENDE | BW18: =IF(BP18="-","-",IF(BR18>=BT18,"ATENDE",IF(BR18>=(BT18*0.99),"ATENDIMENTO LIMIAR","NÃO ATENDE"))) -> NÃO ATENDE | BX18: =IF(BP18="-","-",IF(BS18>=BU18,"ATENDE","NÃO ATENDE")) -> NÃO ATENDE | BY18: =BP18 -> P6 | BZ18: =IF(CA18="-","-",CA18/CC18-1) -> -1 | CC18: =IF(BY18="-","-",_xlfn.XLOOKUP(BY18,ABNT5101!$B$4:$B$9,ABNT5101!$C$4:$C$9)) -> 3 | CD18: =IF(BY18="-","-",_xlfn.XLOOKUP(BY18,ABNT5101!$B$4:$B$9,ABNT5101!$D$4:$D$9)) -> 0.6 | CE18: =IF(CF18="-","-",IF(CF18="NÃO ATENDE","NÃO ATENDE",IF(CG18="NÃO ATENDE","NÃO ATENDE","ATENDE"))) -> NÃO ATENDE | CF18: =IF(BY18="-","-",IF(CA18>=(CC18),"ATENDE",IF(CA18>=(0.99*CC18),"ATENDIMENTO LIMIAR","NÃO ATENDE"))) -> NÃO ATENDE | CG18: =IF(BY18="-","-",IF(CB18>=CD18,"ATENDE","NÃO ATENDE")) -> NÃO ATENDE | CH18: =_xlfn.XLOOKUP(CI18,'Banco de dados'!$B:$B,'Banco de dados'!$D:$D) -> #N/A | CJ18: =_xlfn.XLOOKUP(CI18,'Banco de dados'!$B:$B,'Banco de dados'!$E:$E) -> #N/A | CL18: =IF(CK18="-","-",_xlfn.XLOOKUP(CK18,'Banco de dados'!$B:$B,'Banco de dados'!$E:$E)) -> #N/A | CM18: =AE18 -> 1 | CN18: =_xlfn.XLOOKUP(CI18,'Banco de dados'!$B:$B,'Banco de dados'!$H:$H) -> 0 | CO18: {=_xludf.XLOOKUP(CK18,'Banco de dados'!$B:$B,'Banco de dados'!$H:$H)} -> #NAME? | CP18: {=_xludf.XLOOKUP(CI18,'Banco de dados'!$B:$B,'Banco de dados'!$F:$F)} -> #NAME? | CQ18: {=_xludf.XLOOKUP(CK18,'Banco de dados'!$B:$B,'Banco de dados'!$F:$F)} -> #NAME? | CR18: 0 | CT18: =IF(AG18=0.5,"Suporte",IF(AND(AG18>='Braços de IP'!$B$9,AG18<='Braços de IP'!$D$9),'Braços de IP'!$E$9,IF(AND(AG18>='Braços de IP'!$B$10,AG18<='Braços de IP'!$D$10),'Braços de IP'!$E$10,IF(AND(AG18>='Braços de IP'!$B$11,AG18<='Braços de IP'!$D$11),'Braços de IP'!$E$11,IF(AND(AG18>='Braços de IP'!$B$12,AG18<='Braços de IP'!$D$12),'Braços de IP'!$E$12,IF(AND(AG18>='Braços de IP'!$B$13,AG18<='Braços de IP'!$D$13),'Braços de IP'!$E$13,IF(AND(AG18>='Braços de IP'!$B$14,AG18<='Braços de IP'!$D$14),'Braços de IP'!$E$14,"ERRO"))))))) -> Médio I | CV18: =IF($CU18="","",VLOOKUP($CU18,'Braços de IP'!$E$9:$I$15,2,0)) | CW18: =IF($CU18="","",VLOOKUP($CU18,'Braços de IP'!$E$9:$I$15,5,0)) | DD18: =CN18 -> 0 | DE18: =K18 -> 96 | DF18: =SUM(DD18:DE18)*CM18 -> 96 | DG18: =1-DD18/DE18 -> 1 | DK18: Sim | DN18: =((K18+L18)-CN18)/(K18+L18) -> #VALUE! | DP18: V5 | DQ18: =COUNTIF(G:G,DP18)/3 -> 0 | DR18: =DQ18/$DQ$434 -> #DIV/0! | DS18: =DQ18/SUM($DQ$326:$DQ$353) -> #DIV/0!
A19: Verificar preenchimento de dados como largura dos passeios e pista, | B19: 47 | C19: PVP | D19: Rua VoluntA!rios da PA!tria | E19: -8.02981 | F19: -34.883201 | G19: C3 | H19: - | I19: P6 | J19: LED | K19: 96 | L19: Interno | M19: 0 | N19: =K19*AE19*2 -> 192 | O19: 2 | V19: 0 | Y19: 0 | Z19: 0 | AA19: Unilateral | AB19: Braço | AC19: 38.9 | AD19: 7.16 | AE19: 1 | AF19: 1.23 | AG19: 1.51 | AH19: =AG19-AF19 -> 0.28 | AI19: - | AJ19: - | AK19: Não | AL19: =IF(AA19="Unilateral",2*AE19,IF(AA19="Bilateral Alternada",3*AE19,IF(AA19="Bilateral Frontal",4*AE19,IF(AA19="Canteiro Central",2*AE19,"erro")))) -> 2 | AM19: 0 | AO19: 0 | AP19: 0 | AQ19: 0 | AR19: - | AS19: =IF(AM19=0,0,IF(AA19="Unilateral",2*AM19,IF(AA19="Bilateral Alternada",3*AM19,IF(AA19="Bilateral Frontal",4*AM19,IF(AA19="Canteiro Central",2*AM19,"erro"))))) -> 0 | AU19: =VLOOKUP(G19,ABNT5101!$I$3:$J$9,2) -> 15 | AV19: =VLOOKUP(G19,ABNT5101!$I$3:$M$9,5) -> 0.18 | AW19: =_xlfn.XLOOKUP(G19,ABNT5101!I:I,ABNT5101!L:L) -> - | AX19: =_xlfn.XLOOKUP(G19,ABNT5101!$I:$I,ABNT5101!M:M) -> 0.18 | AY19: =_xlfn.XLOOKUP(G19,ABNT5101!$I:$I,ABNT5101!N:N) -> - | AZ19: =_xlfn.XLOOKUP(G19,ABNT5101!$I:$I,ABNT5101!O:O) -> 15 | BA19: =IF(BK19="NÃO ATENDE","NÃO ATENDE",IF(BV19="NÃO ATENDE","NÃO ATENDE",IF(CE19="NÃO ATENDE","NÃO ATENDE","ATENDE"))) -> NÃO ATENDE | BB19: =BE19/AU19-1 -> -1 | BC19: =BF19/AV19-1 -> -1 | BD19: =IF($G19="M6",BG19/AW19-1,"-") -> - | BK19: =IF(OR(BL19="NÃO ATENDE",BM19="NÃO ATENDE",BN19="NÃO ATENDE"),"NÃO ATENDE","ATENDE") -> NÃO ATENDE | BL19: =IF(BE19>=AU19,"ATENDE",IF(BE19>=0.99*AU19,"ATENDIMENTO LIMIAR","NÃO ATENDE")) -> NÃO ATENDE | BM19: =IF(BF19>=AV19,"ATENDE",IF(BF19>=(AV19-0.02),"ATENDIMENTO LIMIAR","NÃO ATENDE")) -> NÃO ATENDE | BN19: =IF(AW19="-","ATENDE",IF(BG19>=AW19,"ATENDE",IF(BG19>=(AW19-0.02),"ATENDIMENTO LIMIAR","NÃO ATENDE"))) -> ATENDE | BO19: =G19 -> C3 | BP19: =I19 -> P6 | BQ19: =IF(BR19="-","-",BR19/BT19-1) -> -1 | BT19: =IF(BP19="-","-",_xlfn.XLOOKUP(BP19,ABNT5101!$B$4:$B$9,ABNT5101!$C$4:$C$9)) -> 3 | BU19: =IF(BP19="-","-",_xlfn.XLOOKUP(BP19,ABNT5101!$B$4:$B$9,ABNT5101!$D$4:$D$9)) -> 0.6 | BV19: =IF(BW19="-","-",IF(BW19="NÃO ATENDE","NÃO ATENDE",IF(BX19="NÃO ATENDE","NÃO ATENDE","ATENDE"))) -> NÃO ATENDE | BW19: =IF(BP19="-","-",IF(BR19>=BT19,"ATENDE",IF(BR19>=(BT19*0.99),"ATENDIMENTO LIMIAR","NÃO ATENDE"))) -> NÃO ATENDE | BX19: =IF(BP19="-","-",IF(BS19>=BU19,"ATENDE","NÃO ATENDE")) -> NÃO ATENDE | BY19: =BP19 -> P6 | BZ19: =IF(CA19="-","-",CA19/CC19-1) -> -1 | CC19: =IF(BY19="-","-",_xlfn.XLOOKUP(BY19,ABNT5101!$B$4:$B$9,ABNT5101!$C$4:$C$9)) -> 3 | CD19: =IF(BY19="-","-",_xlfn.XLOOKUP(BY19,ABNT5101!$B$4:$B$9,ABNT5101!$D$4:$D$9)) -> 0.6 | CE19: =IF(CF19="-","-",IF(CF19="NÃO ATENDE","NÃO ATENDE",IF(CG19="NÃO ATENDE","NÃO ATENDE","ATENDE"))) -> NÃO ATENDE | CF19: =IF(BY19="-","-",IF(CA19>=(CC19),"ATENDE",IF(CA19>=(0.99*CC19),"ATENDIMENTO LIMIAR","NÃO ATENDE"))) -> NÃO ATENDE | CG19: =IF(BY19="-","-",IF(CB19>=CD19,"ATENDE","NÃO ATENDE")) -> NÃO ATENDE | CH19: =_xlfn.XLOOKUP(CI19,'Banco de dados'!$B:$B,'Banco de dados'!$D:$D) -> #N/A | CJ19: =_xlfn.XLOOKUP(CI19,'Banco de dados'!$B:$B,'Banco de dados'!$E:$E) -> #N/A | CL19: =IF(CK19="-","-",_xlfn.XLOOKUP(CK19,'Banco de dados'!$B:$B,'Banco de dados'!$E:$E)) -> #N/A | CM19: =AE19 -> 1 | CN19: =_xlfn.XLOOKUP(CI19,'Banco de dados'!$B:$B,'Banco de dados'!$H:$H) -> 0 | CO19: {=_xludf.XLOOKUP(CK19,'Banco de dados'!$B:$B,'Banco de dados'!$H:$H)} -> #NAME? | CP19: {=_xludf.XLOOKUP(CI19,'Banco de dados'!$B:$B,'Banco de dados'!$F:$F)} -> #NAME? | CQ19: {=_xludf.XLOOKUP(CK19,'Banco de dados'!$B:$B,'Banco de dados'!$F:$F)} -> #NAME? | CR19: 0 | CT19: =IF(AG19=0.5,"Suporte",IF(AND(AG19>='Braços de IP'!$B$9,AG19<='Braços de IP'!$D$9),'Braços de IP'!$E$9,IF(AND(AG19>='Braços de IP'!$B$10,AG19<='Braços de IP'!$D$10),'Braços de IP'!$E$10,IF(AND(AG19>='Braços de IP'!$B$11,AG19<='Braços de IP'!$D$11),'Braços de IP'!$E$11,IF(AND(AG19>='Braços de IP'!$B$12,AG19<='Braços de IP'!$D$12),'Braços de IP'!$E$12,IF(AND(AG19>='Braços de IP'!$B$13,AG19<='Braços de IP'!$D$13),'Braços de IP'!$E$13,IF(AND(AG19>='Braços de IP'!$B$14,AG19<='Braços de IP'!$D$14),'Braços de IP'!$E$14,"ERRO"))))))) -> Médio I | CV19: =IF($CU19="","",VLOOKUP($CU19,'Braços de IP'!$E$9:$I$15,2,0)) | CW19: =IF($CU19="","",VLOOKUP($CU19,'Braços de IP'!$E$9:$I$15,5,0)) | DD19: =CN19 -> 0 | DE19: =K19 -> 96 | DF19: =SUM(DD19:DE19)*CM19 -> 96 | DG19: =1-DD19/DE19 -> 1 | DK19: Sim | DN19: =((K19+L19)-CN19)/(K19+L19) -> #VALUE! | DP19: V5 | DQ19: =COUNTIF(G:G,DP19)/3 -> 0 | DR19: =DQ19/$DQ$434 -> #DIV/0! | DS19: =DQ19/SUM($DQ$326:$DQ$353) -> #DIV/0!
A20: Verificar preenchimento de dados como largura dos passeios e pista, | B20: 48 | C20: PVP | D20: Real Da Torre | E20: -8.042775 | F20: -34.908772 | G20: C5 | H20: - | I20: P6 | J20: LED | K20: 96 | L20: Interno | M20: 0 | N20: =K20*AE20*2 -> 192 | O20: 2 | V20: 0 | Y20: 0 | Z20: 0 | AA20: Unilateral | AB20: Braço | AD20: 6.55 | AE20: 1 | AF20: 0.87 | AG20: 1.72 | AH20: =AG20-AF20 -> 0.85 | AI20: - | AJ20: - | AK20: Não | AL20: =IF(AA20="Unilateral",2*AE20,IF(AA20="Bilateral Alternada",3*AE20,IF(AA20="Bilateral Frontal",4*AE20,IF(AA20="Canteiro Central",2*AE20,"erro")))) -> 2 | AM20: 0 | AO20: 0 | AP20: 0 | AQ20: 0 | AR20: - | AS20: =IF(AM20=0,0,IF(AA20="Unilateral",2*AM20,IF(AA20="Bilateral Alternada",3*AM20,IF(AA20="Bilateral Frontal",4*AM20,IF(AA20="Canteiro Central",2*AM20,"erro"))))) -> 0 | AU20: =VLOOKUP(G20,ABNT5101!$I$3:$J$9,2) -> 7.5 | AV20: =VLOOKUP(G20,ABNT5101!$I$3:$M$9,5) -> 0.18 | AW20: =_xlfn.XLOOKUP(G20,ABNT5101!I:I,ABNT5101!L:L) -> - | AX20: =_xlfn.XLOOKUP(G20,ABNT5101!$I:$I,ABNT5101!M:M) -> 0.18 | AY20: =_xlfn.XLOOKUP(G20,ABNT5101!$I:$I,ABNT5101!N:N) -> - | AZ20: =_xlfn.XLOOKUP(G20,ABNT5101!$I:$I,ABNT5101!O:O) -> 16 | BA20: =IF(BK20="NÃO ATENDE","NÃO ATENDE",IF(BV20="NÃO ATENDE","NÃO ATENDE",IF(CE20="NÃO ATENDE","NÃO ATENDE","ATENDE"))) -> NÃO ATENDE | BB20: =BE20/AU20-1 -> 0.484 | BC20: =BF20/AV20-1 -> 0.27777778 | BD20: =IF($G20="M6",BG20/AW20-1,"-") -> - | BE20: 11.13 | BF20: 0.23 | BK20: =IF(OR(BL20="NÃO ATENDE",BM20="NÃO ATENDE",BN20="NÃO ATENDE"),"NÃO ATENDE","ATENDE") -> ATENDE | BL20: =IF(BE20>=AU20,"ATENDE",IF(BE20>=0.99*AU20,"ATENDIMENTO LIMIAR","NÃO ATENDE")) -> ATENDE | BM20: =IF(BF20>=AV20,"ATENDE",IF(BF20>=(AV20-0.02),"ATENDIMENTO LIMIAR","NÃO ATENDE")) -> ATENDE | BN20: =IF(AW20="-","ATENDE",IF(BG20>=AW20,"ATENDE",IF(BG20>=(AW20-0.02),"ATENDIMENTO LIMIAR","NÃO ATENDE"))) -> ATENDE | BO20: =G20 -> C5 | BP20: =I20 -> P6 | BQ20: =IF(BR20="-","-",BR20/BT20-1) -> 1.01 | BR20: 6.03 | BS20: 1.04 | BT20: =IF(BP20="-","-",_xlfn.XLOOKUP(BP20,ABNT5101!$B$4:$B$9,ABNT5101!$C$4:$C$9)) -> 3 | BU20: =IF(BP20="-","-",_xlfn.XLOOKUP(BP20,ABNT5101!$B$4:$B$9,ABNT5101!$D$4:$D$9)) -> 0.6 | BV20: =IF(BW20="-","-",IF(BW20="NÃO ATENDE","NÃO ATENDE",IF(BX20="NÃO ATENDE","NÃO ATENDE","ATENDE"))) -> ATENDE | BW20: =IF(BP20="-","-",IF(BR20>=BT20,"ATENDE",IF(BR20>=(BT20*0.99),"ATENDIMENTO LIMIAR","NÃO ATENDE"))) -> ATENDE | BX20: =IF(BP20="-","-",IF(BS20>=BU20,"ATENDE","NÃO ATENDE")) -> ATENDE | BY20: =BP20 -> P6 | BZ20: =IF(CA20="-","-",CA20/CC20-1) -> 0.67666667 | CA20: 5.03 | CB20: 0.56 | CC20: =IF(BY20="-","-",_xlfn.XLOOKUP(BY20,ABNT5101!$B$4:$B$9,ABNT5101!$C$4:$C$9)) -> 3 | CD20: =IF(BY20="-","-",_xlfn.XLOOKUP(BY20,ABNT5101!$B$4:$B$9,ABNT5101!$D$4:$D$9)) -> 0.6 | CE20: =IF(CF20="-","-",IF(CF20="NÃO ATENDE","NÃO ATENDE",IF(CG20="NÃO ATENDE","NÃO ATENDE","ATENDE"))) -> NÃO ATENDE | CF20: =IF(BY20="-","-",IF(CA20>=(CC20),"ATENDE",IF(CA20>=(0.99*CC20),"ATENDIMENTO LIMIAR","NÃO ATENDE"))) -> ATENDE | CG20: =IF(BY20="-","-",IF(CB20>=CD20,"ATENDE","NÃO ATENDE")) -> NÃO ATENDE | CH20: =_xlfn.XLOOKUP(CI20,'Banco de dados'!$B:$B,'Banco de dados'!$D:$D) -> #N/A | CJ20: =_xlfn.XLOOKUP(CI20,'Banco de dados'!$B:$B,'Banco de dados'!$E:$E) -> #N/A | CL20: =IF(CK20="-","-",_xlfn.XLOOKUP(CK20,'Banco de dados'!$B:$B,'Banco de dados'!$E:$E)) -> #N/A | CM20: =AE20 -> 1 | CN20: =_xlfn.XLOOKUP(CI20,'Banco de dados'!$B:$B,'Banco de dados'!$H:$H) -> 0 | CO20: {=_xludf.XLOOKUP(CK20,'Banco de dados'!$B:$B,'Banco de dados'!$H:$H)} -> #NAME? | CP20: {=_xludf.XLOOKUP(CI20,'Banco de dados'!$B:$B,'Banco de dados'!$F:$F)} -> #NAME? | CQ20: {=_xludf.XLOOKUP(CK20,'Banco de dados'!$B:$B,'Banco de dados'!$F:$F)} -> #NAME? | CR20: 0 | CT20: =IF(AG20=0.5,"Suporte",IF(AND(AG20>='Braços de IP'!$B$9,AG20<='Braços de IP'!$D$9),'Braços de IP'!$E$9,IF(AND(AG20>='Braços de IP'!$B$10,AG20<='Braços de IP'!$D$10),'Braços de IP'!$E$10,IF(AND(AG20>='Braços de IP'!$B$11,AG20<='Braços de IP'!$D$11),'Braços de IP'!$E$11,IF(AND(AG20>='Braços de IP'!$B$12,AG20<='Braços de IP'!$D$12),'Braços de IP'!$E$12,IF(AND(AG20>='Braços de IP'!$B$13,AG20<='Braços de IP'!$D$13),'Braços de IP'!$E$13,IF(AND(AG20>='Braços de IP'!$B$14,AG20<='Braços de IP'!$D$14),'Braços de IP'!$E$14,"ERRO"))))))) -> Médio I | CV20: =IF($CU20="","",VLOOKUP($CU20,'Braços de IP'!$E$9:$I$15,2,0)) | CW20: =IF($CU20="","",VLOOKUP($CU20,'Braços de IP'!$E$9:$I$15,5,0)) | DD20: =CN20 -> 0 | DE20: =K20 -> 96 | DF20: =SUM(DD20:DE20)*CM20 -> 96 | DG20: =1-DD20/DE20 -> 1 | DK20: Sim | DN20: =((K20+L20)-CN20)/(K20+L20) -> #VALUE! | DP20: V5 | DQ20: =COUNTIF(G:G,DP20)/3 -> 0 | DR20: =DQ20/$DQ$434 -> #DIV/0! | DS20: =DQ20/SUM($DQ$326:$DQ$353) -> #DIV/0!
A21: Verificar preenchimento de dados como largura dos passeios e pista, | B21: 48 | C21: PVP | D21: Real Da Torre | E21: -8.042775 | F21: -34.908772 | G21: C5 | H21: - | I21: P6 | J21: LED | K21: 96 | L21: Interno | M21: 0 | N21: =K21*AE21*2 -> 192 | O21: 2 | V21: 0 | Y21: 0 | Z21: 0 | AA21: Unilateral | AB21: Braço | AD21: 6.55 | AE21: 1 | AF21: 0.87 | AG21: 1.72 | AH21: =AG21-AF21 -> 0.85 | AI21: - | AJ21: - | AK21: Não | AL21: =IF(AA21="Unilateral",2*AE21,IF(AA21="Bilateral Alternada",3*AE21,IF(AA21="Bilateral Frontal",4*AE21,IF(AA21="Canteiro Central",2*AE21,"erro")))) -> 2 | AM21: 0 | AO21: 0 | AP21: 0 | AQ21: 0 | AR21: - | AS21: =IF(AM21=0,0,IF(AA21="Unilateral",2*AM21,IF(AA21="Bilateral Alternada",3*AM21,IF(AA21="Bilateral Frontal",4*AM21,IF(AA21="Canteiro Central",2*AM21,"erro"))))) -> 0 | AU21: =VLOOKUP(G21,ABNT5101!$I$3:$J$9,2) -> 7.5 | AV21: =VLOOKUP(G21,ABNT5101!$I$3:$M$9,5) -> 0.18 | AW21: =_xlfn.XLOOKUP(G21,ABNT5101!I:I,ABNT5101!L:L) -> - | AX21: =_xlfn.XLOOKUP(G21,ABNT5101!$I:$I,ABNT5101!M:M) -> 0.18 | AY21: =_xlfn.XLOOKUP(G21,ABNT5101!$I:$I,ABNT5101!N:N) -> - | AZ21: =_xlfn.XLOOKUP(G21,ABNT5101!$I:$I,ABNT5101!O:O) -> 16 | BA21: =IF(BK21="NÃO ATENDE","NÃO ATENDE",IF(BV21="NÃO ATENDE","NÃO ATENDE",IF(CE21="NÃO ATENDE","NÃO ATENDE","ATENDE"))) -> ATENDE | BB21: =BE21/AU21-1 -> 1.4733333 | BC21: =BF21/AV21-1 -> 0.44444444 | BD21: =IF($G21="M6",BG21/AW21-1,"-") -> - | BE21: 18.55 | BF21: 0.26 | BK21: =IF(OR(BL21="NÃO ATENDE",BM21="NÃO ATENDE",BN21="NÃO ATENDE"),"NÃO ATENDE","ATENDE") -> ATENDE | BL21: =IF(BE21>=AU21,"ATENDE",IF(BE21>=0.99*AU21,"ATENDIMENTO LIMIAR","NÃO ATENDE")) -> ATENDE | BM21: =IF(BF21>=AV21,"ATENDE",IF(BF21>=(AV21-0.02),"ATENDIMENTO LIMIAR","NÃO ATENDE")) -> ATENDE | BN21: =IF(AW21="-","ATENDE",IF(BG21>=AW21,"ATENDE",IF(BG21>=(AW21-0.02),"ATENDIMENTO LIMIAR","NÃO ATENDE"))) -> ATENDE | BO21: =G21 -> C5 | BP21: =I21 -> P6 | BQ21: =IF(BR21="-","-",BR21/BT21-1) -> 2.1566667 | BR21: 9.47 | BS21: 1.04 | BT21: =IF(BP21="-","-",_xlfn.XLOOKUP(BP21,ABNT5101!$B$4:$B$9,ABNT5101!$C$4:$C$9)) -> 3 | BU21: =IF(BP21="-","-",_xlfn.XLOOKUP(BP21,ABNT5101!$B$4:$B$9,ABNT5101!$D$4:$D$9)) -> 0.6 | BV21: =IF(BW21="-","-",IF(BW21="NÃO ATENDE","NÃO ATENDE",IF(BX21="NÃO ATENDE","NÃO ATENDE","ATENDE"))) -> ATENDE | BW21: =IF(BP21="-","-",IF(BR21>=BT21,"ATENDE",IF(BR21>=(BT21*0.99),"ATENDIMENTO LIMIAR","NÃO ATENDE"))) -> ATENDE | BX21: =IF(BP21="-","-",IF(BS21>=BU21,"ATENDE","NÃO ATENDE")) -> ATENDE | BY21: =BP21 -> P6 | BZ21: =IF(CA21="-","-",CA21/CC21-1) -> 1.5766667 | CA21: 7.73 | CB21: 0.65 | CC21: =IF(BY21="-","-",_xlfn.XLOOKUP(BY21,ABNT5101!$B$4:$B$9,ABNT5101!$C$4:$C$9)) -> 3 | CD21: =IF(BY21="-","-",_xlfn.XLOOKUP(BY21,ABNT5101!$B$4:$B$9,ABNT5101!$D$4:$D$9)) -> 0.6 | CE21: =IF(CF21="-","-",IF(CF21="NÃO ATENDE","NÃO ATENDE",IF(CG21="NÃO ATENDE","NÃO ATENDE","ATENDE"))) -> ATENDE | CF21: =IF(BY21="-","-",IF(CA21>=(CC21),"ATENDE",IF(CA21>=(0.99*CC21),"ATENDIMENTO LIMIAR","NÃO ATENDE"))) -> ATENDE | CG21: =IF(BY21="-","-",IF(CB21>=CD21,"ATENDE","NÃO ATENDE")) -> ATENDE | CH21: =_xlfn.XLOOKUP(CI21,'Banco de dados'!$B:$B,'Banco de dados'!$D:$D) -> #N/A | CJ21: =_xlfn.XLOOKUP(CI21,'Banco de dados'!$B:$B,'Banco de dados'!$E:$E) -> #N/A | CL21: =IF(CK21="-","-",_xlfn.XLOOKUP(CK21,'Banco de dados'!$B:$B,'Banco de dados'!$E:$E)) -> #N/A | CM21: =AE21 -> 1 | CN21: =_xlfn.XLOOKUP(CI21,'Banco de dados'!$B:$B,'Banco de dados'!$H:$H) -> 0 | CO21: {=_xludf.XLOOKUP(CK21,'Banco de dados'!$B:$B,'Banco de dados'!$H:$H)} -> #NAME? | CP21: {=_xludf.XLOOKUP(CI21,'Banco de dados'!$B:$B,'Banco de dados'!$F:$F)} -> #NAME? | CQ21: {=_xludf.XLOOKUP(CK21,'Banco de dados'!$B:$B,'Banco de dados'!$F:$F)} -> #NAME? | CR21: 0 | CT21: =IF(AG21=0.5,"Suporte",IF(AND(AG21>='Braços de IP'!$B$9,AG21<='Braços de IP'!$D$9),'Braços de IP'!$E$9,IF(AND(AG21>='Braços de IP'!$B$10,AG21<='Braços de IP'!$D$10),'Braços de IP'!$E$10,IF(AND(AG21>='Braços de IP'!$B$11,AG21<='Braços de IP'!$D$11),'Braços de IP'!$E$11,IF(AND(AG21>='Braços de IP'!$B$12,AG21<='Braços de IP'!$D$12),'Braços de IP'!$E$12,IF(AND(AG21>='Braços de IP'!$B$13,AG21<='Braços de IP'!$D$13),'Braços de IP'!$E$13,IF(AND(AG21>='Braços de IP'!$B$14,AG21<='Braços de IP'!$D$14),'Braços de IP'!$E$14,"ERRO"))))))) -> Médio I | CV21: =IF($CU21="","",VLOOKUP($CU21,'Braços de IP'!$E$9:$I$15,2,0)) | CW21: =IF($CU21="","",VLOOKUP($CU21,'Braços de IP'!$E$9:$I$15,5,0)) | DD21: =CN21 -> 0 | DE21: =K21 -> 96 | DF21: =SUM(DD21:DE21)*CM21 -> 96 | DG21: =1-DD21/DE21 -> 1 | DK21: Sim | DN21: =((K21+L21)-CN21)/(K21+L21) -> #VALUE! | DP21: V5 | DQ21: =COUNTIF(G:G,DP21)/3 -> 0 | DR21: =DQ21/$DQ$434 -> #DIV/0! | DS21: =DQ21/SUM($DQ$326:$DQ$353) -> #DIV/0!
A22: Verificar preenchimento de dados como largura dos passeios e pista, | B22: 48 | C22: PVP | D22: Real Da Torre | E22: -8.042775 | F22: -34.908772 | G22: C5 | H22: - | I22: P6 | J22: LED | K22: 96 | L22: Interno | M22: 0 | N22: =K22*AE22*2 -> 192 | O22: 2 | V22: 0 | Y22: 0 | Z22: 0 | AA22: Unilateral | AB22: Braço | AD22: 6.55 | AE22: 1 | AF22: 0.87 | AG22: 1.72 | AH22: =AG22-AF22 -> 0.85 | AI22: - | AJ22: - | AK22: Não | AL22: =IF(AA22="Unilateral",2*AE22,IF(AA22="Bilateral Alternada",3*AE22,IF(AA22="Bilateral Frontal",4*AE22,IF(AA22="Canteiro Central",2*AE22,"erro")))) -> 2 | AM22: 0 | AO22: 0 | AP22: 0 | AQ22: 0 | AR22: - | AS22: =IF(AM22=0,0,IF(AA22="Unilateral",2*AM22,IF(AA22="Bilateral Alternada",3*AM22,IF(AA22="Bilateral Frontal",4*AM22,IF(AA22="Canteiro Central",2*AM22,"erro"))))) -> 0 | AU22: =VLOOKUP(G22,ABNT5101!$I$3:$J$9,2) -> 7.5 | AV22: =VLOOKUP(G22,ABNT5101!$I$3:$M$9,5) -> 0.18 | AW22: =_xlfn.XLOOKUP(G22,ABNT5101!I:I,ABNT5101!L:L) -> - | AX22: =_xlfn.XLOOKUP(G22,ABNT5101!$I:$I,ABNT5101!M:M) -> 0.18 | AY22: =_xlfn.XLOOKUP(G22,ABNT5101!$I:$I,ABNT5101!N:N) -> - | AZ22: =_xlfn.XLOOKUP(G22,ABNT5101!$I:$I,ABNT5101!O:O) -> 16 | BA22: =IF(BK22="NÃO ATENDE","NÃO ATENDE",IF(BV22="NÃO ATENDE","NÃO ATENDE",IF(CE22="NÃO ATENDE","NÃO ATENDE","ATENDE"))) -> ATENDE | BB22: =BE22/AU22-1 -> 0.30133333 | BC22: =BF22/AV22-1 -> 0.77777778 | BD22: =IF($G22="M6",BG22/AW22-1,"-") -> - | BE22: 9.76 | BF22: 0.32 | BK22: =IF(OR(BL22="NÃO ATENDE",BM22="NÃO ATENDE",BN22="NÃO ATENDE"),"NÃO ATENDE","ATENDE") -> ATENDE | BL22: =IF(BE22>=AU22,"ATENDE",IF(BE22>=0.99*AU22,"ATENDIMENTO LIMIAR","NÃO ATENDE")) -> ATENDE | BM22: =IF(BF22>=AV22,"ATENDE",IF(BF22>=(AV22-0.02),"ATENDIMENTO LIMIAR","NÃO ATENDE")) -> ATENDE | BN22: =IF(AW22="-","ATENDE",IF(BG22>=AW22,"ATENDE",IF(BG22>=(AW22-0.02),"ATENDIMENTO LIMIAR","NÃO ATENDE"))) -> ATENDE | BO22: =G22 -> C5 | BP22: =I22 -> P6 | BQ22: =IF(BR22="-","-",BR22/BT22-1) -> 0.77333333 | BR22: 5.32 | BS22: 1.35 | BT22: =IF(BP22="-","-",_xlfn.XLOOKUP(BP22,ABNT5101!$B$4:$B$9,ABNT5101!$C$4:$C$9)) -> 3 | BU22: =IF(BP22="-","-",_xlfn.XLOOKUP(BP22,ABNT5101!$B$4:$B$9,ABNT5101!$D$4:$D$9)) -> 0.6 | BV22: =IF(BW22="-","-",IF(BW22="NÃO ATENDE","NÃO ATENDE",IF(BX22="NÃO ATENDE","NÃO ATENDE","ATENDE"))) -> ATENDE | BW22: =IF(BP22="-","-",IF(BR22>=BT22,"ATENDE",IF(BR22>=(BT22*0.99),"ATENDIMENTO LIMIAR","NÃO ATENDE"))) -> ATENDE | BX22: =IF(BP22="-","-",IF(BS22>=BU22,"ATENDE","NÃO ATENDE")) -> ATENDE | BY22: =BP22 -> P6 | BZ22: =IF(CA22="-","-",CA22/CC22-1) -> 0.42333333 | CA22: 4.27 | CB22: 0.68 | CC22: =IF(BY22="-","-",_xlfn.XLOOKUP(BY22,ABNT5101!$B$4:$B$9,ABNT5101!$C$4:$C$9)) -> 3 | CD22: =IF(BY22="-","-",_xlfn.XLOOKUP(BY22,ABNT5101!$B$4:$B$9,ABNT5101!$D$4:$D$9)) -> 0.6 | CE22: =IF(CF22="-","-",IF(CF22="NÃO ATENDE","NÃO ATENDE",IF(CG22="NÃO ATENDE","NÃO ATENDE","ATENDE"))) -> ATENDE | CF22: =IF(BY22="-","-",IF(CA22>=(CC22),"ATENDE",IF(CA22>=(0.99*CC22),"ATENDIMENTO LIMIAR","NÃO ATENDE"))) -> ATENDE | CG22: =IF(BY22="-","-",IF(CB22>=CD22,"ATENDE","NÃO ATENDE")) -> ATENDE | CH22: =_xlfn.XLOOKUP(CI22,'Banco de dados'!$B:$B,'Banco de dados'!$D:$D) -> #N/A | CJ22: =_xlfn.XLOOKUP(CI22,'Banco de dados'!$B:$B,'Banco de dados'!$E:$E) -> #N/A | CL22: =IF(CK22="-","-",_xlfn.XLOOKUP(CK22,'Banco de dados'!$B:$B,'Banco de dados'!$E:$E)) -> #N/A | CM22: =AE22 -> 1 | CN22: =_xlfn.XLOOKUP(CI22,'Banco de dados'!$B:$B,'Banco de dados'!$H:$H) -> 0 | CO22: {=_xludf.XLOOKUP(CK22,'Banco de dados'!$B:$B,'Banco de dados'!$H:$H)} -> #NAME? | CP22: {=_xludf.XLOOKUP(CI22,'Banco de dados'!$B:$B,'Banco de dados'!$F:$F)} -> #NAME? | CQ22: {=_xludf.XLOOKUP(CK22,'Banco de dados'!$B:$B,'Banco de dados'!$F:$F)} -> #NAME? | CR22: 0 | CT22: =IF(AG22=0.5,"Suporte",IF(AND(AG22>='Braços de IP'!$B$9,AG22<='Braços de IP'!$D$9),'Braços de IP'!$E$9,IF(AND(AG22>='Braços de IP'!$B$10,AG22<='Braços de IP'!$D$10),'Braços de IP'!$E$10,IF(AND(AG22>='Braços de IP'!$B$11,AG22<='Braços de IP'!$D$11),'Braços de IP'!$E$11,IF(AND(AG22>='Braços de IP'!$B$12,AG22<='Braços de IP'!$D$12),'Braços de IP'!$E$12,IF(AND(AG22>='Braços de IP'!$B$13,AG22<='Braços de IP'!$D$13),'Braços de IP'!$E$13,IF(AND(AG22>='Braços de IP'!$B$14,AG22<='Braços de IP'!$D$14),'Braços de IP'!$E$14,"ERRO"))))))) -> Médio I | CV22: =IF($CU22="","",VLOOKUP($CU22,'Braços de IP'!$E$9:$I$15,2,0)) | CW22: =IF($CU22="","",VLOOKUP($CU22,'Braços de IP'!$E$9:$I$15,5,0)) | DD22: =CN22 -> 0 | DE22: =K22 -> 96 | DF22: =SUM(DD22:DE22)*CM22 -> 96 | DG22: =1-DD22/DE22 -> 1 | DK22: Sim | DN22: =((K22+L22)-CN22)/(K22+L22) -> #VALUE! | DP22: V5 | DQ22: =COUNTIF(G:G,DP22)/3 -> 0 | DR22: =DQ22/$DQ$434 -> #DIV/0! | DS22: =DQ22/SUM($DQ$326:$DQ$353) -> #DIV/0!
A23: Alterado para C4 | B23: 51 | C23: PVP | D23: Rua JosA(c) BonifA!cio | E23: -8.049121 | F23: -34.906394 | G23: C4 | H23: - | I23: P6 | J23: LED | K23: 105 | L23: Interno | M23: 0 | N23: =K23*AE23*2 -> 210 | O23: 4 | T23: 0 | U23: 0 | V23: 0 | Y23: 0 | Z23: 0 | AA23: Bilateral alternado | AB23: Braço | AC23: 42.8 | AD23: 5.88 | AE23: 1 | AF23: 1.47 | AG23: 2.63 | AH23: =AG23-AF23 -> 1.16 | AI23: - | AJ23: - | AK23: Não | AL23: =IF(AA23="Unilateral",2*AE23,IF(AA23="Bilateral Alternada",3*AE23,IF(AA23="Bilateral Frontal",4*AE23,IF(AA23="Canteiro Central",2*AE23,"erro")))) -> erro | AM23: 0 | AO23: 0 | AP23: 0 | AQ23: 0 | AR23: - | AS23: =IF(AM23=0,0,IF(AA23="Unilateral",2*AM23,IF(AA23="Bilateral Alternada",3*AM23,IF(AA23="Bilateral Frontal",4*AM23,IF(AA23="Canteiro Central",2*AM23,"erro"))))) -> 0 | AU23: =VLOOKUP(G23,ABNT5101!$I$3:$J$9,2) -> 10 | AV23: =VLOOKUP(G23,ABNT5101!$I$3:$M$9,5) -> 0.18 | AW23: =_xlfn.XLOOKUP(G23,ABNT5101!I:I,ABNT5101!L:L) -> - | AX23: =_xlfn.XLOOKUP(G23,ABNT5101!$I:$I,ABNT5101!M:M) -> 0.18 | AY23: =_xlfn.XLOOKUP(G23,ABNT5101!$I:$I,ABNT5101!N:N) -> - | AZ23: =_xlfn.XLOOKUP(G23,ABNT5101!$I:$I,ABNT5101!O:O) -> 16 | BA23: =IF(BK23="NÃO ATENDE","NÃO ATENDE",IF(BV23="NÃO ATENDE","NÃO ATENDE",IF(CE23="NÃO ATENDE","NÃO ATENDE","ATENDE"))) -> ATENDE | BB23: =BE23/AU23-1 -> #VALUE! | BC23: =BF23/AV23-1 -> #VALUE! | BD23: =IF($G23="M6",BG23/AW23-1,"-") -> - | BE23: 12.36 | BF23: 0.36 | BK23: =IF(OR(BL23="NÃO ATENDE",BM23="NÃO ATENDE",BN23="NÃO ATENDE"),"NÃO ATENDE","ATENDE") -> ATENDE | BL23: =IF(BE23>=AU23,"ATENDE",IF(BE23>=0.99*AU23,"ATENDIMENTO LIMIAR","NÃO ATENDE")) -> ATENDE | BM23: =IF(BF23>=AV23,"ATENDE",IF(BF23>=(AV23-0.02),"ATENDIMENTO LIMIAR","NÃO ATENDE")) -> ATENDE | BN23: =IF(AW23="-","ATENDE",IF(BG23>=AW23,"ATENDE",IF(BG23>=(AW23-0.02),"ATENDIMENTO LIMIAR","NÃO ATENDE"))) -> ATENDE | BO23: =G23 -> C4 | BP23: =I23 -> P6 | BQ23: =IF(BR23="-","-",BR23/BT23-1) -> #VALUE! | BR23: 6.71 | BS23: 1.80 | BT23: =IF(BP23="-","-",_xlfn.XLOOKUP(BP23,ABNT5101!$B$4:$B$9,ABNT5101!$C$4:$C$9)) -> 3 | BU23: =IF(BP23="-","-",_xlfn.XLOOKUP(BP23,ABNT5101!$B$4:$B$9,ABNT5101!$D$4:$D$9)) -> 0.6 | BV23: =IF(BW23="-","-",IF(BW23="NÃO ATENDE","NÃO ATENDE",IF(BX23="NÃO ATENDE","NÃO ATENDE","ATENDE"))) -> ATENDE | BW23: =IF(BP23="-","-",IF(BR23>=BT23,"ATENDE",IF(BR23>=(BT23*0.99),"ATENDIMENTO LIMIAR","NÃO ATENDE"))) -> ATENDE | BX23: =IF(BP23="-","-",IF(BS23>=BU23,"ATENDE","NÃO ATENDE")) -> ATENDE | BY23: =BP23 -> P6 | BZ23: =IF(CA23="-","-",CA23/CC23-1) -> #VALUE! | CA23: 6.71 | CB23: 1.80 | CC23: =IF(BY23="-","-",_xlfn.XLOOKUP(BY23,ABNT5101!$B$4:$B$9,ABNT5101!$C$4:$C$9)) -> 3 | CD23: =IF(BY23="-","-",_xlfn.XLOOKUP(BY23,ABNT5101!$B$4:$B$9,ABNT5101!$D$4:$D$9)) -> 0.6 | CE23: =IF(CF23="-","-",IF(CF23="NÃO ATENDE","NÃO ATENDE",IF(CG23="NÃO ATENDE","NÃO ATENDE","ATENDE"))) -> ATENDE | CF23: =IF(BY23="-","-",IF(CA23>=(CC23),"ATENDE",IF(CA23>=(0.99*CC23),"ATENDIMENTO LIMIAR","NÃO ATENDE"))) -> ATENDE | CG23: =IF(BY23="-","-",IF(CB23>=CD23,"ATENDE","NÃO ATENDE")) -> ATENDE | CH23: =_xlfn.XLOOKUP(CI23,'Banco de dados'!$B:$B,'Banco de dados'!$D:$D) -> LEDSTAR | CI23: SL VT 9.1 35W | CJ23: =_xlfn.XLOOKUP(CI23,'Banco de dados'!$B:$B,'Banco de dados'!$E:$E) -> LUM LED SL VT 9.1 35W | CL23: =IF(CK23="-","-",_xlfn.XLOOKUP(CK23,'Banco de dados'!$B:$B,'Banco de dados'!$E:$E)) -> #N/A | CM23: =AE23 -> 1 | CN23: =_xlfn.XLOOKUP(CI23,'Banco de dados'!$B:$B,'Banco de dados'!$H:$H) -> 35 | CO23: {=_xludf.XLOOKUP(CK23,'Banco de dados'!$B:$B,'Banco de dados'!$H:$H)} -> #NAME? | CP23: {=_xludf.XLOOKUP(CI23,'Banco de dados'!$B:$B,'Banco de dados'!$F:$F)} -> #NAME? | CQ23: {=_xludf.XLOOKUP(CK23,'Banco de dados'!$B:$B,'Banco de dados'!$F:$F)} -> #NAME? | CR23: 0 | CS23: 10 | CT23: =IF(AG23=0.5,"Suporte",IF(AND(AG23>='Braços de IP'!$B$9,AG23<='Braços de IP'!$D$9),'Braços de IP'!$E$9,IF(AND(AG23>='Braços de IP'!$B$10,AG23<='Braços de IP'!$D$10),'Braços de IP'!$E$10,IF(AND(AG23>='Braços de IP'!$B$11,AG23<='Braços de IP'!$D$11),'Braços de IP'!$E$11,IF(AND(AG23>='Braços de IP'!$B$12,AG23<='Braços de IP'!$D$12),'Braços de IP'!$E$12,IF(AND(AG23>='Braços de IP'!$B$13,AG23<='Braços de IP'!$D$13),'Braços de IP'!$E$13,IF(AND(AG23>='Braços de IP'!$B$14,AG23<='Braços de IP'!$D$14),'Braços de IP'!$E$14,"ERRO"))))))) -> Longo I | CV23: =IF($CU23="","",VLOOKUP($CU23,'Braços de IP'!$E$9:$I$15,2,0)) | CW23: =IF($CU23="","",VLOOKUP($CU23,'Braços de IP'!$E$9:$I$15,5,0)) | DD23: =CN23 -> 35 | DE23: =K23 -> 105 | DF23: =SUM(DD23:DE23)*CM23 -> 140 | DG23: =1-DD23/DE23 -> 0.66666667 | DK23: Sim | DN23: =((K23+L23)-CN23)/(K23+L23) -> #VALUE! | DP23: Total | DQ23: =SUM(#REF!) -> #REF! | DR23: =SUM(#REF!) -> #REF!
A24: Alterado para C4 | B24: 51 | C24: PVP | D24: Rua JosA(c) BonifA!cio | E24: -8.049121 | F24: -34.906394 | G24: C4 | H24: - | I24: P6 | J24: LED | K24: 105 | L24: Interno | M24: 0 | N24: =K24*AE24*2 -> 210 | O24: 4 | T24: 0 | U24: 0 | V24: 0 | Y24: 0 | Z24: 0 | AA24: Bilateral alternado | AB24: Braço | AC24: 42.8 | AD24: 5.88 | AE24: 1 | AF24: 1.47 | AG24: 2.63 | AH24: =AG24-AF24 -> 1.16 | AI24: - | AJ24: - | AK24: Não | AL24: =IF(AA24="Unilateral",2*AE24,IF(AA24="Bilateral Alternada",3*AE24,IF(AA24="Bilateral Frontal",4*AE24,IF(AA24="Canteiro Central",2*AE24,"erro")))) -> erro | AM24: 0 | AO24: 0 | AP24: 0 | AQ24: 0 | AR24: - | AS24: =IF(AM24=0,0,IF(AA24="Unilateral",2*AM24,IF(AA24="Bilateral Alternada",3*AM24,IF(AA24="Bilateral Frontal",4*AM24,IF(AA24="Canteiro Central",2*AM24,"erro"))))) -> 0 | AU24: =VLOOKUP(G24,ABNT5101!$I$3:$J$9,2) -> 10 | AV24: =VLOOKUP(G24,ABNT5101!$I$3:$M$9,5) -> 0.18 | AW24: =_xlfn.XLOOKUP(G24,ABNT5101!I:I,ABNT5101!L:L) -> - | AX24: =_xlfn.XLOOKUP(G24,ABNT5101!$I:$I,ABNT5101!M:M) -> 0.18 | AY24: =_xlfn.XLOOKUP(G24,ABNT5101!$I:$I,ABNT5101!N:N) -> - | AZ24: =_xlfn.XLOOKUP(G24,ABNT5101!$I:$I,ABNT5101!O:O) -> 16 | BA24: =IF(BK24="NÃO ATENDE","NÃO ATENDE",IF(BV24="NÃO ATENDE","NÃO ATENDE",IF(CE24="NÃO ATENDE","NÃO ATENDE","ATENDE"))) -> ATENDE | BB24: =BE24/AU24-1 -> 0.388 | BC24: =BF24/AV24-1 -> 0.11111111 | BD24: =IF($G24="M6",BG24/AW24-1,"-") -> - | BE24: 13.88 | BF24: 0.2 | BK24: =IF(OR(BL24="NÃO ATENDE",BM24="NÃO ATENDE",BN24="NÃO ATENDE"),"NÃO ATENDE","ATENDE") -> ATENDE | BL24: =IF(BE24>=AU24,"ATENDE",IF(BE24>=0.99*AU24,"ATENDIMENTO LIMIAR","NÃO ATENDE")) -> ATENDE | BM24: =IF(BF24>=AV24,"ATENDE",IF(BF24>=(AV24-0.02),"ATENDIMENTO LIMIAR","NÃO ATENDE")) -> ATENDE | BN24: =IF(AW24="-","ATENDE",IF(BG24>=AW24,"ATENDE",IF(BG24>=(AW24-0.02),"ATENDIMENTO LIMIAR","NÃO ATENDE"))) -> ATENDE | BO24: =G24 -> C4 | BP24: =I24 -> P6 | BQ24: =IF(BR24="-","-",BR24/BT24-1) -> 1.3466667 | BR24: 7.04 | BS24: 0.97 | BT24: =IF(BP24="-","-",_xlfn.XLOOKUP(BP24,ABNT5101!$B$4:$B$9,ABNT5101!$C$4:$C$9)) -> 3 | BU24: =IF(BP24="-","-",_xlfn.XLOOKUP(BP24,ABNT5101!$B$4:$B$9,ABNT5101!$D$4:$D$9)) -> 0.6 | BV24: =IF(BW24="-","-",IF(BW24="NÃO ATENDE","NÃO ATENDE",IF(BX24="NÃO ATENDE","NÃO ATENDE","ATENDE"))) -> ATENDE | BW24: =IF(BP24="-","-",IF(BR24>=BT24,"ATENDE",IF(BR24>=(BT24*0.99),"ATENDIMENTO LIMIAR","NÃO ATENDE"))) -> ATENDE | BX24: =IF(BP24="-","-",IF(BS24>=BU24,"ATENDE","NÃO ATENDE")) -> ATENDE | BY24: =BP24 -> P6 | BZ24: =IF(CA24="-","-",CA24/CC24-1) -> 1.3466667 | CA24: 7.04 | CB24: 0.97 | CC24: =IF(BY24="-","-",_xlfn.XLOOKUP(BY24,ABNT5101!$B$4:$B$9,ABNT5101!$C$4:$C$9)) -> 3 | CD24: =IF(BY24="-","-",_xlfn.XLOOKUP(BY24,ABNT5101!$B$4:$B$9,ABNT5101!$D$4:$D$9)) -> 0.6 | CE24: =IF(CF24="-","-",IF(CF24="NÃO ATENDE","NÃO ATENDE",IF(CG24="NÃO ATENDE","NÃO ATENDE","ATENDE"))) -> ATENDE | CF24: =IF(BY24="-","-",IF(CA24>=(CC24),"ATENDE",IF(CA24>=(0.99*CC24),"ATENDIMENTO LIMIAR","NÃO ATENDE"))) -> ATENDE | CG24: =IF(BY24="-","-",IF(CB24>=CD24,"ATENDE","NÃO ATENDE")) -> ATENDE | CH24: =_xlfn.XLOOKUP(CI24,'Banco de dados'!$B:$B,'Banco de dados'!$D:$D) -> SX LIGHTING | CI24: SX-INEVO040HF | CJ24: =_xlfn.XLOOKUP(CI24,'Banco de dados'!$B:$B,'Banco de dados'!$E:$E) -> SXINEVO040K50L12CZF7PHF | CL24: =IF(CK24="-","-",_xlfn.XLOOKUP(CK24,'Banco de dados'!$B:$B,'Banco de dados'!$E:$E)) -> #N/A | CM24: =AE24 -> 1 | CN24: =_xlfn.XLOOKUP(CI24,'Banco de dados'!$B:$B,'Banco de dados'!$H:$H) -> 39 | CO24: {=_xludf.XLOOKUP(CK24,'Banco de dados'!$B:$B,'Banco de dados'!$H:$H)} -> #NAME? | CP24: {=_xludf.XLOOKUP(CI24,'Banco de dados'!$B:$B,'Banco de dados'!$F:$F)} -> #NAME? | CQ24: {=_xludf.XLOOKUP(CK24,'Banco de dados'!$B:$B,'Banco de dados'!$F:$F)} -> #NAME? | CR24: 0 | CS24: 10 | CT24: =IF(AG24=0.5,"Suporte",IF(AND(AG24>='Braços de IP'!$B$9,AG24<='Braços de IP'!$D$9),'Braços de IP'!$E$9,IF(AND(AG24>='Braços de IP'!$B$10,AG24<='Braços de IP'!$D$10),'Braços de IP'!$E$10,IF(AND(AG24>='Braços de IP'!$B$11,AG24<='Braços de IP'!$D$11),'Braços de IP'!$E$11,IF(AND(AG24>='Braços de IP'!$B$12,AG24<='Braços de IP'!$D$12),'Braços de IP'!$E$12,IF(AND(AG24>='Braços de IP'!$B$13,AG24<='Braços de IP'!$D$13),'Braços de IP'!$E$13,IF(AND(AG24>='Braços de IP'!$B$14,AG24<='Braços de IP'!$D$14),'Braços de IP'!$E$14,"ERRO"))))))) -> Longo I | CW24: =IF($CU24="","",VLOOKUP($CU24,'Braços de IP'!$E$9:$I$15,5,0)) | DD24: =CN24 -> 39 | DE24: =K24 -> 105 | DF24: =SUM(DD24:DE24)*CM24 -> 144 | DG24: =1-DD24/DE24 -> 0.62857143 | DK24: Sim | DN24: =((K24+L24)-CN24)/(K24+L24) -> #VALUE! | DP24: Total | DQ24: =SUM(#REF!) -> #REF! | DR24: =SUM(#REF!) -> #REF!
A25: Alterado para C4 | B25: 51 | C25: PVP | D25: Rua JosA(c) BonifA!cio | E25: -8.049121 | F25: -34.906394 | G25: C4 | H25: - | I25: P6 | J25: LED | K25: 105 | L25: Interno | M25: 0 | N25: =K25*AE25*2 -> 210 | O25: 4 | T25: 0 | U25: 0 | V25: 0 | Y25: 0 | Z25: 0 | AA25: Bilateral alternado | AB25: Braço | AC25: 42.8 | AD25: 5.88 | AE25: 1 | AF25: 1.47 | AG25: 2.63 | AH25: =AG25-AF25 -> 1.16 | AI25: - | AJ25: - | AK25: Não | AL25: =IF(AA25="Unilateral",2*AE25,IF(AA25="Bilateral Alternada",3*AE25,IF(AA25="Bilateral Frontal",4*AE25,IF(AA25="Canteiro Central",2*AE25,"erro")))) -> erro | AM25: 0 | AO25: 0 | AP25: 0 | AQ25: 0 | AR25: - | AS25: =IF(AM25=0,0,IF(AA25="Unilateral",2*AM25,IF(AA25="Bilateral Alternada",3*AM25,IF(AA25="Bilateral Frontal",4*AM25,IF(AA25="Canteiro Central",2*AM25,"erro"))))) -> 0 | AU25: =VLOOKUP(G25,ABNT5101!$I$3:$J$9,2) -> 10 | AV25: =VLOOKUP(G25,ABNT5101!$I$3:$M$9,5) -> 0.18 | AW25: =_xlfn.XLOOKUP(G25,ABNT5101!I:I,ABNT5101!L:L) -> - | AX25: =_xlfn.XLOOKUP(G25,ABNT5101!$I:$I,ABNT5101!M:M) -> 0.18 | AY25: =_xlfn.XLOOKUP(G25,ABNT5101!$I:$I,ABNT5101!N:N) -> - | AZ25: =_xlfn.XLOOKUP(G25,ABNT5101!$I:$I,ABNT5101!O:O) -> 16 | BA25: =IF(BK25="NÃO ATENDE","NÃO ATENDE",IF(BV25="NÃO ATENDE","NÃO ATENDE",IF(CE25="NÃO ATENDE","NÃO ATENDE","ATENDE"))) -> ATENDE | BB25: =BE25/AU25-1 -> #VALUE! | BC25: =BF25/AV25-1 -> 0.055555556 | BD25: =IF($G25="M6",BG25/AW25-1,"-") -> - | BE25: 14.96 | BF25: 0.19 | BK25: =IF(OR(BL25="NÃO ATENDE",BM25="NÃO ATENDE",BN25="NÃO ATENDE"),"NÃO ATENDE","ATENDE") -> ATENDE | BL25: =IF(BE25>=AU25,"ATENDE",IF(BE25>=0.99*AU25,"ATENDIMENTO LIMIAR","NÃO ATENDE")) -> ATENDE | BM25: =IF(BF25>=AV25,"ATENDE",IF(BF25>=(AV25-0.02),"ATENDIMENTO LIMIAR","NÃO ATENDE")) -> ATENDE | BN25: =IF(AW25="-","ATENDE",IF(BG25>=AW25,"ATENDE",IF(BG25>=(AW25-0.02),"ATENDIMENTO LIMIAR","NÃO ATENDE"))) -> ATENDE | BO25: =G25 -> C4 | BP25: =I25 -> P6 | BQ25: =IF(BR25="-","-",BR25/BT25-1) -> #VALUE! | BR25: 7.23 | BS25: 1.52 | BT25: =IF(BP25="-","-",_xlfn.XLOOKUP(BP25,ABNT5101!$B$4:$B$9,ABNT5101!$C$4:$C$9)) -> 3 | BU25: =IF(BP25="-","-",_xlfn.XLOOKUP(BP25,ABNT5101!$B$4:$B$9,ABNT5101!$D$4:$D$9)) -> 0.6 | BV25: =IF(BW25="-","-",IF(BW25="NÃO ATENDE","NÃO ATENDE",IF(BX25="NÃO ATENDE","NÃO ATENDE","ATENDE"))) -> ATENDE | BW25: =IF(BP25="-","-",IF(BR25>=BT25,"ATENDE",IF(BR25>=(BT25*0.99),"ATENDIMENTO LIMIAR","NÃO ATENDE"))) -> ATENDE | BX25: =IF(BP25="-","-",IF(BS25>=BU25,"ATENDE","NÃO ATENDE")) -> ATENDE | BY25: =BP25 -> P6 | BZ25: =IF(CA25="-","-",CA25/CC25-1) -> #VALUE! | CA25: 7.21 | CB25: 1.50 | CC25: =IF(BY25="-","-",_xlfn.XLOOKUP(BY25,ABNT5101!$B$4:$B$9,ABNT5101!$C$4:$C$9)) -> 3 | CD25: =IF(BY25="-","-",_xlfn.XLOOKUP(BY25,ABNT5101!$B$4:$B$9,ABNT5101!$D$4:$D$9)) -> 0.6 | CE25: =IF(CF25="-","-",IF(CF25="NÃO ATENDE","NÃO ATENDE",IF(CG25="NÃO ATENDE","NÃO ATENDE","ATENDE"))) -> ATENDE | CF25: =IF(BY25="-","-",IF(CA25>=(CC25),"ATENDE",IF(CA25>=(0.99*CC25),"ATENDIMENTO LIMIAR","NÃO ATENDE"))) -> ATENDE | CG25: =IF(BY25="-","-",IF(CB25>=CD25,"ATENDE","NÃO ATENDE")) -> ATENDE | CH25: =_xlfn.XLOOKUP(CI25,'Banco de dados'!$B:$B,'Banco de dados'!$D:$D) -> #N/A | CI25: SIGSAGPTLRRSSNDL_40W_50IBBRS | CJ25: =_xlfn.XLOOKUP(CI25,'Banco de dados'!$B:$B,'Banco de dados'!$E:$E) -> #N/A | CL25: =IF(CK25="-","-",_xlfn.XLOOKUP(CK25,'Banco de dados'!$B:$B,'Banco de dados'!$E:$E)) -> #N/A | CM25: =AE25 -> 1 | CN25: =_xlfn.XLOOKUP(CI25,'Banco de dados'!$B:$B,'Banco de dados'!$H:$H) -> #N/A | CO25: {=_xludf.XLOOKUP(CK25,'Banco de dados'!$B:$B,'Banco de dados'!$H:$H)} -> #NAME? | CP25: {=_xludf.XLOOKUP(CI25,'Banco de dados'!$B:$B,'Banco de dados'!$F:$F)} -> #NAME? | CQ25: {=_xludf.XLOOKUP(CK25,'Banco de dados'!$B:$B,'Banco de dados'!$F:$F)} -> #NAME? | CR25: 0 | CS25: 10 | CT25: =IF(AG25=0.5,"Suporte",IF(AND(AG25>='Braços de IP'!$B$9,AG25<='Braços de IP'!$D$9),'Braços de IP'!$E$9,IF(AND(AG25>='Braços de IP'!$B$10,AG25<='Braços de IP'!$D$10),'Braços de IP'!$E$10,IF(AND(AG25>='Braços de IP'!$B$11,AG25<='Braços de IP'!$D$11),'Braços de IP'!$E$11,IF(AND(AG25>='Braços de IP'!$B$12,AG25<='Braços de IP'!$D$12),'Braços de IP'!$E$12,IF(AND(AG25>='Braços de IP'!$B$13,AG25<='Braços de IP'!$D$13),'Braços de IP'!$E$13,IF(AND(AG25>='Braços de IP'!$B$14,AG25<='Braços de IP'!$D$14),'Braços de IP'!$E$14,"ERRO"))))))) -> Longo I | CV25: =IF($CU25="","",VLOOKUP($CU25,'Braços de IP'!$E$9:$I$15,2,0)) | CW25: =IF($CU25="","",VLOOKUP($CU25,'Braços de IP'!$E$9:$I$15,5,0)) | DD25: =CN25 -> #N/A | DE25: =K25 -> 105 | DF25: =SUM(DD25:DE25)*CM25 -> #N/A | DG25: =1-DD25/DE25 -> #N/A | DK25: Sim | DN25: =((K25+L25)-CN25)/(K25+L25) -> #VALUE! | DP25: Total | DQ25: =SUM(#REF!) -> #REF! | DR25: =SUM(#REF!) -> #REF!
A26: Verificar preenchimento de dado como largura do passeio | B26: 103 | C26: P | D26: Rua Freire De Andrade [IAL] | E26: -8.084502 | F26: -34.894362 | G26: - | H26: - | I26: P5 | J26: LED | K26: 115 | L26: Interno | M26: 0 | N26: =K26*AE26*2 -> 230 | O26: 1 | V26: 0 | W26: 2.56 | X26: 0 | Y26: 0 | Z26: 0 | AA26: Unilateral | AB26: Suporte | AC26: 38.75 | AD26: 12 | AE26: 1 | AF26: 1.01 | AG26: 0.3 | AH26: =AG26-AF26 -> -0.71 | AI26: - | AJ26: - | AK26: Não | AL26: =IF(AA26="Unilateral",2*AE26,IF(AA26="Bilateral Alternada",3*AE26,IF(AA26="Bilateral Frontal",4*AE26,IF(AA26="Canteiro Central",2*AE26,"erro")))) -> 2 | AM26: 1 | AN26: Unilateral | AO26: 38.75 | AP26: 8.5 | AQ26: 0.3 | AR26: - | AS26: =IF(AM26=0,0,IF(AA26="Unilateral",2*AM26,IF(AA26="Bilateral Alternada",3*AM26,IF(AA26="Bilateral Frontal",4*AM26,IF(AA26="Canteiro Central",2*AM26,"erro"))))) -> 2 | AU26: =VLOOKUP(G26,ABNT5101!$I$3:$J$9,2) -> #N/A | AV26: =VLOOKUP(G26,ABNT5101!$I$3:$M$9,5) -> #N/A | AW26: =_xlfn.XLOOKUP(G26,ABNT5101!I:I,ABNT5101!L:L) -> - | AX26: =_xlfn.XLOOKUP(G26,ABNT5101!$I:$I,ABNT5101!M:M) -> - | AY26: =_xlfn.XLOOKUP(G26,ABNT5101!$I:$I,ABNT5101!N:N) -> - | AZ26: =_xlfn.XLOOKUP(G26,ABNT5101!$I:$I,ABNT5101!O:O) -> - | BA26: =IF(BK26="NÃO ATENDE","NÃO ATENDE",IF(BV26="NÃO ATENDE","NÃO ATENDE",IF(CE26="NÃO ATENDE","NÃO ATENDE","ATENDE"))) -> #N/A | BB26: =BE26/AU26-1 -> #N/A | BC26: =BF26/AV26-1 -> #N/A | BD26: =IF($G26="M6",BG26/AW26-1,"-") -> - | BK26: =IF(OR(BL26="NÃO ATENDE",BM26="NÃO ATENDE",BN26="NÃO ATENDE"),"NÃO ATENDE","ATENDE") -> #N/A | BL26: =IF(BE26>=AU26,"ATENDE",IF(BE26>=0.99*AU26,"ATENDIMENTO LIMIAR","NÃO ATENDE")) -> #N/A | BM26: =IF(BF26>=AV26,"ATENDE",IF(BF26>=(AV26-0.02),"ATENDIMENTO LIMIAR","NÃO ATENDE")) -> #N/A | BN26: =IF(AW26="-","ATENDE",IF(BG26>=AW26,"ATENDE",IF(BG26>=(AW26-0.02),"ATENDIMENTO LIMIAR","NÃO ATENDE"))) -> ATENDE | BO26: =G26 -> - | BP26: =I26 -> P5 | BQ26: =IF(BR26="-","-",BR26/BT26-1) -> -1 | BT26: =IF(BP26="-","-",_xlfn.XLOOKUP(BP26,ABNT5101!$B$4:$B$9,ABNT5101!$C$4:$C$9)) -> 5 | BU26: =IF(BP26="-","-",_xlfn.XLOOKUP(BP26,ABNT5101!$B$4:$B$9,ABNT5101!$D$4:$D$9)) -> 1 | BV26: =IF(BW26="-","-",IF(BW26="NÃO ATENDE","NÃO ATENDE",IF(BX26="NÃO ATENDE","NÃO ATENDE","ATENDE"))) -> NÃO ATENDE | BW26: =IF(BP26="-","-",IF(BR26>=BT26,"ATENDE",IF(BR26>=(BT26*0.99),"ATENDIMENTO LIMIAR","NÃO ATENDE"))) -> NÃO ATENDE | BX26: =IF(BP26="-","-",IF(BS26>=BU26,"ATENDE","NÃO ATENDE")) -> NÃO ATENDE | BY26: =BP26 -> P5 | BZ26: =IF(CA26="-","-",CA26/CC26-1) -> -1 | CC26: =IF(BY26="-","-",_xlfn.XLOOKUP(BY26,ABNT5101!$B$4:$B$9,ABNT5101!$C$4:$C$9)) -> 5 | CD26: =IF(BY26="-","-",_xlfn.XLOOKUP(BY26,ABNT5101!$B$4:$B$9,ABNT5101!$D$4:$D$9)) -> 1 | CE26: =IF(CF26="-","-",IF(CF26="NÃO ATENDE","NÃO ATENDE",IF(CG26="NÃO ATENDE","NÃO ATENDE","ATENDE"))) -> NÃO ATENDE | CF26: =IF(BY26="-","-",IF(CA26>=(CC26),"ATENDE",IF(CA26>=(0.99*CC26),"ATENDIMENTO LIMIAR","NÃO ATENDE"))) -> NÃO ATENDE | CG26: =IF(BY26="-","-",IF(CB26>=CD26,"ATENDE","NÃO ATENDE")) -> NÃO ATENDE | CH26: =_xlfn.XLOOKUP(CI26,'Banco de dados'!$B:$B,'Banco de dados'!$D:$D) -> #N/A | CI26: 1-10C1MUN6.5 | CJ26: =_xlfn.XLOOKUP(CI26,'Banco de dados'!$B:$B,'Banco de dados'!$E:$E) -> #N/A | CL26: =IF(CK26="-","-",_xlfn.XLOOKUP(CK26,'Banco de dados'!$B:$B,'Banco de dados'!$E:$E)) -> #N/A | CM26: =AE26 -> 1 | CN26: =_xlfn.XLOOKUP(CI26,'Banco de dados'!$B:$B,'Banco de dados'!$H:$H) -> #N/A | CO26: {=_xludf.XLOOKUP(CK26,'Banco de dados'!$B:$B,'Banco de dados'!$H:$H)} -> #NAME? | CP26: {=_xludf.XLOOKUP(CI26,'Banco de dados'!$B:$B,'Banco de dados'!$F:$F)} -> #NAME? | CQ26: {=_xludf.XLOOKUP(CK26,'Banco de dados'!$B:$B,'Banco de dados'!$F:$F)} -> #NAME? | CR26: 0 | CT26: =IF(AG26=0.5,"Suporte",IF(AND(AG26>='Braços de IP'!$B$9,AG26<='Braços de IP'!$D$9),'Braços de IP'!$E$9,IF(AND(AG26>='Braços de IP'!$B$10,AG26<='Braços de IP'!$D$10),'Braços de IP'!$E$10,IF(AND(AG26>='Braços de IP'!$B$11,AG26<='Braços de IP'!$D$11),'Braços de IP'!$E$11,IF(AND(AG26>='Braços de IP'!$B$12,AG26<='Braços de IP'!$D$12),'Braços de IP'!$E$12,IF(AND(AG26>='Braços de IP'!$B$13,AG26<='Braços de IP'!$D$13),'Braços de IP'!$E$13,IF(AND(AG26>='Braços de IP'!$B$14,AG26<='Braços de IP'!$D$14),'Braços de IP'!$E$14,"ERRO"))))))) -> ERRO | CV26: =IF($CU26="","",VLOOKUP($CU26,'Braços de IP'!$E$9:$I$15,2,0)) | CW26: =IF($CU26="","",VLOOKUP($CU26,'Braços de IP'!$E$9:$I$15,5,0)) | DD26: =CN26 -> #N/A | DE26: =K26 -> 115 | DF26: =SUM(DD26:DE26)*CM26 -> #N/A | DG26: =1-DD26/DE26 -> #N/A | DK26: Sim | DN26: =((K26+L26)-CN26)/(K26+L26) -> #VALUE!
A27: Verificar preenchimento de dado como largura do passeio | B27: 103 | C27: P | D27: Rua Freire De Andrade [IAL] | E27: -8.084502 | F27: -34.894362 | G27: - | H27: - | I27: P5 | J27: LED | K27: 115 | L27: Interno | M27: 0 | N27: =K27*AE27*2 -> 230 | O27: 1 | V27: 0 | W27: 2.56 | X27: 0 | Y27: 0 | Z27: 0 | AA27: Unilateral | AB27: Suporte | AC27: 38.75 | AD27: 12 | AE27: 1 | AF27: 1.01 | AG27: 0.3 | AH27: =AG27-AF27 -> -0.71 | AI27: - | AJ27: - | AK27: Não | AL27: =IF(AA27="Unilateral",2*AE27,IF(AA27="Bilateral Alternada",3*AE27,IF(AA27="Bilateral Frontal",4*AE27,IF(AA27="Canteiro Central",2*AE27,"erro")))) -> 2 | AM27: 1 | AN27: Unilateral | AO27: 38.75 | AP27: 8.5 | AQ27: 0.3 | AR27: - | AS27: =IF(AM27=0,0,IF(AA27="Unilateral",2*AM27,IF(AA27="Bilateral Alternada",3*AM27,IF(AA27="Bilateral Frontal",4*AM27,IF(AA27="Canteiro Central",2*AM27,"erro"))))) -> 2 | AU27: =VLOOKUP(G27,ABNT5101!$I$3:$J$9,2) -> #N/A | AV27: =VLOOKUP(G27,ABNT5101!$I$3:$M$9,5) -> #N/A | AW27: =_xlfn.XLOOKUP(G27,ABNT5101!I:I,ABNT5101!L:L) -> - | AX27: =_xlfn.XLOOKUP(G27,ABNT5101!$I:$I,ABNT5101!M:M) -> - | AY27: =_xlfn.XLOOKUP(G27,ABNT5101!$I:$I,ABNT5101!N:N) -> - | AZ27: =_xlfn.XLOOKUP(G27,ABNT5101!$I:$I,ABNT5101!O:O) -> - | BA27: =IF(BK27="NÃO ATENDE","NÃO ATENDE",IF(BV27="NÃO ATENDE","NÃO ATENDE",IF(CE27="NÃO ATENDE","NÃO ATENDE","ATENDE"))) -> #N/A | BB27: =BE27/AU27-1 -> #N/A | BC27: =BF27/AV27-1 -> #N/A | BD27: =IF($G27="M6",BG27/AW27-1,"-") -> - | BK27: =IF(OR(BL27="NÃO ATENDE",BM27="NÃO ATENDE",BN27="NÃO ATENDE"),"NÃO ATENDE","ATENDE") -> #N/A | BL27: =IF(BE27>=AU27,"ATENDE",IF(BE27>=0.99*AU27,"ATENDIMENTO LIMIAR","NÃO ATENDE")) -> #N/A | BM27: =IF(BF27>=AV27,"ATENDE",IF(BF27>=(AV27-0.02),"ATENDIMENTO LIMIAR","NÃO ATENDE")) -> #N/A | BN27: =IF(AW27="-","ATENDE",IF(BG27>=AW27,"ATENDE",IF(BG27>=(AW27-0.02),"ATENDIMENTO LIMIAR","NÃO ATENDE"))) -> ATENDE | BO27: =G27 -> - | BP27: =I27 -> P5 | BQ27: =IF(BR27="-","-",BR27/BT27-1) -> -1 | BT27: =IF(BP27="-","-",_xlfn.XLOOKUP(BP27,ABNT5101!$B$4:$B$9,ABNT5101!$C$4:$C$9)) -> 5 | BU27: =IF(BP27="-","-",_xlfn.XLOOKUP(BP27,ABNT5101!$B$4:$B$9,ABNT5101!$D$4:$D$9)) -> 1 | BV27: =IF(BW27="-","-",IF(BW27="NÃO ATENDE","NÃO ATENDE",IF(BX27="NÃO ATENDE","NÃO ATENDE","ATENDE"))) -> NÃO ATENDE | BW27: =IF(BP27="-","-",IF(BR27>=BT27,"ATENDE",IF(BR27>=(BT27*0.99),"ATENDIMENTO LIMIAR","NÃO ATENDE"))) -> NÃO ATENDE | BX27: =IF(BP27="-","-",IF(BS27>=BU27,"ATENDE","NÃO ATENDE")) -> NÃO ATENDE | BY27: =BP27 -> P5 | BZ27: =IF(CA27="-","-",CA27/CC27-1) -> -1 | CC27: =IF(BY27="-","-",_xlfn.XLOOKUP(BY27,ABNT5101!$B$4:$B$9,ABNT5101!$C$4:$C$9)) -> 5 | CD27: =IF(BY27="-","-",_xlfn.XLOOKUP(BY27,ABNT5101!$B$4:$B$9,ABNT5101!$D$4:$D$9)) -> 1 | CE27: =IF(CF27="-","-",IF(CF27="NÃO ATENDE","NÃO ATENDE",IF(CG27="NÃO ATENDE","NÃO ATENDE","ATENDE"))) -> NÃO ATENDE | CF27: =IF(BY27="-","-",IF(CA27>=(CC27),"ATENDE",IF(CA27>=(0.99*CC27),"ATENDIMENTO LIMIAR","NÃO ATENDE"))) -> NÃO ATENDE | CG27: =IF(BY27="-","-",IF(CB27>=CD27,"ATENDE","NÃO ATENDE")) -> NÃO ATENDE | CH27: =_xlfn.XLOOKUP(CI27,'Banco de dados'!$B:$B,'Banco de dados'!$D:$D) -> #N/A | CJ27: =_xlfn.XLOOKUP(CI27,'Banco de dados'!$B:$B,'Banco de dados'!$E:$E) -> #N/A | CL27: =IF(CK27="-","-",_xlfn.XLOOKUP(CK27,'Banco de dados'!$B:$B,'Banco de dados'!$E:$E)) -> #N/A | CM27: =AE27 -> 1 | CN27: =_xlfn.XLOOKUP(CI27,'Banco de dados'!$B:$B,'Banco de dados'!$H:$H) -> 0 | CO27: {=_xludf.XLOOKUP(CK27,'Banco de dados'!$B:$B,'Banco de dados'!$H:$H)} -> #NAME? | CP27: {=_xludf.XLOOKUP(CI27,'Banco de dados'!$B:$B,'Banco de dados'!$F:$F)} -> #NAME? | CQ27: {=_xludf.XLOOKUP(CK27,'Banco de dados'!$B:$B,'Banco de dados'!$F:$F)} -> #NAME? | CR27: 0 | CT27: =IF(AG27=0.5,"Suporte",IF(AND(AG27>='Braços de IP'!$B$9,AG27<='Braços de IP'!$D$9),'Braços de IP'!$E$9,IF(AND(AG27>='Braços de IP'!$B$10,AG27<='Braços de IP'!$D$10),'Braços de IP'!$E$10,IF(AND(AG27>='Braços de IP'!$B$11,AG27<='Braços de IP'!$D$11),'Braços de IP'!$E$11,IF(AND(AG27>='Braços de IP'!$B$12,AG27<='Braços de IP'!$D$12),'Braços de IP'!$E$12,IF(AND(AG27>='Braços de IP'!$B$13,AG27<='Braços de IP'!$D$13),'Braços de IP'!$E$13,IF(AND(AG27>='Braços de IP'!$B$14,AG27<='Braços de IP'!$D$14),'Braços de IP'!$E$14,"ERRO"))))))) -> ERRO | CV27: =IF($CU27="","",VLOOKUP($CU27,'Braços de IP'!$E$9:$I$15,2,0)) | CW27: =IF($CU27="","",VLOOKUP($CU27,'Braços de IP'!$E$9:$I$15,5,0)) | DD27: =CN27 -> 0 | DE27: =K27 -> 115 | DF27: =SUM(DD27:DE27)*CM27 -> 115 | DG27: =1-DD27/DE27 -> 1 | DK27: Sim | DN27: =((K27+L27)-CN27)/(K27+L27) -> #VALUE!
A28: Verificar preenchimento de dado como largura do passeio | B28: 103 | C28: P | D28: Rua Freire De Andrade [IAL] | E28: -8.084502 | F28: -34.894362 | G28: - | H28: - | I28: P5 | J28: LED | K28: 115 | L28: Interno | M28: 0 | N28: =K28*AE28*2 -> 230 | O28: 1 | V28: 0 | W28: 2.56 | X28: 0 | Y28: 0 | Z28: 0 | AA28: Unilateral | AB28: Suporte | AC28: 38.75 | AD28: 12 | AE28: 1 | AF28: 1.01 | AG28: 0.3 | AH28: =AG28-AF28 -> -0.71 | AI28: - | AJ28: - | AK28: Não | AL28: =IF(AA28="Unilateral",2*AE28,IF(AA28="Bilateral Alternada",3*AE28,IF(AA28="Bilateral Frontal",4*AE28,IF(AA28="Canteiro Central",2*AE28,"erro")))) -> 2 | AM28: 1 | AN28: Unilateral | AO28: 38.75 | AP28: 8.5 | AQ28: 0.3 | AR28: - | AS28: =IF(AM28=0,0,IF(AA28="Unilateral",2*AM28,IF(AA28="Bilateral Alternada",3*AM28,IF(AA28="Bilateral Frontal",4*AM28,IF(AA28="Canteiro Central",2*AM28,"erro"))))) -> 2 | AU28: =VLOOKUP(G28,ABNT5101!$I$3:$J$9,2) -> #N/A | AV28: =VLOOKUP(G28,ABNT5101!$I$3:$M$9,5) -> #N/A | AW28: =_xlfn.XLOOKUP(G28,ABNT5101!I:I,ABNT5101!L:L) -> - | AX28: =_xlfn.XLOOKUP(G28,ABNT5101!$I:$I,ABNT5101!M:M) -> - | AY28: =_xlfn.XLOOKUP(G28,ABNT5101!$I:$I,ABNT5101!N:N) -> - | AZ28: =_xlfn.XLOOKUP(G28,ABNT5101!$I:$I,ABNT5101!O:O) -> - | BA28: =IF(BK28="NÃO ATENDE","NÃO ATENDE",IF(BV28="NÃO ATENDE","NÃO ATENDE",IF(CE28="NÃO ATENDE","NÃO ATENDE","ATENDE"))) -> #N/A | BB28: =BE28/AU28-1 -> #N/A | BC28: =BF28/AV28-1 -> #N/A | BD28: =IF($G28="M6",BG28/AW28-1,"-") -> - | BK28: =IF(OR(BL28="NÃO ATENDE",BM28="NÃO ATENDE",BN28="NÃO ATENDE"),"NÃO ATENDE","ATENDE") -> #N/A | BL28: =IF(BE28>=AU28,"ATENDE",IF(BE28>=0.99*AU28,"ATENDIMENTO LIMIAR","NÃO ATENDE")) -> #N/A | BM28: =IF(BF28>=AV28,"ATENDE",IF(BF28>=(AV28-0.02),"ATENDIMENTO LIMIAR","NÃO ATENDE")) -> #N/A | BN28: =IF(AW28="-","ATENDE",IF(BG28>=AW28,"ATENDE",IF(BG28>=(AW28-0.02),"ATENDIMENTO LIMIAR","NÃO ATENDE"))) -> ATENDE | BO28: =G28 -> - | BP28: =I28 -> P5 | BQ28: =IF(BR28="-","-",BR28/BT28-1) -> -1 | BT28: =IF(BP28="-","-",_xlfn.XLOOKUP(BP28,ABNT5101!$B$4:$B$9,ABNT5101!$C$4:$C$9)) -> 5 | BU28: =IF(BP28="-","-",_xlfn.XLOOKUP(BP28,ABNT5101!$B$4:$B$9,ABNT5101!$D$4:$D$9)) -> 1 | BV28: =IF(BW28="-","-",IF(BW28="NÃO ATENDE","NÃO ATENDE",IF(BX28="NÃO ATENDE","NÃO ATENDE","ATENDE"))) -> NÃO ATENDE | BW28: =IF(BP28="-","-",IF(BR28>=BT28,"ATENDE",IF(BR28>=(BT28*0.99),"ATENDIMENTO LIMIAR","NÃO ATENDE"))) -> NÃO ATENDE | BX28: =IF(BP28="-","-",IF(BS28>=BU28,"ATENDE","NÃO ATENDE")) -> NÃO ATENDE | BY28: =BP28 -> P5 | BZ28: =IF(CA28="-","-",CA28/CC28-1) -> -1 | CC28: =IF(BY28="-","-",_xlfn.XLOOKUP(BY28,ABNT5101!$B$4:$B$9,ABNT5101!$C$4:$C$9)) -> 5 | CD28: =IF(BY28="-","-",_xlfn.XLOOKUP(BY28,ABNT5101!$B$4:$B$9,ABNT5101!$D$4:$D$9)) -> 1 | CE28: =IF(CF28="-","-",IF(CF28="NÃO ATENDE","NÃO ATENDE",IF(CG28="NÃO ATENDE","NÃO ATENDE","ATENDE"))) -> NÃO ATENDE | CF28: =IF(BY28="-","-",IF(CA28>=(CC28),"ATENDE",IF(CA28>=(0.99*CC28),"ATENDIMENTO LIMIAR","NÃO ATENDE"))) -> NÃO ATENDE | CG28: =IF(BY28="-","-",IF(CB28>=CD28,"ATENDE","NÃO ATENDE")) -> NÃO ATENDE | CH28: =_xlfn.XLOOKUP(CI28,'Banco de dados'!$B:$B,'Banco de dados'!$D:$D) -> #N/A | CJ28: =_xlfn.XLOOKUP(CI28,'Banco de dados'!$B:$B,'Banco de dados'!$E:$E) -> #N/A | CL28: =IF(CK28="-","-",_xlfn.XLOOKUP(CK28,'Banco de dados'!$B:$B,'Banco de dados'!$E:$E)) -> #N/A | CM28: =AE28 -> 1 | CN28: =_xlfn.XLOOKUP(CI28,'Banco de dados'!$B:$B,'Banco de dados'!$H:$H) -> 0 | CO28: {=_xludf.XLOOKUP(CK28,'Banco de dados'!$B:$B,'Banco de dados'!$H:$H)} -> #NAME? | CP28: {=_xludf.XLOOKUP(CI28,'Banco de dados'!$B:$B,'Banco de dados'!$F:$F)} -> #NAME? | CQ28: {=_xludf.XLOOKUP(CK28,'Banco de dados'!$B:$B,'Banco de dados'!$F:$F)} -> #NAME? | CR28: 0 | CT28: =IF(AG28=0.5,"Suporte",IF(AND(AG28>='Braços de IP'!$B$9,AG28<='Braços de IP'!$D$9),'Braços de IP'!$E$9,IF(AND(AG28>='Braços de IP'!$B$10,AG28<='Braços de IP'!$D$10),'Braços de IP'!$E$10,IF(AND(AG28>='Braços de IP'!$B$11,AG28<='Braços de IP'!$D$11),'Braços de IP'!$E$11,IF(AND(AG28>='Braços de IP'!$B$12,AG28<='Braços de IP'!$D$12),'Braços de IP'!$E$12,IF(AND(AG28>='Braços de IP'!$B$13,AG28<='Braços de IP'!$D$13),'Braços de IP'!$E$13,IF(AND(AG28>='Braços de IP'!$B$14,AG28<='Braços de IP'!$D$14),'Braços de IP'!$E$14,"ERRO"))))))) -> ERRO | CV28: =IF($CU28="","",VLOOKUP($CU28,'Braços de IP'!$E$9:$I$15,2,0)) | CW28: =IF($CU28="","",VLOOKUP($CU28,'Braços de IP'!$E$9:$I$15,5,0)) | DD28: =CN28 -> 0 | DE28: =K28 -> 115 | DF28: =SUM(DD28:DE28)*CM28 -> 115 | DG28: =1-DD28/DE28 -> 1 | DK28: Sim | DN28: =((K28+L28)-CN28)/(K28+L28) -> #VALUE!
A29: Verificar preenchimento de dados como largura dos passeio 2 e pista, | B29: 223 | C29: PVP | D29: R. Maj. Mario Portela [Estrutural] | E29: -8.070809 | F29: -34.917034 | G29: C5 | H29: - | I29: P6 | J29: LED | K29: 80 | L29: Interno | M29: 0 | N29: =K29*AE29*2 -> 160 | O29: 1 | P29: 1.4 | V29: 0 | W29: 0 | X29: 0 | Y29: 0 | Z29: 0 | AA29: Unilateral | AB29: Braço | AC29: 28.36 | AD29: 6 | AE29: 1 | AF29: 0 | AG29: 1.55 | AH29: =AG29-AF29 -> 1.55 | AI29: - | AJ29: - | AK29: Não | AL29: =IF(AA29="Unilateral",2*AE29,IF(AA29="Bilateral Alternada",3*AE29,IF(AA29="Bilateral Frontal",4*AE29,IF(AA29="Canteiro Central",2*AE29,"erro")))) -> 2 | AM29: 0 | AO29: 0 | AP29: 0 | AQ29: 0 | AR29: - | AS29: =IF(AM29=0,0,IF(AA29="Unilateral",2*AM29,IF(AA29="Bilateral Alternada",3*AM29,IF(AA29="Bilateral Frontal",4*AM29,IF(AA29="Canteiro Central",2*AM29,"erro"))))) -> 0 | AU29: =VLOOKUP(G29,ABNT5101!$I$3:$J$9,2) -> 7.5 | AV29: =VLOOKUP(G29,ABNT5101!$I$3:$M$9,5) -> 0.18 | AW29: =_xlfn.XLOOKUP(G29,ABNT5101!I:I,ABNT5101!L:L) -> - | AX29: =_xlfn.XLOOKUP(G29,ABNT5101!$I:$I,ABNT5101!M:M) -> 0.18 | AY29: =_xlfn.XLOOKUP(G29,ABNT5101!$I:$I,ABNT5101!N:N) -> - | AZ29: =_xlfn.XLOOKUP(G29,ABNT5101!$I:$I,ABNT5101!O:O) -> 16 | BA29: =IF(BK29="NÃO ATENDE","NÃO ATENDE",IF(BV29="NÃO ATENDE","NÃO ATENDE",IF(CE29="NÃO ATENDE","NÃO ATENDE","ATENDE"))) -> ATENDE | BB29: =BE29/AU29-1 -> 0.396 | BC29: =BF29/AV29-1 -> 1.0555556 | BD29: =IF($G29="M6",BG29/AW29-1,"-") -> - | BE29: 10.47 | BF29: 0.37 | BK29: =IF(OR(BL29="NÃO ATENDE",BM29="NÃO ATENDE",BN29="NÃO ATENDE"),"NÃO ATENDE","ATENDE") -> ATENDE | BL29: =IF(BE29>=AU29,"ATENDE",IF(BE29>=0.99*AU29,"ATENDIMENTO LIMIAR","NÃO ATENDE")) -> ATENDE | BM29: =IF(BF29>=AV29,"ATENDE",IF(BF29>=(AV29-0.02),"ATENDIMENTO LIMIAR","NÃO ATENDE")) -> ATENDE | BN29: =IF(AW29="-","ATENDE",IF(BG29>=AW29,"ATENDE",IF(BG29>=(AW29-0.02),"ATENDIMENTO LIMIAR","NÃO ATENDE"))) -> ATENDE | BO29: =G29 -> C5 | BP29: =I29 -> P6 | BQ29: =IF(BR29="-","-",BR29/BT29-1) -> 1.4966667 | BR29: 7.49 | BS29: 3 | BT29: =IF(BP29="-","-",_xlfn.XLOOKUP(BP29,ABNT5101!$B$4:$B$9,ABNT5101!$C$4:$C$9)) -> 3 | BU29: =IF(BP29="-","-",_xlfn.XLOOKUP(BP29,ABNT5101!$B$4:$B$9,ABNT5101!$D$4:$D$9)) -> 0.6 | BV29: =IF(BW29="-","-",IF(BW29="NÃO ATENDE","NÃO ATENDE",IF(BX29="NÃO ATENDE","NÃO ATENDE","ATENDE"))) -> ATENDE | BW29: =IF(BP29="-","-",IF(BR29>=BT29,"ATENDE",IF(BR29>=(BT29*0.99),"ATENDIMENTO LIMIAR","NÃO ATENDE"))) -> ATENDE | BX29: =IF(BP29="-","-",IF(BS29>=BU29,"ATENDE","NÃO ATENDE")) -> ATENDE | BY29: =BP29 -> P6 | BZ29: =IF(CA29="-","-",CA29/CC29-1) -> 2.5033333 | CA29: 10.51 | CB29: 4.42 | CC29: =IF(BY29="-","-",_xlfn.XLOOKUP(BY29,ABNT5101!$B$4:$B$9,ABNT5101!$C$4:$C$9)) -> 3 | CD29: =IF(BY29="-","-",_xlfn.XLOOKUP(BY29,ABNT5101!$B$4:$B$9,ABNT5101!$D$4:$D$9)) -> 0.6 | CE29: =IF(CF29="-","-",IF(CF29="NÃO ATENDE","NÃO ATENDE",IF(CG29="NÃO ATENDE","NÃO ATENDE","ATENDE"))) -> ATENDE | CF29: =IF(BY29="-","-",IF(CA29>=(CC29),"ATENDE",IF(CA29>=(0.99*CC29),"ATENDIMENTO LIMIAR","NÃO ATENDE"))) -> ATENDE | CG29: =IF(BY29="-","-",IF(CB29>=CD29,"ATENDE","NÃO ATENDE")) -> ATENDE | CH29: =_xlfn.XLOOKUP(CI29,'Banco de dados'!$B:$B,'Banco de dados'!$D:$D) -> LEDSTAR | CI29: SL VT 9.1 28W | CJ29: =_xlfn.XLOOKUP(CI29,'Banco de dados'!$B:$B,'Banco de dados'!$E:$E) -> LUM LED SL VT 9.1 28W | CL29: =IF(CK29="-","-",_xlfn.XLOOKUP(CK29,'Banco de dados'!$B:$B,'Banco de dados'!$E:$E)) -> #N/A | CM29: =AE29 -> 1 | CN29: =_xlfn.XLOOKUP(CI29,'Banco de dados'!$B:$B,'Banco de dados'!$H:$H) -> 28 | CO29: {=_xludf.XLOOKUP(CK29,'Banco de dados'!$B:$B,'Banco de dados'!$H:$H)} -> #NAME? | CP29: {=_xludf.XLOOKUP(CI29,'Banco de dados'!$B:$B,'Banco de dados'!$F:$F)} -> #NAME? | CQ29: {=_xludf.XLOOKUP(CK29,'Banco de dados'!$B:$B,'Banco de dados'!$F:$F)} -> #NAME? | CR29: 0 | CT29: =IF(AG29=0.5,"Suporte",IF(AND(AG29>='Braços de IP'!$B$9,AG29<='Braços de IP'!$D$9),'Braços de IP'!$E$9,IF(AND(AG29>='Braços de IP'!$B$10,AG29<='Braços de IP'!$D$10),'Braços de IP'!$E$10,IF(AND(AG29>='Braços de IP'!$B$11,AG29<='Braços de IP'!$D$11),'Braços de IP'!$E$11,IF(AND(AG29>='Braços de IP'!$B$12,AG29<='Braços de IP'!$D$12),'Braços de IP'!$E$12,IF(AND(AG29>='Braços de IP'!$B$13,AG29<='Braços de IP'!$D$13),'Braços de IP'!$E$13,IF(AND(AG29>='Braços de IP'!$B$14,AG29<='Braços de IP'!$D$14),'Braços de IP'!$E$14,"ERRO"))))))) -> Médio I | CV29: =IF($CU29="","",VLOOKUP($CU29,'Braços de IP'!$E$9:$I$15,2,0)) | CW29: =IF($CU29="","",VLOOKUP($CU29,'Braços de IP'!$E$9:$I$15,5,0)) | DD29: =CN29 -> 28 | DE29: =K29 -> 80 | DF29: =SUM(DD29:DE29)*CM29 -> 108 | DG29: =1-DD29/DE29 -> 0.65 | DH29: Isabel | DK29: Sim | DN29: =((K29+L29)-CN29)/(K29+L29) -> #VALUE!
A30: Verificar preenchimento de dados como largura dos passeio 2 e pista, | B30: 223 | C30: PVP | D30: R. Maj. Mario Portela [Estrutural] | E30: -8.070809 | F30: -34.917034 | G30: C5 | H30: - | I30: P6 | J30: LED | K30: 80 | L30: Interno | M30: 0 | N30: =K30*AE30*2 -> 160 | O30: 1 | P30: 1.4 | V30: 0 | W30: 0 | X30: 0 | Y30: 0 | Z30: 0 | AA30: Unilateral | AB30: Braço | AC30: 28.36 | AD30: 6 | AE30: 1 | AF30: 0 | AG30: 1.55 | AH30: =AG30-AF30 -> 1.55 | AI30: - | AJ30: - | AK30: Não | AL30: =IF(AA30="Unilateral",2*AE30,IF(AA30="Bilateral Alternada",3*AE30,IF(AA30="Bilateral Frontal",4*AE30,IF(AA30="Canteiro Central",2*AE30,"erro")))) -> 2 | AM30: 0 | AO30: 0 | AP30: 0 | AQ30: 0 | AR30: - | AS30: =IF(AM30=0,0,IF(AA30="Unilateral",2*AM30,IF(AA30="Bilateral Alternada",3*AM30,IF(AA30="Bilateral Frontal",4*AM30,IF(AA30="Canteiro Central",2*AM30,"erro"))))) -> 0 | AU30: =VLOOKUP(G30,ABNT5101!$I$3:$J$9,2) -> 7.5 | AV30: =VLOOKUP(G30,ABNT5101!$I$3:$M$9,5) -> 0.18 | AW30: =_xlfn.XLOOKUP(G30,ABNT5101!I:I,ABNT5101!L:L) -> - | AX30: =_xlfn.XLOOKUP(G30,ABNT5101!$I:$I,ABNT5101!M:M) -> 0.18 | AY30: =_xlfn.XLOOKUP(G30,ABNT5101!$I:$I,ABNT5101!N:N) -> - | AZ30: =_xlfn.XLOOKUP(G30,ABNT5101!$I:$I,ABNT5101!O:O) -> 16 | BA30: =IF(BK30="NÃO ATENDE","NÃO ATENDE",IF(BV30="NÃO ATENDE","NÃO ATENDE",IF(CE30="NÃO ATENDE","NÃO ATENDE","ATENDE"))) -> ATENDE | BB30: =BE30/AU30-1 -> 0.16533333 | BC30: =BF30/AV30-1 -> 1.3888889 | BD30: =IF($G30="M6",BG30/AW30-1,"-") -> - | BE30: 8.74 | BF30: 0.43 | BK30: =IF(OR(BL30="NÃO ATENDE",BM30="NÃO ATENDE",BN30="NÃO ATENDE"),"NÃO ATENDE","ATENDE") -> ATENDE | BL30: =IF(BE30>=AU30,"ATENDE",IF(BE30>=0.99*AU30,"ATENDIMENTO LIMIAR","NÃO ATENDE")) -> ATENDE | BM30: =IF(BF30>=AV30,"ATENDE",IF(BF30>=(AV30-0.02),"ATENDIMENTO LIMIAR","NÃO ATENDE")) -> ATENDE | BN30: =IF(AW30="-","ATENDE",IF(BG30>=AW30,"ATENDE",IF(BG30>=(AW30-0.02),"ATENDIMENTO LIMIAR","NÃO ATENDE"))) -> ATENDE | BO30: =G30 -> C5 | BP30: =I30 -> P6 | BQ30: =IF(BR30="-","-",BR30/BT30-1) -> 0.98 | BR30: 5.94 | BS30: 2.11 | BT30: =IF(BP30="-","-",_xlfn.XLOOKUP(BP30,ABNT5101!$B$4:$B$9,ABNT5101!$C$4:$C$9)) -> 3 | BU30: =IF(BP30="-","-",_xlfn.XLOOKUP(BP30,ABNT5101!$B$4:$B$9,ABNT5101!$D$4:$D$9)) -> 0.6 | BV30: =IF(BW30="-","-",IF(BW30="NÃO ATENDE","NÃO ATENDE",IF(BX30="NÃO ATENDE","NÃO ATENDE","ATENDE"))) -> ATENDE | BW30: =IF(BP30="-","-",IF(BR30>=BT30,"ATENDE",IF(BR30>=(BT30*0.99),"ATENDIMENTO LIMIAR","NÃO ATENDE"))) -> ATENDE | BX30: =IF(BP30="-","-",IF(BS30>=BU30,"ATENDE","NÃO ATENDE")) -> ATENDE | BY30: =BP30 -> P6 | BZ30: =IF(CA30="-","-",CA30/CC30-1) -> 1.9333333 | CA30: 8.8 | CB30: 5.37 | CC30: =IF(BY30="-","-",_xlfn.XLOOKUP(BY30,ABNT5101!$B$4:$B$9,ABNT5101!$C$4:$C$9)) -> 3 | CD30: =IF(BY30="-","-",_xlfn.XLOOKUP(BY30,ABNT5101!$B$4:$B$9,ABNT5101!$D$4:$D$9)) -> 0.6 | CE30: =IF(CF30="-","-",IF(CF30="NÃO ATENDE","NÃO ATENDE",IF(CG30="NÃO ATENDE","NÃO ATENDE","ATENDE"))) -> ATENDE | CF30: =IF(BY30="-","-",IF(CA30>=(CC30),"ATENDE",IF(CA30>=(0.99*CC30),"ATENDIMENTO LIMIAR","NÃO ATENDE"))) -> ATENDE | CG30: =IF(BY30="-","-",IF(CB30>=CD30,"ATENDE","NÃO ATENDE")) -> ATENDE | CH30: =_xlfn.XLOOKUP(CI30,'Banco de dados'!$B:$B,'Banco de dados'!$D:$D) -> SX LIGHTING | CI30: SX-INEVO020HF | CJ30: =_xlfn.XLOOKUP(CI30,'Banco de dados'!$B:$B,'Banco de dados'!$E:$E) -> SXINEVO020K50L12CZF7PHF | CL30: =IF(CK30="-","-",_xlfn.XLOOKUP(CK30,'Banco de dados'!$B:$B,'Banco de dados'!$E:$E)) -> #N/A | CM30: =AE30 -> 1 | CN30: =_xlfn.XLOOKUP(CI30,'Banco de dados'!$B:$B,'Banco de dados'!$H:$H) -> 22.5 | CO30: {=_xludf.XLOOKUP(CK30,'Banco de dados'!$B:$B,'Banco de dados'!$H:$H)} -> #NAME? | CP30: {=_xludf.XLOOKUP(CI30,'Banco de dados'!$B:$B,'Banco de dados'!$F:$F)} -> #NAME? | CQ30: {=_xludf.XLOOKUP(CK30,'Banco de dados'!$B:$B,'Banco de dados'!$F:$F)} -> #NAME? | CR30: 0 | CT30: =IF(AG30=0.5,"Suporte",IF(AND(AG30>='Braços de IP'!$B$9,AG30<='Braços de IP'!$D$9),'Braços de IP'!$E$9,IF(AND(AG30>='Braços de IP'!$B$10,AG30<='Braços de IP'!$D$10),'Braços de IP'!$E$10,IF(AND(AG30>='Braços de IP'!$B$11,AG30<='Braços de IP'!$D$11),'Braços de IP'!$E$11,IF(AND(AG30>='Braços de IP'!$B$12,AG30<='Braços de IP'!$D$12),'Braços de IP'!$E$12,IF(AND(AG30>='Braços de IP'!$B$13,AG30<='Braços de IP'!$D$13),'Braços de IP'!$E$13,IF(AND(AG30>='Braços de IP'!$B$14,AG30<='Braços de IP'!$D$14),'Braços de IP'!$E$14,"ERRO"))))))) -> Médio I | CV30: =IF($CU30="","",VLOOKUP($CU30,'Braços de IP'!$E$9:$I$15,2,0)) | CW30: =IF($CU30="","",VLOOKUP($CU30,'Braços de IP'!$E$9:$I$15,5,0)) | DD30: =CN30 -> 22.5 | DE30: =K30 -> 80 | DF30: =SUM(DD30:DE30)*CM30 -> 102.5 | DG30: =1-DD30/DE30 -> 0.71875 | DH30: Isabel | DK30: Sim | DN30: =((K30+L30)-CN30)/(K30+L30) -> #VALUE!
A31: Verificar preenchimento de dados como largura dos passeio 2 e pista, | B31: 223 | C31: PVP | D31: R. Maj. Mario Portela [Estrutural] | E31: -8.070809 | F31: -34.917034 | G31: C5 | H31: - | I31: P6 | J31: LED | K31: 80 | L31: Interno | M31: 0 | N31: =K31*AE31*2 -> 160 | O31: 1 | P31: 1.4 | V31: 0 | W31: 0 | X31: 0 | Y31: 0 | Z31: 0 | AA31: Unilateral | AB31: Braço | AC31: 28.36 | AD31: 6 | AE31: 1 | AF31: 0 | AG31: 1.55 | AH31: =AG31-AF31 -> 1.55 | AI31: - | AJ31: - | AK31: Não | AL31: =IF(AA31="Unilateral",2*AE31,IF(AA31="Bilateral Alternada",3*AE31,IF(AA31="Bilateral Frontal",4*AE31,IF(AA31="Canteiro Central",2*AE31,"erro")))) -> 2 | AM31: 0 | AO31: 0 | AP31: 0 | AQ31: 0 | AR31: - | AS31: =IF(AM31=0,0,IF(AA31="Unilateral",2*AM31,IF(AA31="Bilateral Alternada",3*AM31,IF(AA31="Bilateral Frontal",4*AM31,IF(AA31="Canteiro Central",2*AM31,"erro"))))) -> 0 | AU31: =VLOOKUP(G31,ABNT5101!$I$3:$J$9,2) -> 7.5 | AV31: =VLOOKUP(G31,ABNT5101!$I$3:$M$9,5) -> 0.18 | AW31: =_xlfn.XLOOKUP(G31,ABNT5101!I:I,ABNT5101!L:L) -> - | AX31: =_xlfn.XLOOKUP(G31,ABNT5101!$I:$I,ABNT5101!M:M) -> 0.18 | AY31: =_xlfn.XLOOKUP(G31,ABNT5101!$I:$I,ABNT5101!N:N) -> - | AZ31: =_xlfn.XLOOKUP(G31,ABNT5101!$I:$I,ABNT5101!O:O) -> 16 | BA31: =IF(BK31="NÃO ATENDE","NÃO ATENDE",IF(BV31="NÃO ATENDE","NÃO ATENDE",IF(CE31="NÃO ATENDE","NÃO ATENDE","ATENDE"))) -> ATENDE | BB31: =BE31/AU31-1 -> 0.748 | BC31: =BF31/AV31-1 -> 1.5555556 | BD31: =IF($G31="M6",BG31/AW31-1,"-") -> - | BE31: 13.11 | BF31: 0.46 | BK31: =IF(OR(BL31="NÃO ATENDE",BM31="NÃO ATENDE",BN31="NÃO ATENDE"),"NÃO ATENDE","ATENDE") -> ATENDE | BL31: =IF(BE31>=AU31,"ATENDE",IF(BE31>=0.99*AU31,"ATENDIMENTO LIMIAR","NÃO ATENDE")) -> ATENDE | BM31: =IF(BF31>=AV31,"ATENDE",IF(BF31>=(AV31-0.02),"ATENDIMENTO LIMIAR","NÃO ATENDE")) -> ATENDE | BN31: =IF(AW31="-","ATENDE",IF(BG31>=AW31,"ATENDE",IF(BG31>=(AW31-0.02),"ATENDIMENTO LIMIAR","NÃO ATENDE"))) -> ATENDE | BO31: =G31 -> C5 | BP31: =I31 -> P6 | BQ31: =IF(BR31="-","-",BR31/BT31-1) -> 1.85 | BR31: 8.55 | BS31: 4.22 | BT31: =IF(BP31="-","-",_xlfn.XLOOKUP(BP31,ABNT5101!$B$4:$B$9,ABNT5101!$C$4:$C$9)) -> 3 | BU31: =IF(BP31="-","-",_xlfn.XLOOKUP(BP31,ABNT5101!$B$4:$B$9,ABNT5101!$D$4:$D$9)) -> 0.6 | BV31: =IF(BW31="-","-",IF(BW31="NÃO ATENDE","NÃO ATENDE",IF(BX31="NÃO ATENDE","NÃO ATENDE","ATENDE"))) -> ATENDE | BW31: =IF(BP31="-","-",IF(BR31>=BT31,"ATENDE",IF(BR31>=(BT31*0.99),"ATENDIMENTO LIMIAR","NÃO ATENDE"))) -> ATENDE | BX31: =IF(BP31="-","-",IF(BS31>=BU31,"ATENDE","NÃO ATENDE")) -> ATENDE | BY31: =BP31 -> P6 | BZ31: =IF(CA31="-","-",CA31/CC31-1) -> 3.3466667 | CA31: 13.04 | CB31: 7.54 | CC31: =IF(BY31="-","-",_xlfn.XLOOKUP(BY31,ABNT5101!$B$4:$B$9,ABNT5101!$C$4:$C$9)) -> 3 | CD31: =IF(BY31="-","-",_xlfn.XLOOKUP(BY31,ABNT5101!$B$4:$B$9,ABNT5101!$D$4:$D$9)) -> 0.6 | CE31: =IF(CF31="-","-",IF(CF31="NÃO ATENDE","NÃO ATENDE",IF(CG31="NÃO ATENDE","NÃO ATENDE","ATENDE"))) -> ATENDE | CF31: =IF(BY31="-","-",IF(CA31>=(CC31),"ATENDE",IF(CA31>=(0.99*CC31),"ATENDIMENTO LIMIAR","NÃO ATENDE"))) -> ATENDE | CG31: =IF(BY31="-","-",IF(CB31>=CD31,"ATENDE","NÃO ATENDE")) -> ATENDE | CH31: =_xlfn.XLOOKUP(CI31,'Banco de dados'!$B:$B,'Banco de dados'!$D:$D) -> #N/A | CI31: SIGSAGPTLRRSSNDL_30W_38IBBRS | CJ31: =_xlfn.XLOOKUP(CI31,'Banco de dados'!$B:$B,'Banco de dados'!$E:$E) -> #N/A | CL31: =IF(CK31="-","-",_xlfn.XLOOKUP(CK31,'Banco de dados'!$B:$B,'Banco de dados'!$E:$E)) -> #N/A | CM31: =AE31 -> 1 | CN31: =_xlfn.XLOOKUP(CI31,'Banco de dados'!$B:$B,'Banco de dados'!$H:$H) -> #N/A | CO31: {=_xludf.XLOOKUP(CK31,'Banco de dados'!$B:$B,'Banco de dados'!$H:$H)} -> #NAME? | CP31: {=_xludf.XLOOKUP(CI31,'Banco de dados'!$B:$B,'Banco de dados'!$F:$F)} -> #NAME? | CQ31: {=_xludf.XLOOKUP(CK31,'Banco de dados'!$B:$B,'Banco de dados'!$F:$F)} -> #NAME? | CR31: 0 | CT31: =IF(AG31=0.5,"Suporte",IF(AND(AG31>='Braços de IP'!$B$9,AG31<='Braços de IP'!$D$9),'Braços de IP'!$E$9,IF(AND(AG31>='Braços de IP'!$B$10,AG31<='Braços de IP'!$D$10),'Braços de IP'!$E$10,IF(AND(AG31>='Braços de IP'!$B$11,AG31<='Braços de IP'!$D$11),'Braços de IP'!$E$11,IF(AND(AG31>='Braços de IP'!$B$12,AG31<='Braços de IP'!$D$12),'Braços de IP'!$E$12,IF(AND(AG31>='Braços de IP'!$B$13,AG31<='Braços de IP'!$D$13),'Braços de IP'!$E$13,IF(AND(AG31>='Braços de IP'!$B$14,AG31<='Braços de IP'!$D$14),'Braços de IP'!$E$14,"ERRO"))))))) -> Médio I | CV31: =IF($CU31="","",VLOOKUP($CU31,'Braços de IP'!$E$9:$I$15,2,0)) | CW31: =IF($CU31="","",VLOOKUP($CU31,'Braços de IP'!$E$9:$I$15,5,0)) | DD31: =CN31 -> #N/A | DE31: =K31 -> 80 | DF31: =SUM(DD31:DE31)*CM31 -> #N/A | DG31: =1-DD31/DE31 -> #N/A | DH31: Isabel | DK31: Sim | DN31: =((K31+L31)-CN31)/(K31+L31) -> #VALUE!
A32: Verificar preenchimento de dados como largura da pista, | B32: 287 | C32: V | D32: Largo dos Coelhos [Estrutural] | E32: -8.070304 | F32: -34.889435 | G32: C4 | H32: - | I32: - | J32: LED | K32: 72 | L32: Interno | M32: 0 | N32: =K32*AE32*2 -> 144 | O32: 1 | V32: 0 | Y32: 0 | Z32: 0 | AA32: Bilateral alternado | AB32: Braço | AC32: 13.9 | AD32: 5.49 | AE32: 1 | AF32: 0 | AG32: 0.94 | AH32: =AG32-AF32 -> 0.94 | AI32: - | AJ32: - | AK32: Não | AL32: =IF(AA32="Unilateral",2*AE32,IF(AA32="Bilateral Alternada",3*AE32,IF(AA32="Bilateral Frontal",4*AE32,IF(AA32="Canteiro Central",2*AE32,"erro")))) -> erro | AM32: 0 | AO32: 0 | AP32: 0 | AQ32: 0 | AR32: - | AS32: =IF(AM32=0,0,IF(AA32="Unilateral",2*AM32,IF(AA32="Bilateral Alternada",3*AM32,IF(AA32="Bilateral Frontal",4*AM32,IF(AA32="Canteiro Central",2*AM32,"erro"))))) -> 0 | AU32: =VLOOKUP(G32,ABNT5101!$I$3:$J$9,2) -> 10 | AV32: =VLOOKUP(G32,ABNT5101!$I$3:$M$9,5) -> 0.18 | AW32: =_xlfn.XLOOKUP(G32,ABNT5101!I:I,ABNT5101!L:L) -> - | AX32: =_xlfn.XLOOKUP(G32,ABNT5101!$I:$I,ABNT5101!M:M) -> 0.18 | AY32: =_xlfn.XLOOKUP(G32,ABNT5101!$I:$I,ABNT5101!N:N) -> - | AZ32: =_xlfn.XLOOKUP(G32,ABNT5101!$I:$I,ABNT5101!O:O) -> 16 | BA32: =IF(BK32="NÃO ATENDE","NÃO ATENDE",IF(BV32="NÃO ATENDE","NÃO ATENDE",IF(CE32="NÃO ATENDE","NÃO ATENDE","ATENDE"))) -> NÃO ATENDE | BB32: =BE32/AU32-1 -> -1 | BC32: =BF32/AV32-1 -> -1 | BD32: =IF($G32="M6",BG32/AW32-1,"-") -> - | BK32: =IF(OR(BL32="NÃO ATENDE",BM32="NÃO ATENDE",BN32="NÃO ATENDE"),"NÃO ATENDE","ATENDE") -> NÃO ATENDE | BL32: =IF(BE32>=AU32,"ATENDE",IF(BE32>=0.99*AU32,"ATENDIMENTO LIMIAR","NÃO ATENDE")) -> NÃO ATENDE | BM32: =IF(BF32>=AV32,"ATENDE",IF(BF32>=(AV32-0.02),"ATENDIMENTO LIMIAR","NÃO ATENDE")) -> NÃO ATENDE | BN32: =IF(AW32="-","ATENDE",IF(BG32>=AW32,"ATENDE",IF(BG32>=(AW32-0.02),"ATENDIMENTO LIMIAR","NÃO ATENDE"))) -> ATENDE | BO32: =G32 -> C4 | BP32: =I32 -> - | BQ32: =IF(BR32="-","-",BR32/BT32-1) -> #VALUE! | BT32: =IF(BP32="-","-",_xlfn.XLOOKUP(BP32,ABNT5101!$B$4:$B$9,ABNT5101!$C$4:$C$9)) -> - | BU32: =IF(BP32="-","-",_xlfn.XLOOKUP(BP32,ABNT5101!$B$4:$B$9,ABNT5101!$D$4:$D$9)) -> - | BV32: =IF(BW32="-","-",IF(BW32="NÃO ATENDE","NÃO ATENDE",IF(BX32="NÃO ATENDE","NÃO ATENDE","ATENDE"))) -> - | BW32: =IF(BP32="-","-",IF(BR32>=BT32,"ATENDE",IF(BR32>=(BT32*0.99),"ATENDIMENTO LIMIAR","NÃO ATENDE"))) -> - | BX32: =IF(BP32="-","-",IF(BS32>=BU32,"ATENDE","NÃO ATENDE")) -> - | BY32: =BP32 -> - | BZ32: =IF(CA32="-","-",CA32/CC32-1) -> #VALUE! | CC32: =IF(BY32="-","-",_xlfn.XLOOKUP(BY32,ABNT5101!$B$4:$B$9,ABNT5101!$C$4:$C$9)) -> - | CD32: =IF(BY32="-","-",_xlfn.XLOOKUP(BY32,ABNT5101!$B$4:$B$9,ABNT5101!$D$4:$D$9)) -> - | CE32: =IF(CF32="-","-",IF(CF32="NÃO ATENDE","NÃO ATENDE",IF(CG32="NÃO ATENDE","NÃO ATENDE","ATENDE"))) -> - | CF32: =IF(BY32="-","-",IF(CA32>=(CC32),"ATENDE",IF(CA32>=(0.99*CC32),"ATENDIMENTO LIMIAR","NÃO ATENDE"))) -> - | CG32: =IF(BY32="-","-",IF(CB32>=CD32,"ATENDE","NÃO ATENDE")) -> - | CH32: =_xlfn.XLOOKUP(CI32,'Banco de dados'!$B:$B,'Banco de dados'!$D:$D) -> #N/A | CJ32: =_xlfn.XLOOKUP(CI32,'Banco de dados'!$B:$B,'Banco de dados'!$E:$E) -> #N/A | CL32: =IF(CK32="-","-",_xlfn.XLOOKUP(CK32,'Banco de dados'!$B:$B,'Banco de dados'!$E:$E)) -> #N/A | CM32: =AE32 -> 1 | CN32: =_xlfn.XLOOKUP(CI32,'Banco de dados'!$B:$B,'Banco de dados'!$H:$H) -> 0 | CO32: {=_xludf.XLOOKUP(CK32,'Banco de dados'!$B:$B,'Banco de dados'!$H:$H)} -> #NAME? | CP32: {=_xludf.XLOOKUP(CI32,'Banco de dados'!$B:$B,'Banco de dados'!$F:$F)} -> #NAME? | CQ32: {=_xludf.XLOOKUP(CK32,'Banco de dados'!$B:$B,'Banco de dados'!$F:$F)} -> #NAME? | CR32: 0 | CT32: =IF(AG32=0.5,"Suporte",IF(AND(AG32>='Braços de IP'!$B$9,AG32<='Braços de IP'!$D$9),'Braços de IP'!$E$9,IF(AND(AG32>='Braços de IP'!$B$10,AG32<='Braços de IP'!$D$10),'Braços de IP'!$E$10,IF(AND(AG32>='Braços de IP'!$B$11,AG32<='Braços de IP'!$D$11),'Braços de IP'!$E$11,IF(AND(AG32>='Braços de IP'!$B$12,AG32<='Braços de IP'!$D$12),'Braços de IP'!$E$12,IF(AND(AG32>='Braços de IP'!$B$13,AG32<='Braços de IP'!$D$13),'Braços de IP'!$E$13,IF(AND(AG32>='Braços de IP'!$B$14,AG32<='Braços de IP'!$D$14),'Braços de IP'!$E$14,"ERRO"))))))) -> Curto I | CV32: =IF($CU32="","",VLOOKUP($CU32,'Braços de IP'!$E$9:$I$15,2,0)) | CW32: =IF($CU32="","",VLOOKUP($CU32,'Braços de IP'!$E$9:$I$15,5,0)) | DD32: =CN32 -> 0 | DE32: =K32 -> 72 | DF32: =SUM(DD32:DE32)*CM32 -> 72 | DG32: =1-DD32/DE32 -> 1 | DK32: Sim | DN32: =((K32+L32)-CN32)/(K32+L32) -> #VALUE!
A33: Verificar preenchimento de dados como largura da pista, | B33: 287 | C33: V | D33: Largo dos Coelhos [Estrutural] | E33: -8.070304 | F33: -34.889435 | G33: C4 | H33: - | I33: - | J33: LED | K33: 72 | L33: Interno | M33: 0 | N33: =K33*AE33*2 -> 144 | O33: 1 | V33: 0 | Y33: 0 | Z33: 0 | AA33: Bilateral alternado | AB33: Braço | AC33: 13.9 | AD33: 5.49 | AE33: 1 | AF33: 0 | AG33: 0.94 | AH33: =AG33-AF33 -> 0.94 | AI33: - | AJ33: - | AK33: Não | AL33: =IF(AA33="Unilateral",2*AE33,IF(AA33="Bilateral Alternada",3*AE33,IF(AA33="Bilateral Frontal",4*AE33,IF(AA33="Canteiro Central",2*AE33,"erro")))) -> erro | AM33: 0 | AO33: 0 | AP33: 0 | AQ33: 0 | AR33: - | AS33: =IF(AM33=0,0,IF(AA33="Unilateral",2*AM33,IF(AA33="Bilateral Alternada",3*AM33,IF(AA33="Bilateral Frontal",4*AM33,IF(AA33="Canteiro Central",2*AM33,"erro"))))) -> 0 | AU33: =VLOOKUP(G33,ABNT5101!$I$3:$J$9,2) -> 10 | AV33: =VLOOKUP(G33,ABNT5101!$I$3:$M$9,5) -> 0.18 | AW33: =_xlfn.XLOOKUP(G33,ABNT5101!I:I,ABNT5101!L:L) -> - | AX33: =_xlfn.XLOOKUP(G33,ABNT5101!$I:$I,ABNT5101!M:M) -> 0.18 | AY33: =_xlfn.XLOOKUP(G33,ABNT5101!$I:$I,ABNT5101!N:N) -> - | AZ33: =_xlfn.XLOOKUP(G33,ABNT5101!$I:$I,ABNT5101!O:O) -> 16 | BA33: =IF(BK33="NÃO ATENDE","NÃO ATENDE",IF(BV33="NÃO ATENDE","NÃO ATENDE",IF(CE33="NÃO ATENDE","NÃO ATENDE","ATENDE"))) -> NÃO ATENDE | BB33: =BE33/AU33-1 -> -1 | BC33: =BF33/AV33-1 -> -1 | BD33: =IF($G33="M6",BG33/AW33-1,"-") -> - | BK33: =IF(OR(BL33="NÃO ATENDE",BM33="NÃO ATENDE",BN33="NÃO ATENDE"),"NÃO ATENDE","ATENDE") -> NÃO ATENDE | BL33: =IF(BE33>=AU33,"ATENDE",IF(BE33>=0.99*AU33,"ATENDIMENTO LIMIAR","NÃO ATENDE")) -> NÃO ATENDE | BM33: =IF(BF33>=AV33,"ATENDE",IF(BF33>=(AV33-0.02),"ATENDIMENTO LIMIAR","NÃO ATENDE")) -> NÃO ATENDE | BN33: =IF(AW33="-","ATENDE",IF(BG33>=AW33,"ATENDE",IF(BG33>=(AW33-0.02),"ATENDIMENTO LIMIAR","NÃO ATENDE"))) -> ATENDE | BO33: =G33 -> C4 | BP33: =I33 -> - | BQ33: =IF(BR33="-","-",BR33/BT33-1) -> #VALUE! | BT33: =IF(BP33="-","-",_xlfn.XLOOKUP(BP33,ABNT5101!$B$4:$B$9,ABNT5101!$C$4:$C$9)) -> - | BU33: =IF(BP33="-","-",_xlfn.XLOOKUP(BP33,ABNT5101!$B$4:$B$9,ABNT5101!$D$4:$D$9)) -> - | BV33: =IF(BW33="-","-",IF(BW33="NÃO ATENDE","NÃO ATENDE",IF(BX33="NÃO ATENDE","NÃO ATENDE","ATENDE"))) -> - | BW33: =IF(BP33="-","-",IF(BR33>=BT33,"ATENDE",IF(BR33>=(BT33*0.99),"ATENDIMENTO LIMIAR","NÃO ATENDE"))) -> - | BX33: =IF(BP33="-","-",IF(BS33>=BU33,"ATENDE","NÃO ATENDE")) -> - | BY33: =BP33 -> - | BZ33: =IF(CA33="-","-",CA33/CC33-1) -> #VALUE! | CC33: =IF(BY33="-","-",_xlfn.XLOOKUP(BY33,ABNT5101!$B$4:$B$9,ABNT5101!$C$4:$C$9)) -> - | CD33: =IF(BY33="-","-",_xlfn.XLOOKUP(BY33,ABNT5101!$B$4:$B$9,ABNT5101!$D$4:$D$9)) -> - | CE33: =IF(CF33="-","-",IF(CF33="NÃO ATENDE","NÃO ATENDE",IF(CG33="NÃO ATENDE","NÃO ATENDE","ATENDE"))) -> - | CF33: =IF(BY33="-","-",IF(CA33>=(CC33),"ATENDE",IF(CA33>=(0.99*CC33),"ATENDIMENTO LIMIAR","NÃO ATENDE"))) -> - | CG33: =IF(BY33="-","-",IF(CB33>=CD33,"ATENDE","NÃO ATENDE")) -> - | CH33: =_xlfn.XLOOKUP(CI33,'Banco de dados'!$B:$B,'Banco de dados'!$D:$D) -> #N/A | CJ33: =_xlfn.XLOOKUP(CI33,'Banco de dados'!$B:$B,'Banco de dados'!$E:$E) -> #N/A | CL33: =IF(CK33="-","-",_xlfn.XLOOKUP(CK33,'Banco de dados'!$B:$B,'Banco de dados'!$E:$E)) -> #N/A | CM33: =AE33 -> 1 | CN33: =_xlfn.XLOOKUP(CI33,'Banco de dados'!$B:$B,'Banco de dados'!$H:$H) -> 0 | CO33: {=_xludf.XLOOKUP(CK33,'Banco de dados'!$B:$B,'Banco de dados'!$H:$H)} -> #NAME? | CP33: {=_xludf.XLOOKUP(CI33,'Banco de dados'!$B:$B,'Banco de dados'!$F:$F)} -> #NAME? | CQ33: {=_xludf.XLOOKUP(CK33,'Banco de dados'!$B:$B,'Banco de dados'!$F:$F)} -> #NAME? | CR33: 0 | CT33: =IF(AG33=0.5,"Suporte",IF(AND(AG33>='Braços de IP'!$B$9,AG33<='Braços de IP'!$D$9),'Braços de IP'!$E$9,IF(AND(AG33>='Braços de IP'!$B$10,AG33<='Braços de IP'!$D$10),'Braços de IP'!$E$10,IF(AND(AG33>='Braços de IP'!$B$11,AG33<='Braços de IP'!$D$11),'Braços de IP'!$E$11,IF(AND(AG33>='Braços de IP'!$B$12,AG33<='Braços de IP'!$D$12),'Braços de IP'!$E$12,IF(AND(AG33>='Braços de IP'!$B$13,AG33<='Braços de IP'!$D$13),'Braços de IP'!$E$13,IF(AND(AG33>='Braços de IP'!$B$14,AG33<='Braços de IP'!$D$14),'Braços de IP'!$E$14,"ERRO"))))))) -> Curto I | CV33: =IF($CU33="","",VLOOKUP($CU33,'Braços de IP'!$E$9:$I$15,2,0)) | CW33: =IF($CU33="","",VLOOKUP($CU33,'Braços de IP'!$E$9:$I$15,5,0)) | DD33: =CN33 -> 0 | DE33: =K33 -> 72 | DF33: =SUM(DD33:DE33)*CM33 -> 72 | DG33: =1-DD33/DE33 -> 1 | DK33: Sim | DN33: =((K33+L33)-CN33)/(K33+L33) -> #VALUE!
A34: Verificar preenchimento de dados como largura da pista, | B34: 287 | C34: V | D34: Largo dos Coelhos [Estrutural] | E34: -8.070304 | F34: -34.889435 | G34: C4 | H34: - | I34: - | J34: LED | K34: 72 | L34: Interno | M34: 0 | N34: =K34*AE34*2 -> 144 | O34: 1 | V34: 0 | Y34: 0 | Z34: 0 | AA34: Bilateral alternado | AB34: Braço | AC34: 13.9 | AD34: 5.49 | AE34: 1 | AF34: 0 | AG34: 0.94 | AH34: =AG34-AF34 -> 0.94 | AI34: - | AJ34: - | AK34: Não | AL34: =IF(AA34="Unilateral",2*AE34,IF(AA34="Bilateral Alternada",3*AE34,IF(AA34="Bilateral Frontal",4*AE34,IF(AA34="Canteiro Central",2*AE34,"erro")))) -> erro | AM34: 0 | AO34: 0 | AP34: 0 | AQ34: 0 | AR34: - | AS34: =IF(AM34=0,0,IF(AA34="Unilateral",2*AM34,IF(AA34="Bilateral Alternada",3*AM34,IF(AA34="Bilateral Frontal",4*AM34,IF(AA34="Canteiro Central",2*AM34,"erro"))))) -> 0 | AU34: =VLOOKUP(G34,ABNT5101!$I$3:$J$9,2) -> 10 | AV34: =VLOOKUP(G34,ABNT5101!$I$3:$M$9,5) -> 0.18 | AW34: =_xlfn.XLOOKUP(G34,ABNT5101!I:I,ABNT5101!L:L) -> - | AX34: =_xlfn.XLOOKUP(G34,ABNT5101!$I:$I,ABNT5101!M:M) -> 0.18 | AY34: =_xlfn.XLOOKUP(G34,ABNT5101!$I:$I,ABNT5101!N:N) -> - | AZ34: =_xlfn.XLOOKUP(G34,ABNT5101!$I:$I,ABNT5101!O:O) -> 16 | BA34: =IF(BK34="NÃO ATENDE","NÃO ATENDE",IF(BV34="NÃO ATENDE","NÃO ATENDE",IF(CE34="NÃO ATENDE","NÃO ATENDE","ATENDE"))) -> NÃO ATENDE | BB34: =BE34/AU34-1 -> -1 | BC34: =BF34/AV34-1 -> -1 | BD34: =IF($G34="M6",BG34/AW34-1,"-") -> - | BK34: =IF(OR(BL34="NÃO ATENDE",BM34="NÃO ATENDE",BN34="NÃO ATENDE"),"NÃO ATENDE","ATENDE") -> NÃO ATENDE | BL34: =IF(BE34>=AU34,"ATENDE",IF(BE34>=0.99*AU34,"ATENDIMENTO LIMIAR","NÃO ATENDE")) -> NÃO ATENDE | BM34: =IF(BF34>=AV34,"ATENDE",IF(BF34>=(AV34-0.02),"ATENDIMENTO LIMIAR","NÃO ATENDE")) -> NÃO ATENDE | BN34: =IF(AW34="-","ATENDE",IF(BG34>=AW34,"ATENDE",IF(BG34>=(AW34-0.02),"ATENDIMENTO LIMIAR","NÃO ATENDE"))) -> ATENDE | BO34: =G34 -> C4 | BP34: =I34 -> - | BQ34: =IF(BR34="-","-",BR34/BT34-1) -> #VALUE! | BT34: =IF(BP34="-","-",_xlfn.XLOOKUP(BP34,ABNT5101!$B$4:$B$9,ABNT5101!$C$4:$C$9)) -> - | BU34: =IF(BP34="-","-",_xlfn.XLOOKUP(BP34,ABNT5101!$B$4:$B$9,ABNT5101!$D$4:$D$9)) -> - | BV34: =IF(BW34="-","-",IF(BW34="NÃO ATENDE","NÃO ATENDE",IF(BX34="NÃO ATENDE","NÃO ATENDE","ATENDE"))) -> - | BW34: =IF(BP34="-","-",IF(BR34>=BT34,"ATENDE",IF(BR34>=(BT34*0.99),"ATENDIMENTO LIMIAR","NÃO ATENDE"))) -> - | BX34: =IF(BP34="-","-",IF(BS34>=BU34,"ATENDE","NÃO ATENDE")) -> - | BY34: =BP34 -> - | BZ34: =IF(CA34="-","-",CA34/CC34-1) -> #VALUE! | CC34: =IF(BY34="-","-",_xlfn.XLOOKUP(BY34,ABNT5101!$B$4:$B$9,ABNT5101!$C$4:$C$9)) -> - | CD34: =IF(BY34="-","-",_xlfn.XLOOKUP(BY34,ABNT5101!$B$4:$B$9,ABNT5101!$D$4:$D$9)) -> - | CE34: =IF(CF34="-","-",IF(CF34="NÃO ATENDE","NÃO ATENDE",IF(CG34="NÃO ATENDE","NÃO ATENDE","ATENDE"))) -> - | CF34: =IF(BY34="-","-",IF(CA34>=(CC34),"ATENDE",IF(CA34>=(0.99*CC34),"ATENDIMENTO LIMIAR","NÃO ATENDE"))) -> - | CG34: =IF(BY34="-","-",IF(CB34>=CD34,"ATENDE","NÃO ATENDE")) -> - | CH34: =_xlfn.XLOOKUP(CI34,'Banco de dados'!$B:$B,'Banco de dados'!$D:$D) -> #N/A | CJ34: =_xlfn.XLOOKUP(CI34,'Banco de dados'!$B:$B,'Banco de dados'!$E:$E) -> #N/A | CL34: =IF(CK34="-","-",_xlfn.XLOOKUP(CK34,'Banco de dados'!$B:$B,'Banco de dados'!$E:$E)) -> #N/A | CM34: =AE34 -> 1 | CN34: =_xlfn.XLOOKUP(CI34,'Banco de dados'!$B:$B,'Banco de dados'!$H:$H) -> 0 | CO34: {=_xludf.XLOOKUP(CK34,'Banco de dados'!$B:$B,'Banco de dados'!$H:$H)} -> #NAME? | CP34: {=_xludf.XLOOKUP(CI34,'Banco de dados'!$B:$B,'Banco de dados'!$F:$F)} -> #NAME? | CQ34: {=_xludf.XLOOKUP(CK34,'Banco de dados'!$B:$B,'Banco de dados'!$F:$F)} -> #NAME? | CR34: 0 | CT34: =IF(AG34=0.5,"Suporte",IF(AND(AG34>='Braços de IP'!$B$9,AG34<='Braços de IP'!$D$9),'Braços de IP'!$E$9,IF(AND(AG34>='Braços de IP'!$B$10,AG34<='Braços de IP'!$D$10),'Braços de IP'!$E$10,IF(AND(AG34>='Braços de IP'!$B$11,AG34<='Braços de IP'!$D$11),'Braços de IP'!$E$11,IF(AND(AG34>='Braços de IP'!$B$12,AG34<='Braços de IP'!$D$12),'Braços de IP'!$E$12,IF(AND(AG34>='Braços de IP'!$B$13,AG34<='Braços de IP'!$D$13),'Braços de IP'!$E$13,IF(AND(AG34>='Braços de IP'!$B$14,AG34<='Braços de IP'!$D$14),'Braços de IP'!$E$14,"ERRO"))))))) -> Curto I | CV34: =IF($CU34="","",VLOOKUP($CU34,'Braços de IP'!$E$9:$I$15,2,0)) | CW34: =IF($CU34="","",VLOOKUP($CU34,'Braços de IP'!$E$9:$I$15,5,0)) | DD34: =CN34 -> 0 | DE34: =K34 -> 72 | DF34: =SUM(DD34:DE34)*CM34 -> 72 | DG34: =1-DD34/DE34 -> 1 | DK34: Sim | DN34: =((K34+L34)-CN34)/(K34+L34) -> #VALUE!
A35: Verificar preenchimento de dados como largura dos passeios e pista, | B35: 288 | C35: PV | D35: Rua Padre Venancio [Estrutural] | E35: -8.06919 | F35: -34.888218 | G35: C4 | H35: - | I35: P6 | J35: LED | K35: 90 | L35: Interno | M35: 0 | N35: =K35*AE35*2 -> 360 | O35: 1 | V35: 0 | Y35: 0 | Z35: 0 | AA35: Unilateral | AB35: Braço | AC35: 37.15 | AD35: 7.34 | AE35: 2 | AF35: 0.64 | AG35: 1.61 | AH35: =AG35-AF35 -> 0.97 | AI35: - | AJ35: - | AK35: Não | AL35: =IF(AA35="Unilateral",2*AE35,IF(AA35="Bilateral Alternada",3*AE35,IF(AA35="Bilateral Frontal",4*AE35,IF(AA35="Canteiro Central",2*AE35,"erro")))) -> 4 | AM35: 0 | AO35: 0 | AP35: 0 | AQ35: 0 | AR35: - | AS35: =IF(AM35=0,0,IF(AA35="Unilateral",2*AM35,IF(AA35="Bilateral Alternada",3*AM35,IF(AA35="Bilateral Frontal",4*AM35,IF(AA35="Canteiro Central",2*AM35,"erro"))))) -> 0 | AU35: =VLOOKUP(G35,ABNT5101!$I$3:$J$9,2) -> 10 | AV35: =VLOOKUP(G35,ABNT5101!$I$3:$M$9,5) -> 0.18 | AW35: =_xlfn.XLOOKUP(G35,ABNT5101!I:I,ABNT5101!L:L) -> - | AX35: =_xlfn.XLOOKUP(G35,ABNT5101!$I:$I,ABNT5101!M:M) -> 0.18 | AY35: =_xlfn.XLOOKUP(G35,ABNT5101!$I:$I,ABNT5101!N:N) -> - | AZ35: =_xlfn.XLOOKUP(G35,ABNT5101!$I:$I,ABNT5101!O:O) -> 16 | BA35: =IF(BK35="NÃO ATENDE","NÃO ATENDE",IF(BV35="NÃO ATENDE","NÃO ATENDE",IF(CE35="NÃO ATENDE","NÃO ATENDE","ATENDE"))) -> NÃO ATENDE | BB35: =BE35/AU35-1 -> -1 | BC35: =BF35/AV35-1 -> -1 | BD35: =IF($G35="M6",BG35/AW35-1,"-") -> - | BK35: =IF(OR(BL35="NÃO ATENDE",BM35="NÃO ATENDE",BN35="NÃO ATENDE"),"NÃO ATENDE","ATENDE") -> NÃO ATENDE | BL35: =IF(BE35>=AU35,"ATENDE",IF(BE35>=0.99*AU35,"ATENDIMENTO LIMIAR","NÃO ATENDE")) -> NÃO ATENDE | BM35: =IF(BF35>=AV35,"ATENDE",IF(BF35>=(AV35-0.02),"ATENDIMENTO LIMIAR","NÃO ATENDE")) -> NÃO ATENDE | BN35: =IF(AW35="-","ATENDE",IF(BG35>=AW35,"ATENDE",IF(BG35>=(AW35-0.02),"ATENDIMENTO LIMIAR","NÃO ATENDE"))) -> ATENDE | BO35: =G35 -> C4 | BP35: =I35 -> P6 | BQ35: =IF(BR35="-","-",BR35/BT35-1) -> -1 | BT35: =IF(BP35="-","-",_xlfn.XLOOKUP(BP35,ABNT5101!$B$4:$B$9,ABNT5101!$C$4:$C$9)) -> 3 | BU35: =IF(BP35="-","-",_xlfn.XLOOKUP(BP35,ABNT5101!$B$4:$B$9,ABNT5101!$D$4:$D$9)) -> 0.6 | BV35: =IF(BW35="-","-",IF(BW35="NÃO ATENDE","NÃO ATENDE",IF(BX35="NÃO ATENDE","NÃO ATENDE","ATENDE"))) -> NÃO ATENDE | BW35: =IF(BP35="-","-",IF(BR35>=BT35,"ATENDE",IF(BR35>=(BT35*0.99),"ATENDIMENTO LIMIAR","NÃO ATENDE"))) -> NÃO ATENDE | BX35: =IF(BP35="-","-",IF(BS35>=BU35,"ATENDE","NÃO ATENDE")) -> NÃO ATENDE | BY35: =BP35 -> P6 | BZ35: =IF(CA35="-","-",CA35/CC35-1) -> -1 | CC35: =IF(BY35="-","-",_xlfn.XLOOKUP(BY35,ABNT5101!$B$4:$B$9,ABNT5101!$C$4:$C$9)) -> 3 | CD35: =IF(BY35="-","-",_xlfn.XLOOKUP(BY35,ABNT5101!$B$4:$B$9,ABNT5101!$D$4:$D$9)) -> 0.6 | CE35: =IF(CF35="-","-",IF(CF35="NÃO ATENDE","NÃO ATENDE",IF(CG35="NÃO ATENDE","NÃO ATENDE","ATENDE"))) -> NÃO ATENDE | CF35: =IF(BY35="-","-",IF(CA35>=(CC35),"ATENDE",IF(CA35>=(0.99*CC35),"ATENDIMENTO LIMIAR","NÃO ATENDE"))) -> NÃO ATENDE | CG35: =IF(BY35="-","-",IF(CB35>=CD35,"ATENDE","NÃO ATENDE")) -> NÃO ATENDE | CH35: =_xlfn.XLOOKUP(CI35,'Banco de dados'!$B:$B,'Banco de dados'!$D:$D) -> #N/A | CJ35: =_xlfn.XLOOKUP(CI35,'Banco de dados'!$B:$B,'Banco de dados'!$E:$E) -> #N/A | CL35: =IF(CK35="-","-",_xlfn.XLOOKUP(CK35,'Banco de dados'!$B:$B,'Banco de dados'!$E:$E)) -> #N/A | CM35: =AE35 -> 2 | CN35: =_xlfn.XLOOKUP(CI35,'Banco de dados'!$B:$B,'Banco de dados'!$H:$H) -> 0 | CO35: {=_xludf.XLOOKUP(CK35,'Banco de dados'!$B:$B,'Banco de dados'!$H:$H)} -> #NAME? | CP35: {=_xludf.XLOOKUP(CI35,'Banco de dados'!$B:$B,'Banco de dados'!$F:$F)} -> #NAME? | CQ35: {=_xludf.XLOOKUP(CK35,'Banco de dados'!$B:$B,'Banco de dados'!$F:$F)} -> #NAME? | CR35: 0 | CT35: =IF(AG35=0.5,"Suporte",IF(AND(AG35>='Braços de IP'!$B$9,AG35<='Braços de IP'!$D$9),'Braços de IP'!$E$9,IF(AND(AG35>='Braços de IP'!$B$10,AG35<='Braços de IP'!$D$10),'Braços de IP'!$E$10,IF(AND(AG35>='Braços de IP'!$B$11,AG35<='Braços de IP'!$D$11),'Braços de IP'!$E$11,IF(AND(AG35>='Braços de IP'!$B$12,AG35<='Braços de IP'!$D$12),'Braços de IP'!$E$12,IF(AND(AG35>='Braços de IP'!$B$13,AG35<='Braços de IP'!$D$13),'Braços de IP'!$E$13,IF(AND(AG35>='Braços de IP'!$B$14,AG35<='Braços de IP'!$D$14),'Braços de IP'!$E$14,"ERRO"))))))) -> Médio I | CV35: =IF($CU35="","",VLOOKUP($CU35,'Braços de IP'!$E$9:$I$15,2,0)) | CW35: =IF($CU35="","",VLOOKUP($CU35,'Braços de IP'!$E$9:$I$15,5,0)) | DD35: =CN35 -> 0 | DE35: =K35 -> 90 | DF35: =SUM(DD35:DE35)*CM35 -> 180 | DG35: =1-DD35/DE35 -> 1 | DK35: Sim | DN35: =((K35+L35)-CN35)/(K35+L35) -> #VALUE!
A36: Verificar preenchimento de dados como largura dos passeios e pista, | B36: 288 | C36: PV | D36: Rua Padre Venancio [Estrutural] | E36: -8.06919 | F36: -34.888218 | G36: C4 | H36: - | I36: P6 | J36: LED | K36: 90 | L36: Interno | M36: 0 | N36: =K36*AE36*2 -> 360 | O36: 1 | V36: 0 | Y36: 0 | Z36: 0 | AA36: Unilateral | AB36: Braço | AC36: 37.15 | AD36: 7.34 | AE36: 2 | AF36: 0.64 | AG36: 1.61 | AH36: =AG36-AF36 -> 0.97 | AI36: - | AJ36: - | AK36: Não | AL36: =IF(AA36="Unilateral",2*AE36,IF(AA36="Bilateral Alternada",3*AE36,IF(AA36="Bilateral Frontal",4*AE36,IF(AA36="Canteiro Central",2*AE36,"erro")))) -> 4 | AM36: 0 | AO36: 0 | AP36: 0 | AQ36: 0 | AR36: - | AS36: =IF(AM36=0,0,IF(AA36="Unilateral",2*AM36,IF(AA36="Bilateral Alternada",3*AM36,IF(AA36="Bilateral Frontal",4*AM36,IF(AA36="Canteiro Central",2*AM36,"erro"))))) -> 0 | AU36: =VLOOKUP(G36,ABNT5101!$I$3:$J$9,2) -> 10 | AV36: =VLOOKUP(G36,ABNT5101!$I$3:$M$9,5) -> 0.18 | AW36: =_xlfn.XLOOKUP(G36,ABNT5101!I:I,ABNT5101!L:L) -> - | AX36: =_xlfn.XLOOKUP(G36,ABNT5101!$I:$I,ABNT5101!M:M) -> 0.18 | AY36: =_xlfn.XLOOKUP(G36,ABNT5101!$I:$I,ABNT5101!N:N) -> - | AZ36: =_xlfn.XLOOKUP(G36,ABNT5101!$I:$I,ABNT5101!O:O) -> 16 | BA36: =IF(BK36="NÃO ATENDE","NÃO ATENDE",IF(BV36="NÃO ATENDE","NÃO ATENDE",IF(CE36="NÃO ATENDE","NÃO ATENDE","ATENDE"))) -> NÃO ATENDE | BB36: =BE36/AU36-1 -> -1 | BC36: =BF36/AV36-1 -> -1 | BD36: =IF($G36="M6",BG36/AW36-1,"-") -> - | BK36: =IF(OR(BL36="NÃO ATENDE",BM36="NÃO ATENDE",BN36="NÃO ATENDE"),"NÃO ATENDE","ATENDE") -> NÃO ATENDE | BL36: =IF(BE36>=AU36,"ATENDE",IF(BE36>=0.99*AU36,"ATENDIMENTO LIMIAR","NÃO ATENDE")) -> NÃO ATENDE | BM36: =IF(BF36>=AV36,"ATENDE",IF(BF36>=(AV36-0.02),"ATENDIMENTO LIMIAR","NÃO ATENDE")) -> NÃO ATENDE | BN36: =IF(AW36="-","ATENDE",IF(BG36>=AW36,"ATENDE",IF(BG36>=(AW36-0.02),"ATENDIMENTO LIMIAR","NÃO ATENDE"))) -> ATENDE | BO36: =G36 -> C4 | BP36: =I36 -> P6 | BQ36: =IF(BR36="-","-",BR36/BT36-1) -> -1 | BT36: =IF(BP36="-","-",_xlfn.XLOOKUP(BP36,ABNT5101!$B$4:$B$9,ABNT5101!$C$4:$C$9)) -> 3 | BU36: =IF(BP36="-","-",_xlfn.XLOOKUP(BP36,ABNT5101!$B$4:$B$9,ABNT5101!$D$4:$D$9)) -> 0.6 | BV36: =IF(BW36="-","-",IF(BW36="NÃO ATENDE","NÃO ATENDE",IF(BX36="NÃO ATENDE","NÃO ATENDE","ATENDE"))) -> NÃO ATENDE | BW36: =IF(BP36="-","-",IF(BR36>=BT36,"ATENDE",IF(BR36>=(BT36*0.99),"ATENDIMENTO LIMIAR","NÃO ATENDE"))) -> NÃO ATENDE | BX36: =IF(BP36="-","-",IF(BS36>=BU36,"ATENDE","NÃO ATENDE")) -> NÃO ATENDE | BY36: =BP36 -> P6 | BZ36: =IF(CA36="-","-",CA36/CC36-1) -> -1 | CC36: =IF(BY36="-","-",_xlfn.XLOOKUP(BY36,ABNT5101!$B$4:$B$9,ABNT5101!$C$4:$C$9)) -> 3 | CD36: =IF(BY36="-","-",_xlfn.XLOOKUP(BY36,ABNT5101!$B$4:$B$9,ABNT5101!$D$4:$D$9)) -> 0.6 | CE36: =IF(CF36="-","-",IF(CF36="NÃO ATENDE","NÃO ATENDE",IF(CG36="NÃO ATENDE","NÃO ATENDE","ATENDE"))) -> NÃO ATENDE | CF36: =IF(BY36="-","-",IF(CA36>=(CC36),"ATENDE",IF(CA36>=(0.99*CC36),"ATENDIMENTO LIMIAR","NÃO ATENDE"))) -> NÃO ATENDE | CG36: =IF(BY36="-","-",IF(CB36>=CD36,"ATENDE","NÃO ATENDE")) -> NÃO ATENDE | CH36: =_xlfn.XLOOKUP(CI36,'Banco de dados'!$B:$B,'Banco de dados'!$D:$D) -> #N/A | CJ36: =_xlfn.XLOOKUP(CI36,'Banco de dados'!$B:$B,'Banco de dados'!$E:$E) -> #N/A | CL36: =IF(CK36="-","-",_xlfn.XLOOKUP(CK36,'Banco de dados'!$B:$B,'Banco de dados'!$E:$E)) -> #N/A | CM36: =AE36 -> 2 | CN36: =_xlfn.XLOOKUP(CI36,'Banco de dados'!$B:$B,'Banco de dados'!$H:$H) -> 0 | CO36: {=_xludf.XLOOKUP(CK36,'Banco de dados'!$B:$B,'Banco de dados'!$H:$H)} -> #NAME? | CP36: {=_xludf.XLOOKUP(CI36,'Banco de dados'!$B:$B,'Banco de dados'!$F:$F)} -> #NAME? | CQ36: {=_xludf.XLOOKUP(CK36,'Banco de dados'!$B:$B,'Banco de dados'!$F:$F)} -> #NAME? | CR36: 0 | CS36: 10 | CT36: =IF(AG36=0.5,"Suporte",IF(AND(AG36>='Braços de IP'!$B$9,AG36<='Braços de IP'!$D$9),'Braços de IP'!$E$9,IF(AND(AG36>='Braços de IP'!$B$10,AG36<='Braços de IP'!$D$10),'Braços de IP'!$E$10,IF(AND(AG36>='Braços de IP'!$B$11,AG36<='Braços de IP'!$D$11),'Braços de IP'!$E$11,IF(AND(AG36>='Braços de IP'!$B$12,AG36<='Braços de IP'!$D$12),'Braços de IP'!$E$12,IF(AND(AG36>='Braços de IP'!$B$13,AG36<='Braços de IP'!$D$13),'Braços de IP'!$E$13,IF(AND(AG36>='Braços de IP'!$B$14,AG36<='Braços de IP'!$D$14),'Braços de IP'!$E$14,"ERRO"))))))) -> Médio I | CV36: =IF($CU36="","",VLOOKUP($CU36,'Braços de IP'!$E$9:$I$15,2,0)) | CW36: =IF($CU36="","",VLOOKUP($CU36,'Braços de IP'!$E$9:$I$15,5,0)) | DD36: =CN36 -> 0 | DE36: =K36 -> 90 | DF36: =SUM(DD36:DE36)*CM36 -> 180 | DG36: =1-DD36/DE36 -> 1 | DK36: Sim | DN36: =((K36+L36)-CN36)/(K36+L36) -> #VALUE!
A37: Verificar preenchimento de dados como largura dos passeios e pista, | B37: 288 | C37: PV | D37: Rua Padre Venancio [Estrutural] | E37: -8.06919 | F37: -34.888218 | G37: C4 | H37: - | I37: P6 | J37: LED | K37: 90 | L37: Interno | M37: 0 | N37: =K37*AE37*2 -> 360 | O37: 1 | V37: 0 | Y37: 0 | Z37: 0 | AA37: Unilateral | AB37: Braço | AC37: 37.15 | AD37: 7.34 | AE37: 2 | AF37: 0.64 | AG37: 1.61 | AH37: =AG37-AF37 -> 0.97 | AI37: - | AJ37: - | AK37: Não | AL37: =IF(AA37="Unilateral",2*AE37,IF(AA37="Bilateral Alternada",3*AE37,IF(AA37="Bilateral Frontal",4*AE37,IF(AA37="Canteiro Central",2*AE37,"erro")))) -> 4 | AM37: 0 | AO37: 0 | AP37: 0 | AQ37: 0 | AR37: - | AS37: =IF(AM37=0,0,IF(AA37="Unilateral",2*AM37,IF(AA37="Bilateral Alternada",3*AM37,IF(AA37="Bilateral Frontal",4*AM37,IF(AA37="Canteiro Central",2*AM37,"erro"))))) -> 0 | AU37: =VLOOKUP(G37,ABNT5101!$I$3:$J$9,2) -> 10 | AV37: =VLOOKUP(G37,ABNT5101!$I$3:$M$9,5) -> 0.18 | AW37: =_xlfn.XLOOKUP(G37,ABNT5101!I:I,ABNT5101!L:L) -> - | AX37: =_xlfn.XLOOKUP(G37,ABNT5101!$I:$I,ABNT5101!M:M) -> 0.18 | AY37: =_xlfn.XLOOKUP(G37,ABNT5101!$I:$I,ABNT5101!N:N) -> - | AZ37: =_xlfn.XLOOKUP(G37,ABNT5101!$I:$I,ABNT5101!O:O) -> 16 | BA37: =IF(BK37="NÃO ATENDE","NÃO ATENDE",IF(BV37="NÃO ATENDE","NÃO ATENDE",IF(CE37="NÃO ATENDE","NÃO ATENDE","ATENDE"))) -> NÃO ATENDE | BB37: =BE37/AU37-1 -> -1 | BC37: =BF37/AV37-1 -> -1 | BD37: =IF($G37="M6",BG37/AW37-1,"-") -> - | BK37: =IF(OR(BL37="NÃO ATENDE",BM37="NÃO ATENDE",BN37="NÃO ATENDE"),"NÃO ATENDE","ATENDE") -> NÃO ATENDE | BL37: =IF(BE37>=AU37,"ATENDE",IF(BE37>=0.99*AU37,"ATENDIMENTO LIMIAR","NÃO ATENDE")) -> NÃO ATENDE | BM37: =IF(BF37>=AV37,"ATENDE",IF(BF37>=(AV37-0.02),"ATENDIMENTO LIMIAR","NÃO ATENDE")) -> NÃO ATENDE | BN37: =IF(AW37="-","ATENDE",IF(BG37>=AW37,"ATENDE",IF(BG37>=(AW37-0.02),"ATENDIMENTO LIMIAR","NÃO ATENDE"))) -> ATENDE | BO37: =G37 -> C4 | BP37: =I37 -> P6 | BQ37: =IF(BR37="-","-",BR37/BT37-1) -> -1 | BT37: =IF(BP37="-","-",_xlfn.XLOOKUP(BP37,ABNT5101!$B$4:$B$9,ABNT5101!$C$4:$C$9)) -> 3 | BU37: =IF(BP37="-","-",_xlfn.XLOOKUP(BP37,ABNT5101!$B$4:$B$9,ABNT5101!$D$4:$D$9)) -> 0.6 | BV37: =IF(BW37="-","-",IF(BW37="NÃO ATENDE","NÃO ATENDE",IF(BX37="NÃO ATENDE","NÃO ATENDE","ATENDE"))) -> NÃO ATENDE | BW37: =IF(BP37="-","-",IF(BR37>=BT37,"ATENDE",IF(BR37>=(BT37*0.99),"ATENDIMENTO LIMIAR","NÃO ATENDE"))) -> NÃO ATENDE | BX37: =IF(BP37="-","-",IF(BS37>=BU37,"ATENDE","NÃO ATENDE")) -> NÃO ATENDE | BY37: =BP37 -> P6 | BZ37: =IF(CA37="-","-",CA37/CC37-1) -> -1 | CC37: =IF(BY37="-","-",_xlfn.XLOOKUP(BY37,ABNT5101!$B$4:$B$9,ABNT5101!$C$4:$C$9)) -> 3 | CD37: =IF(BY37="-","-",_xlfn.XLOOKUP(BY37,ABNT5101!$B$4:$B$9,ABNT5101!$D$4:$D$9)) -> 0.6 | CE37: =IF(CF37="-","-",IF(CF37="NÃO ATENDE","NÃO ATENDE",IF(CG37="NÃO ATENDE","NÃO ATENDE","ATENDE"))) -> NÃO ATENDE | CF37: =IF(BY37="-","-",IF(CA37>=(CC37),"ATENDE",IF(CA37>=(0.99*CC37),"ATENDIMENTO LIMIAR","NÃO ATENDE"))) -> NÃO ATENDE | CG37: =IF(BY37="-","-",IF(CB37>=CD37,"ATENDE","NÃO ATENDE")) -> NÃO ATENDE | CH37: =_xlfn.XLOOKUP(CI37,'Banco de dados'!$B:$B,'Banco de dados'!$D:$D) -> #N/A | CJ37: =_xlfn.XLOOKUP(CI37,'Banco de dados'!$B:$B,'Banco de dados'!$E:$E) -> #N/A | CL37: =IF(CK37="-","-",_xlfn.XLOOKUP(CK37,'Banco de dados'!$B:$B,'Banco de dados'!$E:$E)) -> #N/A | CM37: =AE37 -> 2 | CN37: =_xlfn.XLOOKUP(CI37,'Banco de dados'!$B:$B,'Banco de dados'!$H:$H) -> 0 | CO37: {=_xludf.XLOOKUP(CK37,'Banco de dados'!$B:$B,'Banco de dados'!$H:$H)} -> #NAME? | CP37: {=_xludf.XLOOKUP(CI37,'Banco de dados'!$B:$B,'Banco de dados'!$F:$F)} -> #NAME? | CQ37: {=_xludf.XLOOKUP(CK37,'Banco de dados'!$B:$B,'Banco de dados'!$F:$F)} -> #NAME? | CR37: 0 | CS37: 2 | CT37: =IF(AG37=0.5,"Suporte",IF(AND(AG37>='Braços de IP'!$B$9,AG37<='Braços de IP'!$D$9),'Braços de IP'!$E$9,IF(AND(AG37>='Braços de IP'!$B$10,AG37<='Braços de IP'!$D$10),'Braços de IP'!$E$10,IF(AND(AG37>='Braços de IP'!$B$11,AG37<='Braços de IP'!$D$11),'Braços de IP'!$E$11,IF(AND(AG37>='Braços de IP'!$B$12,AG37<='Braços de IP'!$D$12),'Braços de IP'!$E$12,IF(AND(AG37>='Braços de IP'!$B$13,AG37<='Braços de IP'!$D$13),'Braços de IP'!$E$13,IF(AND(AG37>='Braços de IP'!$B$14,AG37<='Braços de IP'!$D$14),'Braços de IP'!$E$14,"ERRO"))))))) -> Médio I | CU37: Médio II | CV37: =IF($CU37="","",VLOOKUP($CU37,'Braços de IP'!$E$9:$I$15,2,0)) -> 2.4 | CW37: =IF($CU37="","",VLOOKUP($CU37,'Braços de IP'!$E$9:$I$15,5,0)) -> 7.5 | DD37: =CN37 -> 0 | DE37: =K37 -> 90 | DF37: =SUM(DD37:DE37)*CM37 -> 180 | DG37: =1-DD37/DE37 -> 1 | DK37: Sim | DN37: =((K37+L37)-CN37)/(K37+L37) -> #VALUE!
A38: Verificar preenchimento de dados como largura dos passeios e pista, | B38: 289 | C38: PVP | D38: Rua Da Aurora [Estrutural] | E38: -8.059182 | F38: -34.879689 | G38: C4 | H38: - | I38: P6 | J38: LED | K38: 150 | L38: Interno | M38: 0 | N38: =K38*AE38*2 -> 900 | O38: 1 | V38: 0 | Y38: 0 | Z38: 0 | AA38: Bilateral alternado | AB38: Suporte | AC38: 38.49 | AD38: 19.3 | AE38: 3 | AF38: 6.58 | AG38: 0.5 | AH38: =AG38-AF38 -> -6.08 | AI38: - | AJ38: - | AK38: Não | AL38: =IF(AA38="Unilateral",2*AE38,IF(AA38="Bilateral Alternada",3*AE38,IF(AA38="Bilateral Frontal",4*AE38,IF(AA38="Canteiro Central",2*AE38,"erro")))) -> erro | AM38: 0 | AO38: 0 | AP38: 0 | AQ38: 0 | AR38: - | AS38: =IF(AM38=0,0,IF(AA38="Unilateral",2*AM38,IF(AA38="Bilateral Alternada",3*AM38,IF(AA38="Bilateral Frontal",4*AM38,IF(AA38="Canteiro Central",2*AM38,"erro"))))) -> 0 | AU38: =VLOOKUP(G38,ABNT5101!$I$3:$J$9,2) -> 10 | AV38: =VLOOKUP(G38,ABNT5101!$I$3:$M$9,5) -> 0.18 | AW38: =_xlfn.XLOOKUP(G38,ABNT5101!I:I,ABNT5101!L:L) -> - | AX38: =_xlfn.XLOOKUP(G38,ABNT5101!$I:$I,ABNT5101!M:M) -> 0.18 | AY38: =_xlfn.XLOOKUP(G38,ABNT5101!$I:$I,ABNT5101!N:N) -> - | AZ38: =_xlfn.XLOOKUP(G38,ABNT5101!$I:$I,ABNT5101!O:O) -> 16 | BA38: =IF(BK38="NÃO ATENDE","NÃO ATENDE",IF(BV38="NÃO ATENDE","NÃO ATENDE",IF(CE38="NÃO ATENDE","NÃO ATENDE","ATENDE"))) -> NÃO ATENDE | BB38: =BE38/AU38-1 -> 0.025 | BC38: =BF38/AV38-1 -> 4.3888889 | BD38: =IF($G38="M6",BG38/AW38-1,"-") -> - | BE38: 10.25 | BF38: 0.97 | BK38: =IF(OR(BL38="NÃO ATENDE",BM38="NÃO ATENDE",BN38="NÃO ATENDE"),"NÃO ATENDE","ATENDE") -> ATENDE | BL38: =IF(BE38>=AU38,"ATENDE",IF(BE38>=0.99*AU38,"ATENDIMENTO LIMIAR","NÃO ATENDE")) -> ATENDE | BM38: =IF(BF38>=AV38,"ATENDE",IF(BF38>=(AV38-0.02),"ATENDIMENTO LIMIAR","NÃO ATENDE")) -> ATENDE | BN38: =IF(AW38="-","ATENDE",IF(BG38>=AW38,"ATENDE",IF(BG38>=(AW38-0.02),"ATENDIMENTO LIMIAR","NÃO ATENDE"))) -> ATENDE | BO38: =G38 -> C4 | BP38: =I38 -> P6 | BQ38: =IF(BR38="-","-",BR38/BT38-1) -> 2.36 | BR38: 10.08 | BS38: 9.3 | BT38: =IF(BP38="-","-",_xlfn.XLOOKUP(BP38,ABNT5101!$B$4:$B$9,ABNT5101!$C$4:$C$9)) -> 3 | BU38: =IF(BP38="-","-",_xlfn.XLOOKUP(BP38,ABNT5101!$B$4:$B$9,ABNT5101!$D$4:$D$9)) -> 0.6 | BV38: =IF(BW38="-","-",IF(BW38="NÃO ATENDE","NÃO ATENDE",IF(BX38="NÃO ATENDE","NÃO ATENDE","ATENDE"))) -> ATENDE | BW38: =IF(BP38="-","-",IF(BR38>=BT38,"ATENDE",IF(BR38>=(BT38*0.99),"ATENDIMENTO LIMIAR","NÃO ATENDE"))) -> ATENDE | BX38: =IF(BP38="-","-",IF(BS38>=BU38,"ATENDE","NÃO ATENDE")) -> ATENDE | BY38: =BP38 -> P6 | BZ38: =IF(CA38="-","-",CA38/CC38-1) -> -1 | CC38: =IF(BY38="-","-",_xlfn.XLOOKUP(BY38,ABNT5101!$B$4:$B$9,ABNT5101!$C$4:$C$9)) -> 3 | CD38: =IF(BY38="-","-",_xlfn.XLOOKUP(BY38,ABNT5101!$B$4:$B$9,ABNT5101!$D$4:$D$9)) -> 0.6 | CE38: =IF(CF38="-","-",IF(CF38="NÃO ATENDE","NÃO ATENDE",IF(CG38="NÃO ATENDE","NÃO ATENDE","ATENDE"))) -> NÃO ATENDE | CF38: =IF(BY38="-","-",IF(CA38>=(CC38),"ATENDE",IF(CA38>=(0.99*CC38),"ATENDIMENTO LIMIAR","NÃO ATENDE"))) -> NÃO ATENDE | CG38: =IF(BY38="-","-",IF(CB38>=CD38,"ATENDE","NÃO ATENDE")) -> NÃO ATENDE | CH38: =_xlfn.XLOOKUP(CI38,'Banco de dados'!$B:$B,'Banco de dados'!$D:$D) -> LEDSTAR | CI38: SL VT 9.1 28W | CJ38: =_xlfn.XLOOKUP(CI38,'Banco de dados'!$B:$B,'Banco de dados'!$E:$E) -> LUM LED SL VT 9.1 28W | CL38: =IF(CK38="-","-",_xlfn.XLOOKUP(CK38,'Banco de dados'!$B:$B,'Banco de dados'!$E:$E)) -> #N/A | CM38: =AE38 -> 3 | CN38: =_xlfn.XLOOKUP(CI38,'Banco de dados'!$B:$B,'Banco de dados'!$H:$H) -> 28 | CO38: {=_xludf.XLOOKUP(CK38,'Banco de dados'!$B:$B,'Banco de dados'!$H:$H)} -> #NAME? | CP38: {=_xludf.XLOOKUP(CI38,'Banco de dados'!$B:$B,'Banco de dados'!$F:$F)} -> #NAME? | CQ38: {=_xludf.XLOOKUP(CK38,'Banco de dados'!$B:$B,'Banco de dados'!$F:$F)} -> #NAME? | CR38: 0 | CT38: =IF(AG38=0.5,"Suporte",IF(AND(AG38>='Braços de IP'!$B$9,AG38<='Braços de IP'!$D$9),'Braços de IP'!$E$9,IF(AND(AG38>='Braços de IP'!$B$10,AG38<='Braços de IP'!$D$10),'Braços de IP'!$E$10,IF(AND(AG38>='Braços de IP'!$B$11,AG38<='Braços de IP'!$D$11),'Braços de IP'!$E$11,IF(AND(AG38>='Braços de IP'!$B$12,AG38<='Braços de IP'!$D$12),'Braços de IP'!$E$12,IF(AND(AG38>='Braços de IP'!$B$13,AG38<='Braços de IP'!$D$13),'Braços de IP'!$E$13,IF(AND(AG38>='Braços de IP'!$B$14,AG38<='Braços de IP'!$D$14),'Braços de IP'!$E$14,"ERRO"))))))) -> Suporte | CV38: =IF($CU38="","",VLOOKUP($CU38,'Braços de IP'!$E$9:$I$15,2,0)) | CW38: =IF($CU38="","",VLOOKUP($CU38,'Braços de IP'!$E$9:$I$15,5,0)) | DD38: =CN38 -> 28 | DE38: =K38 -> 150 | DF38: =SUM(DD38:DE38)*CM38 -> 534 | DG38: =1-DD38/DE38 -> 0.81333333 | DH38: Lucas | DK38: Sim | DN38: =((K38+L38)-CN38)/(K38+L38) -> #VALUE!
A39: Verificar preenchimento de dados como largura dos passeios e pista, | B39: 289 | C39: PVP | D39: Rua Da Aurora [Estrutural] | E39: -8.059182 | F39: -34.879689 | G39: C4 | H39: - | I39: P6 | J39: LED | K39: 150 | L39: Interno | M39: 0 | N39: =K39*AE39*2 -> 900 | O39: 1 | V39: 0 | Y39: 0 | Z39: 0 | AA39: Bilateral alternado | AB39: Suporte | AC39: 38.49 | AD39: 19.3 | AE39: 3 | AF39: 6.58 | AG39: 0.5 | AH39: =AG39-AF39 -> -6.08 | AI39: - | AJ39: - | AK39: Não | AL39: =IF(AA39="Unilateral",2*AE39,IF(AA39="Bilateral Alternada",3*AE39,IF(AA39="Bilateral Frontal",4*AE39,IF(AA39="Canteiro Central",2*AE39,"erro")))) -> erro | AM39: 0 | AO39: 0 | AP39: 0 | AQ39: 0 | AR39: - | AS39: =IF(AM39=0,0,IF(AA39="Unilateral",2*AM39,IF(AA39="Bilateral Alternada",3*AM39,IF(AA39="Bilateral Frontal",4*AM39,IF(AA39="Canteiro Central",2*AM39,"erro"))))) -> 0 | AU39: =VLOOKUP(G39,ABNT5101!$I$3:$J$9,2) -> 10 | AV39: =VLOOKUP(G39,ABNT5101!$I$3:$M$9,5) -> 0.18 | AW39: =_xlfn.XLOOKUP(G39,ABNT5101!I:I,ABNT5101!L:L) -> - | AX39: =_xlfn.XLOOKUP(G39,ABNT5101!$I:$I,ABNT5101!M:M) -> 0.18 | AY39: =_xlfn.XLOOKUP(G39,ABNT5101!$I:$I,ABNT5101!N:N) -> - | AZ39: =_xlfn.XLOOKUP(G39,ABNT5101!$I:$I,ABNT5101!O:O) -> 16 | BA39: =IF(BK39="NÃO ATENDE","NÃO ATENDE",IF(BV39="NÃO ATENDE","NÃO ATENDE",IF(CE39="NÃO ATENDE","NÃO ATENDE","ATENDE"))) -> NÃO ATENDE | BB39: =BE39/AU39-1 -> 0.197 | BC39: =BF39/AV39-1 -> 4.4444444 | BD39: =IF($G39="M6",BG39/AW39-1,"-") -> - | BE39: 11.97 | BF39: 0.98 | BK39: =IF(OR(BL39="NÃO ATENDE",BM39="NÃO ATENDE",BN39="NÃO ATENDE"),"NÃO ATENDE","ATENDE") -> ATENDE | BL39: =IF(BE39>=AU39,"ATENDE",IF(BE39>=0.99*AU39,"ATENDIMENTO LIMIAR","NÃO ATENDE")) -> ATENDE | BM39: =IF(BF39>=AV39,"ATENDE",IF(BF39>=(AV39-0.02),"ATENDIMENTO LIMIAR","NÃO ATENDE")) -> ATENDE | BN39: =IF(AW39="-","ATENDE",IF(BG39>=AW39,"ATENDE",IF(BG39>=(AW39-0.02),"ATENDIMENTO LIMIAR","NÃO ATENDE"))) -> ATENDE | BO39: =G39 -> C4 | BP39: =I39 -> P6 | BQ39: =IF(BR39="-","-",BR39/BT39-1) -> 2.88 | BR39: 11.64 | BS39: 10.79 | BT39: =IF(BP39="-","-",_xlfn.XLOOKUP(BP39,ABNT5101!$B$4:$B$9,ABNT5101!$C$4:$C$9)) -> 3 | BU39: =IF(BP39="-","-",_xlfn.XLOOKUP(BP39,ABNT5101!$B$4:$B$9,ABNT5101!$D$4:$D$9)) -> 0.6 | BV39: =IF(BW39="-","-",IF(BW39="NÃO ATENDE","NÃO ATENDE",IF(BX39="NÃO ATENDE","NÃO ATENDE","ATENDE"))) -> ATENDE | BW39: =IF(BP39="-","-",IF(BR39>=BT39,"ATENDE",IF(BR39>=(BT39*0.99),"ATENDIMENTO LIMIAR","NÃO ATENDE"))) -> ATENDE | BX39: =IF(BP39="-","-",IF(BS39>=BU39,"ATENDE","NÃO ATENDE")) -> ATENDE | BY39: =BP39 -> P6 | BZ39: =IF(CA39="-","-",CA39/CC39-1) -> -1 | CC39: =IF(BY39="-","-",_xlfn.XLOOKUP(BY39,ABNT5101!$B$4:$B$9,ABNT5101!$C$4:$C$9)) -> 3 | CD39: =IF(BY39="-","-",_xlfn.XLOOKUP(BY39,ABNT5101!$B$4:$B$9,ABNT5101!$D$4:$D$9)) -> 0.6 | CE39: =IF(CF39="-","-",IF(CF39="NÃO ATENDE","NÃO ATENDE",IF(CG39="NÃO ATENDE","NÃO ATENDE","ATENDE"))) -> NÃO ATENDE | CF39: =IF(BY39="-","-",IF(CA39>=(CC39),"ATENDE",IF(CA39>=(0.99*CC39),"ATENDIMENTO LIMIAR","NÃO ATENDE"))) -> NÃO ATENDE | CG39: =IF(BY39="-","-",IF(CB39>=CD39,"ATENDE","NÃO ATENDE")) -> NÃO ATENDE | CH39: =_xlfn.XLOOKUP(CI39,'Banco de dados'!$B:$B,'Banco de dados'!$D:$D) -> SX LIGHTING | CI39: SX-INEVO030HF | CJ39: =_xlfn.XLOOKUP(CI39,'Banco de dados'!$B:$B,'Banco de dados'!$E:$E) -> SXINEVO030K50L12CZF7PHF | CL39: =IF(CK39="-","-",_xlfn.XLOOKUP(CK39,'Banco de dados'!$B:$B,'Banco de dados'!$E:$E)) -> #N/A | CM39: =AE39 -> 3 | CN39: =_xlfn.XLOOKUP(CI39,'Banco de dados'!$B:$B,'Banco de dados'!$H:$H) -> 31 | CO39: {=_xludf.XLOOKUP(CK39,'Banco de dados'!$B:$B,'Banco de dados'!$H:$H)} -> #NAME? | CP39: {=_xludf.XLOOKUP(CI39,'Banco de dados'!$B:$B,'Banco de dados'!$F:$F)} -> #NAME? | CQ39: {=_xludf.XLOOKUP(CK39,'Banco de dados'!$B:$B,'Banco de dados'!$F:$F)} -> #NAME? | CR39: 0 | CT39: =IF(AG39=0.5,"Suporte",IF(AND(AG39>='Braços de IP'!$B$9,AG39<='Braços de IP'!$D$9),'Braços de IP'!$E$9,IF(AND(AG39>='Braços de IP'!$B$10,AG39<='Braços de IP'!$D$10),'Braços de IP'!$E$10,IF(AND(AG39>='Braços de IP'!$B$11,AG39<='Braços de IP'!$D$11),'Braços de IP'!$E$11,IF(AND(AG39>='Braços de IP'!$B$12,AG39<='Braços de IP'!$D$12),'Braços de IP'!$E$12,IF(AND(AG39>='Braços de IP'!$B$13,AG39<='Braços de IP'!$D$13),'Braços de IP'!$E$13,IF(AND(AG39>='Braços de IP'!$B$14,AG39<='Braços de IP'!$D$14),'Braços de IP'!$E$14,"ERRO"))))))) -> Suporte | CV39: =IF($CU39="","",VLOOKUP($CU39,'Braços de IP'!$E$9:$I$15,2,0)) | CW39: =IF($CU39="","",VLOOKUP($CU39,'Braços de IP'!$E$9:$I$15,5,0)) | DD39: =CN39 -> 31 | DE39: =K39 -> 150 | DF39: =SUM(DD39:DE39)*CM39 -> 543 | DG39: =1-DD39/DE39 -> 0.79333333 | DH39: Lucas | DK39: Sim | DN39: =((K39+L39)-CN39)/(K39+L39) -> #VALUE!
A40: Verificar preenchimento de dados como largura dos passeios e pista, | B40: 289 | C40: PVP | D40: Rua Da Aurora [Estrutural] | E40: -8.059182 | F40: -34.879689 | G40: C4 | H40: - | I40: P6 | J40: LED | K40: 150 | L40: Interno | M40: 0 | N40: =K40*AE40*2 -> 900 | O40: 1 | V40: 0 | Y40: 0 | Z40: 0 | AA40: Bilateral alternado | AB40: Suporte | AC40: 38.49 | AD40: 19.3 | AE40: 3 | AF40: 6.58 | AG40: 0.5 | AH40: =AG40-AF40 -> -6.08 | AI40: - | AJ40: - | AK40: Não | AL40: =IF(AA40="Unilateral",2*AE40,IF(AA40="Bilateral Alternada",3*AE40,IF(AA40="Bilateral Frontal",4*AE40,IF(AA40="Canteiro Central",2*AE40,"erro")))) -> erro | AM40: 0 | AO40: 0 | AP40: 0 | AQ40: 0 | AR40: - | AS40: =IF(AM40=0,0,IF(AA40="Unilateral",2*AM40,IF(AA40="Bilateral Alternada",3*AM40,IF(AA40="Bilateral Frontal",4*AM40,IF(AA40="Canteiro Central",2*AM40,"erro"))))) -> 0 | AU40: =VLOOKUP(G40,ABNT5101!$I$3:$J$9,2) -> 10 | AV40: =VLOOKUP(G40,ABNT5101!$I$3:$M$9,5) -> 0.18 | AW40: =_xlfn.XLOOKUP(G40,ABNT5101!I:I,ABNT5101!L:L) -> - | AX40: =_xlfn.XLOOKUP(G40,ABNT5101!$I:$I,ABNT5101!M:M) -> 0.18 | AY40: =_xlfn.XLOOKUP(G40,ABNT5101!$I:$I,ABNT5101!N:N) -> - | AZ40: =_xlfn.XLOOKUP(G40,ABNT5101!$I:$I,ABNT5101!O:O) -> 16 | BA40: =IF(BK40="NÃO ATENDE","NÃO ATENDE",IF(BV40="NÃO ATENDE","NÃO ATENDE",IF(CE40="NÃO ATENDE","NÃO ATENDE","ATENDE"))) -> NÃO ATENDE | BB40: =BE40/AU40-1 -> 0.189 | BC40: =BF40/AV40-1 -> 4.3333333 | BD40: =IF($G40="M6",BG40/AW40-1,"-") -> - | BE40: 11.89 | BF40: 0.96 | BK40: =IF(OR(BL40="NÃO ATENDE",BM40="NÃO ATENDE",BN40="NÃO ATENDE"),"NÃO ATENDE","ATENDE") -> ATENDE | BL40: =IF(BE40>=AU40,"ATENDE",IF(BE40>=0.99*AU40,"ATENDIMENTO LIMIAR","NÃO ATENDE")) -> ATENDE | BM40: =IF(BF40>=AV40,"ATENDE",IF(BF40>=(AV40-0.02),"ATENDIMENTO LIMIAR","NÃO ATENDE")) -> ATENDE | BN40: =IF(AW40="-","ATENDE",IF(BG40>=AW40,"ATENDE",IF(BG40>=(AW40-0.02),"ATENDIMENTO LIMIAR","NÃO ATENDE"))) -> ATENDE | BO40: =G40 -> C4 | BP40: =I40 -> P6 | BQ40: =IF(BR40="-","-",BR40/BT40-1) -> 2.8933333 | BR40: 11.68 | BS40: 10.29 | BT40: =IF(BP40="-","-",_xlfn.XLOOKUP(BP40,ABNT5101!$B$4:$B$9,ABNT5101!$C$4:$C$9)) -> 3 | BU40: =IF(BP40="-","-",_xlfn.XLOOKUP(BP40,ABNT5101!$B$4:$B$9,ABNT5101!$D$4:$D$9)) -> 0.6 | BV40: =IF(BW40="-","-",IF(BW40="NÃO ATENDE","NÃO ATENDE",IF(BX40="NÃO ATENDE","NÃO ATENDE","ATENDE"))) -> ATENDE | BW40: =IF(BP40="-","-",IF(BR40>=BT40,"ATENDE",IF(BR40>=(BT40*0.99),"ATENDIMENTO LIMIAR","NÃO ATENDE"))) -> ATENDE | BX40: =IF(BP40="-","-",IF(BS40>=BU40,"ATENDE","NÃO ATENDE")) -> ATENDE | BY40: =BP40 -> P6 | BZ40: =IF(CA40="-","-",CA40/CC40-1) -> -1 | CC40: =IF(BY40="-","-",_xlfn.XLOOKUP(BY40,ABNT5101!$B$4:$B$9,ABNT5101!$C$4:$C$9)) -> 3 | CD40: =IF(BY40="-","-",_xlfn.XLOOKUP(BY40,ABNT5101!$B$4:$B$9,ABNT5101!$D$4:$D$9)) -> 0.6 | CE40: =IF(CF40="-","-",IF(CF40="NÃO ATENDE","NÃO ATENDE",IF(CG40="NÃO ATENDE","NÃO ATENDE","ATENDE"))) -> NÃO ATENDE | CF40: =IF(BY40="-","-",IF(CA40>=(CC40),"ATENDE",IF(CA40>=(0.99*CC40),"ATENDIMENTO LIMIAR","NÃO ATENDE"))) -> NÃO ATENDE | CG40: =IF(BY40="-","-",IF(CB40>=CD40,"ATENDE","NÃO ATENDE")) -> NÃO ATENDE | CH40: =_xlfn.XLOOKUP(CI40,'Banco de dados'!$B:$B,'Banco de dados'!$D:$D) -> TECNOWATT | CI40: SIGSAGPTLRRSSNDL_30W_38IBBRS | CJ40: =_xlfn.XLOOKUP(CI40,'Banco de dados'!$B:$B,'Banco de dados'!$E:$E) -> SIGSAGPTLRRSSNDL_30W_38IBBRS 1-10C1MUN6.5 | CL40: =IF(CK40="-","-",_xlfn.XLOOKUP(CK40,'Banco de dados'!$B:$B,'Banco de dados'!$E:$E)) -> #N/A | CM40: =AE40 -> 3 | CN40: =_xlfn.XLOOKUP(CI40,'Banco de dados'!$B:$B,'Banco de dados'!$H:$H) -> 30 | CO40: {=_xludf.XLOOKUP(CK40,'Banco de dados'!$B:$B,'Banco de dados'!$H:$H)} -> #NAME? | CP40: {=_xludf.XLOOKUP(CI40,'Banco de dados'!$B:$B,'Banco de dados'!$F:$F)} -> #NAME? | CQ40: {=_xludf.XLOOKUP(CK40,'Banco de dados'!$B:$B,'Banco de dados'!$F:$F)} -> #NAME? | CR40: 0 | CT40: =IF(AG40=0.5,"Suporte",IF(AND(AG40>='Braços de IP'!$B$9,AG40<='Braços de IP'!$D$9),'Braços de IP'!$E$9,IF(AND(AG40>='Braços de IP'!$B$10,AG40<='Braços de IP'!$D$10),'Braços de IP'!$E$10,IF(AND(AG40>='Braços de IP'!$B$11,AG40<='Braços de IP'!$D$11),'Braços de IP'!$E$11,IF(AND(AG40>='Braços de IP'!$B$12,AG40<='Braços de IP'!$D$12),'Braços de IP'!$E$12,IF(AND(AG40>='Braços de IP'!$B$13,AG40<='Braços de IP'!$D$13),'Braços de IP'!$E$13,IF(AND(AG40>='Braços de IP'!$B$14,AG40<='Braços de IP'!$D$14),'Braços de IP'!$E$14,"ERRO"))))))) -> Suporte | CV40: =IF($CU40="","",VLOOKUP($CU40,'Braços de IP'!$E$9:$I$15,2,0)) | CW40: =IF($CU40="","",VLOOKUP($CU40,'Braços de IP'!$E$9:$I$15,5,0)) | DD40: =CN40 -> 30 | DE40: =K40 -> 150 | DF40: =SUM(DD40:DE40)*CM40 -> 540 | DG40: =1-DD40/DE40 -> 0.8 | DH40: Lucas | DK40: Sim | DN40: =((K40+L40)-CN40)/(K40+L40) -> #VALUE!
A41: Verificar preenchimento de dados como largura dos passeios, canteiro e pista, | B41: 290 | C41: PVCP | D41: Rua Da Aurora [Estrutural] | E41: -8.060108 | F41: -34.880288 | G41: C4 | H41: - | I41: P6 | J41: Vapor metálico | K41: 100 | L41: Interno | M41: 0 | N41: =K41*AE41*2 -> 400 | O41: 1 | V41: 0 | Y41: 0 | Z41: 0 | AA41: Unilateral | AB41: Suporte | AC41: 14.25 | AD41: 4.94 | AE41: 2 | AF41: 3.38 | AG41: 0 | AH41: =AG41-AF41 -> -3.38 | AI41: - | AJ41: - | AK41: Não | AL41: =IF(AA41="Unilateral",2*AE41,IF(AA41="Bilateral Alternada",3*AE41,IF(AA41="Bilateral Frontal",4*AE41,IF(AA41="Canteiro Central",2*AE41,"erro")))) -> 4 | AM41: 0 | AO41: 0 | AP41: 0 | AQ41: 0 | AR41: - | AS41: =IF(AM41=0,0,IF(AA41="Unilateral",2*AM41,IF(AA41="Bilateral Alternada",3*AM41,IF(AA41="Bilateral Frontal",4*AM41,IF(AA41="Canteiro Central",2*AM41,"erro"))))) -> 0 | AU41: =VLOOKUP(G41,ABNT5101!$I$3:$J$9,2) -> 10 | AV41: =VLOOKUP(G41,ABNT5101!$I$3:$M$9,5) -> 0.18 | AW41: =_xlfn.XLOOKUP(G41,ABNT5101!I:I,ABNT5101!L:L) -> - | AX41: =_xlfn.XLOOKUP(G41,ABNT5101!$I:$I,ABNT5101!M:M) -> 0.18 | AY41: =_xlfn.XLOOKUP(G41,ABNT5101!$I:$I,ABNT5101!N:N) -> - | AZ41: =_xlfn.XLOOKUP(G41,ABNT5101!$I:$I,ABNT5101!O:O) -> 16 | BA41: =IF(BK41="NÃO ATENDE","NÃO ATENDE",IF(BV41="NÃO ATENDE","NÃO ATENDE",IF(CE41="NÃO ATENDE","NÃO ATENDE","ATENDE"))) -> NÃO ATENDE | BB41: =BE41/AU41-1 -> 0.843 | BC41: =BF41/AV41-1 -> 1.6666667 | BD41: =IF($G41="M6",BG41/AW41-1,"-") -> - | BE41: 18.43 | BF41: 0.48 | BK41: =IF(OR(BL41="NÃO ATENDE",BM41="NÃO ATENDE",BN41="NÃO ATENDE"),"NÃO ATENDE","ATENDE") -> ATENDE | BL41: =IF(BE41>=AU41,"ATENDE",IF(BE41>=0.99*AU41,"ATENDIMENTO LIMIAR","NÃO ATENDE")) -> ATENDE | BM41: =IF(BF41>=AV41,"ATENDE",IF(BF41>=(AV41-0.02),"ATENDIMENTO LIMIAR","NÃO ATENDE")) -> ATENDE | BN41: =IF(AW41="-","ATENDE",IF(BG41>=AW41,"ATENDE",IF(BG41>=(AW41-0.02),"ATENDIMENTO LIMIAR","NÃO ATENDE"))) -> ATENDE | BO41: =G41 -> C4 | BP41: =I41 -> P6 | BQ41: =IF(BR41="-","-",BR41/BT41-1) -> 11.926667 | BR41: 38.78 | BS41: 29.25 | BT41: =IF(BP41="-","-",_xlfn.XLOOKUP(BP41,ABNT5101!$B$4:$B$9,ABNT5101!$C$4:$C$9)) -> 3 | BU41: =IF(BP41="-","-",_xlfn.XLOOKUP(BP41,ABNT5101!$B$4:$B$9,ABNT5101!$D$4:$D$9)) -> 0.6 | BV41: =IF(BW41="-","-",IF(BW41="NÃO ATENDE","NÃO ATENDE",IF(BX41="NÃO ATENDE","NÃO ATENDE","ATENDE"))) -> ATENDE | BW41: =IF(BP41="-","-",IF(BR41>=BT41,"ATENDE",IF(BR41>=(BT41*0.99),"ATENDIMENTO LIMIAR","NÃO ATENDE"))) -> ATENDE | BX41: =IF(BP41="-","-",IF(BS41>=BU41,"ATENDE","NÃO ATENDE")) -> ATENDE | BY41: =BP41 -> P6 | BZ41: =IF(CA41="-","-",CA41/CC41-1) -> -1 | CC41: =IF(BY41="-","-",_xlfn.XLOOKUP(BY41,ABNT5101!$B$4:$B$9,ABNT5101!$C$4:$C$9)) -> 3 | CD41: =IF(BY41="-","-",_xlfn.XLOOKUP(BY41,ABNT5101!$B$4:$B$9,ABNT5101!$D$4:$D$9)) -> 0.6 | CE41: =IF(CF41="-","-",IF(CF41="NÃO ATENDE","NÃO ATENDE",IF(CG41="NÃO ATENDE","NÃO ATENDE","ATENDE"))) -> NÃO ATENDE | CF41: =IF(BY41="-","-",IF(CA41>=(CC41),"ATENDE",IF(CA41>=(0.99*CC41),"ATENDIMENTO LIMIAR","NÃO ATENDE"))) -> NÃO ATENDE | CG41: =IF(BY41="-","-",IF(CB41>=CD41,"ATENDE","NÃO ATENDE")) -> NÃO ATENDE | CH41: =_xlfn.XLOOKUP(CI41,'Banco de dados'!$B:$B,'Banco de dados'!$D:$D) -> LEDSTAR | CI41: SL VT 9.1 44W | CJ41: =_xlfn.XLOOKUP(CI41,'Banco de dados'!$B:$B,'Banco de dados'!$E:$E) -> LUM LED SL VT 9.1 44W | CL41: =IF(CK41="-","-",_xlfn.XLOOKUP(CK41,'Banco de dados'!$B:$B,'Banco de dados'!$E:$E)) -> #N/A | CM41: =AE41 -> 2 | CN41: =_xlfn.XLOOKUP(CI41,'Banco de dados'!$B:$B,'Banco de dados'!$H:$H) -> 44 | CO41: {=_xludf.XLOOKUP(CK41,'Banco de dados'!$B:$B,'Banco de dados'!$H:$H)} -> #NAME? | CP41: {=_xludf.XLOOKUP(CI41,'Banco de dados'!$B:$B,'Banco de dados'!$F:$F)} -> #NAME? | CQ41: {=_xludf.XLOOKUP(CK41,'Banco de dados'!$B:$B,'Banco de dados'!$F:$F)} -> #NAME? | CR41: 0 | CS41: 10 | CT41: =IF(AG41=0.5,"Suporte",IF(AND(AG41>='Braços de IP'!$B$9,AG41<='Braços de IP'!$D$9),'Braços de IP'!$E$9,IF(AND(AG41>='Braços de IP'!$B$10,AG41<='Braços de IP'!$D$10),'Braços de IP'!$E$10,IF(AND(AG41>='Braços de IP'!$B$11,AG41<='Braços de IP'!$D$11),'Braços de IP'!$E$11,IF(AND(AG41>='Braços de IP'!$B$12,AG41<='Braços de IP'!$D$12),'Braços de IP'!$E$12,IF(AND(AG41>='Braços de IP'!$B$13,AG41<='Braços de IP'!$D$13),'Braços de IP'!$E$13,IF(AND(AG41>='Braços de IP'!$B$14,AG41<='Braços de IP'!$D$14),'Braços de IP'!$E$14,"ERRO"))))))) -> ERRO | CU41: Curto I | CV41: =IF($CU41="","",VLOOKUP($CU41,'Braços de IP'!$E$9:$I$15,2,0)) -> 1.2 | CW41: =IF($CU41="","",VLOOKUP($CU41,'Braços de IP'!$E$9:$I$15,5,0)) -> 6.5 | DD41: =CN41 -> 44 | DE41: =K41 -> 100 | DF41: =SUM(DD41:DE41)*CM41 -> 288 | DG41: =1-DD41/DE41 -> 0.56 | DH41: Lucas | DK41: Sim | DN41: =((K41+L41)-CN41)/(K41+L41) -> #VALUE!
A42: Verificar preenchimento de dados como largura dos passeios, canteiro e pista, | B42: 290 | C42: PVCP | D42: Rua Da Aurora [Estrutural] | E42: -8.060108 | F42: -34.880288 | G42: C4 | H42: - | I42: P6 | J42: Vapor metálico | K42: 100 | L42: Interno | M42: 0 | N42: =K42*AE42*2 -> 400 | O42: 1 | V42: 0 | Y42: 0 | Z42: 0 | AA42: Unilateral | AB42: Suporte | AC42: 14.25 | AD42: 4.94 | AE42: 2 | AF42: 3.38 | AG42: 0 | AH42: =AG42-AF42 -> -3.38 | AI42: - | AJ42: - | AK42: Não | AL42: =IF(AA42="Unilateral",2*AE42,IF(AA42="Bilateral Alternada",3*AE42,IF(AA42="Bilateral Frontal",4*AE42,IF(AA42="Canteiro Central",2*AE42,"erro")))) -> 4 | AM42: 0 | AO42: 0 | AP42: 0 | AQ42: 0 | AR42: - | AS42: =IF(AM42=0,0,IF(AA42="Unilateral",2*AM42,IF(AA42="Bilateral Alternada",3*AM42,IF(AA42="Bilateral Frontal",4*AM42,IF(AA42="Canteiro Central",2*AM42,"erro"))))) -> 0 | AU42: =VLOOKUP(G42,ABNT5101!$I$3:$J$9,2) -> 10 | AV42: =VLOOKUP(G42,ABNT5101!$I$3:$M$9,5) -> 0.18 | AW42: =_xlfn.XLOOKUP(G42,ABNT5101!I:I,ABNT5101!L:L) -> - | AX42: =_xlfn.XLOOKUP(G42,ABNT5101!$I:$I,ABNT5101!M:M) -> 0.18 | AY42: =_xlfn.XLOOKUP(G42,ABNT5101!$I:$I,ABNT5101!N:N) -> - | AZ42: =_xlfn.XLOOKUP(G42,ABNT5101!$I:$I,ABNT5101!O:O) -> 16 | BA42: =IF(BK42="NÃO ATENDE","NÃO ATENDE",IF(BV42="NÃO ATENDE","NÃO ATENDE",IF(CE42="NÃO ATENDE","NÃO ATENDE","ATENDE"))) -> NÃO ATENDE | BB42: =BE42/AU42-1 -> 1.393 | BC42: =BF42/AV42-1 -> 1.6111111 | BD42: =IF($G42="M6",BG42/AW42-1,"-") -> - | BE42: 23.93 | BF42: 0.47 | BK42: =IF(OR(BL42="NÃO ATENDE",BM42="NÃO ATENDE",BN42="NÃO ATENDE"),"NÃO ATENDE","ATENDE") -> ATENDE | BL42: =IF(BE42>=AU42,"ATENDE",IF(BE42>=0.99*AU42,"ATENDIMENTO LIMIAR","NÃO ATENDE")) -> ATENDE | BM42: =IF(BF42>=AV42,"ATENDE",IF(BF42>=(AV42-0.02),"ATENDIMENTO LIMIAR","NÃO ATENDE")) -> ATENDE | BN42: =IF(AW42="-","ATENDE",IF(BG42>=AW42,"ATENDE",IF(BG42>=(AW42-0.02),"ATENDIMENTO LIMIAR","NÃO ATENDE"))) -> ATENDE | BO42: =G42 -> C4 | BP42: =I42 -> P6 | BQ42: =IF(BR42="-","-",BR42/BT42-1) -> 15.65 | BR42: 49.95 | BS42: 39.57 | BT42: =IF(BP42="-","-",_xlfn.XLOOKUP(BP42,ABNT5101!$B$4:$B$9,ABNT5101!$C$4:$C$9)) -> 3 | BU42: =IF(BP42="-","-",_xlfn.XLOOKUP(BP42,ABNT5101!$B$4:$B$9,ABNT5101!$D$4:$D$9)) -> 0.6 | BV42: =IF(BW42="-","-",IF(BW42="NÃO ATENDE","NÃO ATENDE",IF(BX42="NÃO ATENDE","NÃO ATENDE","ATENDE"))) -> ATENDE | BW42: =IF(BP42="-","-",IF(BR42>=BT42,"ATENDE",IF(BR42>=(BT42*0.99),"ATENDIMENTO LIMIAR","NÃO ATENDE"))) -> ATENDE | BX42: =IF(BP42="-","-",IF(BS42>=BU42,"ATENDE","NÃO ATENDE")) -> ATENDE | BY42: =BP42 -> P6 | BZ42: =IF(CA42="-","-",CA42/CC42-1) -> -1 | CC42: =IF(BY42="-","-",_xlfn.XLOOKUP(BY42,ABNT5101!$B$4:$B$9,ABNT5101!$C$4:$C$9)) -> 3 | CD42: =IF(BY42="-","-",_xlfn.XLOOKUP(BY42,ABNT5101!$B$4:$B$9,ABNT5101!$D$4:$D$9)) -> 0.6 | CE42: =IF(CF42="-","-",IF(CF42="NÃO ATENDE","NÃO ATENDE",IF(CG42="NÃO ATENDE","NÃO ATENDE","ATENDE"))) -> NÃO ATENDE | CF42: =IF(BY42="-","-",IF(CA42>=(CC42),"ATENDE",IF(CA42>=(0.99*CC42),"ATENDIMENTO LIMIAR","NÃO ATENDE"))) -> NÃO ATENDE | CG42: =IF(BY42="-","-",IF(CB42>=CD42,"ATENDE","NÃO ATENDE")) -> NÃO ATENDE | CH42: =_xlfn.XLOOKUP(CI42,'Banco de dados'!$B:$B,'Banco de dados'!$D:$D) -> SX LIGHTING | CI42: SX-INEVO050HF | CJ42: =_xlfn.XLOOKUP(CI42,'Banco de dados'!$B:$B,'Banco de dados'!$E:$E) -> SXINEVO050K50L12CZF7PHF | CL42: =IF(CK42="-","-",_xlfn.XLOOKUP(CK42,'Banco de dados'!$B:$B,'Banco de dados'!$E:$E)) -> #N/A | CM42: =AE42 -> 2 | CN42: =_xlfn.XLOOKUP(CI42,'Banco de dados'!$B:$B,'Banco de dados'!$H:$H) -> 50 | CO42: {=_xludf.XLOOKUP(CK42,'Banco de dados'!$B:$B,'Banco de dados'!$H:$H)} -> #NAME? | CP42: {=_xludf.XLOOKUP(CI42,'Banco de dados'!$B:$B,'Banco de dados'!$F:$F)} -> #NAME? | CQ42: {=_xludf.XLOOKUP(CK42,'Banco de dados'!$B:$B,'Banco de dados'!$F:$F)} -> #NAME? | CR42: 0 | CS42: 10 | CT42: =IF(AG42=0.5,"Suporte",IF(AND(AG42>='Braços de IP'!$B$9,AG42<='Braços de IP'!$D$9),'Braços de IP'!$E$9,IF(AND(AG42>='Braços de IP'!$B$10,AG42<='Braços de IP'!$D$10),'Braços de IP'!$E$10,IF(AND(AG42>='Braços de IP'!$B$11,AG42<='Braços de IP'!$D$11),'Braços de IP'!$E$11,IF(AND(AG42>='Braços de IP'!$B$12,AG42<='Braços de IP'!$D$12),'Braços de IP'!$E$12,IF(AND(AG42>='Braços de IP'!$B$13,AG42<='Braços de IP'!$D$13),'Braços de IP'!$E$13,IF(AND(AG42>='Braços de IP'!$B$14,AG42<='Braços de IP'!$D$14),'Braços de IP'!$E$14,"ERRO"))))))) -> ERRO | CU42: Curto I | CV42: =IF($CU42="","",VLOOKUP($CU42,'Braços de IP'!$E$9:$I$15,2,0)) -> 1.2 | CW42: =IF($CU42="","",VLOOKUP($CU42,'Braços de IP'!$E$9:$I$15,5,0)) -> 6.5 | DD42: =CN42 -> 50 | DE42: =K42 -> 100 | DF42: =SUM(DD42:DE42)*CM42 -> 300 | DG42: =1-DD42/DE42 -> 0.5 | DH42: Lucas | DK42: Sim | DN42: =((K42+L42)-CN42)/(K42+L42) -> #VALUE!
A43: Verificar preenchimento de dados como largura dos passeios, canteiro e pista, | B43: 290 | C43: PVCP | D43: Rua Da Aurora [Estrutural] | E43: -8.060108 | F43: -34.880288 | G43: C4 | H43: - | I43: P6 | J43: Vapor metálico | K43: 100 | L43: Interno | M43: 0 | N43: =K43*AE43*2 -> 400 | O43: 1 | V43: 0 | Y43: 0 | Z43: 0 | AA43: Unilateral | AB43: Suporte | AC43: 14.25 | AD43: 4.94 | AE43: 2 | AF43: 3.38 | AG43: 0 | AH43: =AG43-AF43 -> -3.38 | AI43: - | AJ43: - | AK43: Não | AL43: =IF(AA43="Unilateral",2*AE43,IF(AA43="Bilateral Alternada",3*AE43,IF(AA43="Bilateral Frontal",4*AE43,IF(AA43="Canteiro Central",2*AE43,"erro")))) -> 4 | AM43: 0 | AO43: 0 | AP43: 0 | AQ43: 0 | AR43: - | AS43: =IF(AM43=0,0,IF(AA43="Unilateral",2*AM43,IF(AA43="Bilateral Alternada",3*AM43,IF(AA43="Bilateral Frontal",4*AM43,IF(AA43="Canteiro Central",2*AM43,"erro"))))) -> 0 | AU43: =VLOOKUP(G43,ABNT5101!$I$3:$J$9,2) -> 10 | AV43: =VLOOKUP(G43,ABNT5101!$I$3:$M$9,5) -> 0.18 | AW43: =_xlfn.XLOOKUP(G43,ABNT5101!I:I,ABNT5101!L:L) -> - | AX43: =_xlfn.XLOOKUP(G43,ABNT5101!$I:$I,ABNT5101!M:M) -> 0.18 | AY43: =_xlfn.XLOOKUP(G43,ABNT5101!$I:$I,ABNT5101!N:N) -> - | AZ43: =_xlfn.XLOOKUP(G43,ABNT5101!$I:$I,ABNT5101!O:O) -> 16 | BA43: =IF(BK43="NÃO ATENDE","NÃO ATENDE",IF(BV43="NÃO ATENDE","NÃO ATENDE",IF(CE43="NÃO ATENDE","NÃO ATENDE","ATENDE"))) -> NÃO ATENDE | BB43: =BE43/AU43-1 -> 1.78 | BC43: =BF43/AV43-1 -> 0.83333333 | BD43: =IF($G43="M6",BG43/AW43-1,"-") -> - | BE43: 27.8 | BF43: 0.33 | BK43: =IF(OR(BL43="NÃO ATENDE",BM43="NÃO ATENDE",BN43="NÃO ATENDE"),"NÃO ATENDE","ATENDE") -> ATENDE | BL43: =IF(BE43>=AU43,"ATENDE",IF(BE43>=0.99*AU43,"ATENDIMENTO LIMIAR","NÃO ATENDE")) -> ATENDE | BM43: =IF(BF43>=AV43,"ATENDE",IF(BF43>=(AV43-0.02),"ATENDIMENTO LIMIAR","NÃO ATENDE")) -> ATENDE | BN43: =IF(AW43="-","ATENDE",IF(BG43>=AW43,"ATENDE",IF(BG43>=(AW43-0.02),"ATENDIMENTO LIMIAR","NÃO ATENDE"))) -> ATENDE | BO43: =G43 -> C4 | BP43: =I43 -> P6 | BQ43: =IF(BR43="-","-",BR43/BT43-1) -> 21.383333 | BR43: 67.15 | BS43: 55.78 | BT43: =IF(BP43="-","-",_xlfn.XLOOKUP(BP43,ABNT5101!$B$4:$B$9,ABNT5101!$C$4:$C$9)) -> 3 | BU43: =IF(BP43="-","-",_xlfn.XLOOKUP(BP43,ABNT5101!$B$4:$B$9,ABNT5101!$D$4:$D$9)) -> 0.6 | BV43: =IF(BW43="-","-",IF(BW43="NÃO ATENDE","NÃO ATENDE",IF(BX43="NÃO ATENDE","NÃO ATENDE","ATENDE"))) -> ATENDE | BW43: =IF(BP43="-","-",IF(BR43>=BT43,"ATENDE",IF(BR43>=(BT43*0.99),"ATENDIMENTO LIMIAR","NÃO ATENDE"))) -> ATENDE | BX43: =IF(BP43="-","-",IF(BS43>=BU43,"ATENDE","NÃO ATENDE")) -> ATENDE | BY43: =BP43 -> P6 | BZ43: =IF(CA43="-","-",CA43/CC43-1) -> -1 | CC43: =IF(BY43="-","-",_xlfn.XLOOKUP(BY43,ABNT5101!$B$4:$B$9,ABNT5101!$C$4:$C$9)) -> 3 | CD43: =IF(BY43="-","-",_xlfn.XLOOKUP(BY43,ABNT5101!$B$4:$B$9,ABNT5101!$D$4:$D$9)) -> 0.6 | CE43: =IF(CF43="-","-",IF(CF43="NÃO ATENDE","NÃO ATENDE",IF(CG43="NÃO ATENDE","NÃO ATENDE","ATENDE"))) -> NÃO ATENDE | CF43: =IF(BY43="-","-",IF(CA43>=(CC43),"ATENDE",IF(CA43>=(0.99*CC43),"ATENDIMENTO LIMIAR","NÃO ATENDE"))) -> NÃO ATENDE | CG43: =IF(BY43="-","-",IF(CB43>=CD43,"ATENDE","NÃO ATENDE")) -> NÃO ATENDE | CH43: =_xlfn.XLOOKUP(CI43,'Banco de dados'!$B:$B,'Banco de dados'!$D:$D) -> TECNOWATT | CI43: SIGSAGPTLRRSSNDL_68W_83IBBRS | CJ43: =_xlfn.XLOOKUP(CI43,'Banco de dados'!$B:$B,'Banco de dados'!$E:$E) -> SIGSAGPTLRRSSNDL_68W_83IBBRS 1-10C1MUN6.5 | CL43: =IF(CK43="-","-",_xlfn.XLOOKUP(CK43,'Banco de dados'!$B:$B,'Banco de dados'!$E:$E)) -> #N/A | CM43: =AE43 -> 2 | CN43: =_xlfn.XLOOKUP(CI43,'Banco de dados'!$B:$B,'Banco de dados'!$H:$H) -> 68 | CO43: {=_xludf.XLOOKUP(CK43,'Banco de dados'!$B:$B,'Banco de dados'!$H:$H)} -> #NAME? | CP43: {=_xludf.XLOOKUP(CI43,'Banco de dados'!$B:$B,'Banco de dados'!$F:$F)} -> #NAME? | CQ43: {=_xludf.XLOOKUP(CK43,'Banco de dados'!$B:$B,'Banco de dados'!$F:$F)} -> #NAME? | CR43: 0 | CS43: 10 | CT43: =IF(AG43=0.5,"Suporte",IF(AND(AG43>='Braços de IP'!$B$9,AG43<='Braços de IP'!$D$9),'Braços de IP'!$E$9,IF(AND(AG43>='Braços de IP'!$B$10,AG43<='Braços de IP'!$D$10),'Braços de IP'!$E$10,IF(AND(AG43>='Braços de IP'!$B$11,AG43<='Braços de IP'!$D$11),'Braços de IP'!$E$11,IF(AND(AG43>='Braços de IP'!$B$12,AG43<='Braços de IP'!$D$12),'Braços de IP'!$E$12,IF(AND(AG43>='Braços de IP'!$B$13,AG43<='Braços de IP'!$D$13),'Braços de IP'!$E$13,IF(AND(AG43>='Braços de IP'!$B$14,AG43<='Braços de IP'!$D$14),'Braços de IP'!$E$14,"ERRO"))))))) -> ERRO | CU43: Curto I | CV43: =IF($CU43="","",VLOOKUP($CU43,'Braços de IP'!$E$9:$I$15,2,0)) -> 1.2 | CW43: =IF($CU43="","",VLOOKUP($CU43,'Braços de IP'!$E$9:$I$15,5,0)) -> 6.5 | DD43: =CN43 -> 68 | DE43: =K43 -> 100 | DF43: =SUM(DD43:DE43)*CM43 -> 336 | DG43: =1-DD43/DE43 -> 0.32 | DH43: Lucas | DK43: Sim | DN43: =((K43+L43)-CN43)/(K43+L43) -> #VALUE!
